Название авто,Рейтинг,Цена,Расположение,Год выпуска,Поколение,Пробег,История пробега,ПТС,Владельцев по ПТС,Состояние,Модификация,Объём двигателя,Тип двигателя,Коробка передач,Привод,Комплектация,Тип кузова,Цвет,Руль,VIN или номер кузова,Обмен,Усилитель руля,Управление климатом,Управление на руле,Подушки безопасности,Коленные,Боковые передние,Антиблокировка тормозов,Активная безопасность,Антипробуксовка,Распред. тормозных усилий,Обнаружение пешеходов,Кондиционер,Противоугонная система,Центральный замок,Атермальное остекление,Сигнализация,Иммобилайзер,Фронтальные,Цвет салона,Электростеклоподъемники,Помощь при вождении,Фары,Боковые задние,Электрический,Салон,Климат-контроль многозонный,Кожаный руль,Данные о ,О,Шторки,Блок. дифференциала,Климат-контроль однозонный,Мультимедиа и навигацияCD/DVD/Blu-rayMP3Bluetooth,Датчик дождя,Бортовой компьютер,Передних сидений,Электропривод,Память настроек,Гидравлический,Обслуживался у дилера,Спутник,Электрогидравлический,Обогрев,Зеркал,"Шины и диски15""",Мультимедиа и навигация,Складывания зеркал,Заднего стекла,Ткань,Круиз-контроль,Камера заднего вида,Люк,Тёмный,Передние и задние
"Honda Accord 2.4 AT, 2013, 156 000 км","4,8",1850000,"Мурманская обл., Мурманск, пр-т Ленина, 32",2013,IX (2012—2016),156 000 км,15 записей в отчёте Автотеки,Оригинал,3,Не битый,2.4 AT (180 л.с.),2.4 л,Бензин,Автомат,Передний,Executive,Седан,Серебряный,Левый,1HGC*************,Не интересует,Гидравлический,Климат-контроль многозонный,Атермальное остекление,Фронтальные,Шторки,Боковые задние,,,,,,,,,,,,,,,,,,,,,,,,,,,,,,,,,,,,,,,,,,,,,,,,
"Honda CR-V 2.0 AT, 2007, 251 000 км","4,9",1150000,"Санкт-Петербург, ул. Дыбенко, 26",2007,III (2006—2009),251 000 км,8 записей в отчёте Автотеки,,2,Не битый,2.0 4WD AT (150 л.с.),2 л,Бензин,Автомат,Полный,Elegance,Внедорожник 5-дверный,Серебряный,Левый,SHSR*************,Возможен,Гидравлический,Климат-контроль многозонный,,Фронтальные,,Активная безопасность,Курсовая устойчивость,,,,,,,,,,,,,,,,,,,,,,,,,,,,,,,,,,,,,,,,,,,,,,,
"Honda Fit 1.3 CVT, 2020, 53 600 км","5,0",1410000,"Тюменская обл., Тюмень, 2-й мкр-н",2020,GR (2019—2022),53 600 км,,Оригинал,1,Не битый,1.3 CVT (98 л.с.),1.3 л,Бензин,Вариатор,Передний,Базовая,Хетчбек 5-дверный,Серый,Правый,GR1-*******,Не интересует,,,,,,,,Антиблокировка тормозов,Курсовая устойчивость,Экстренное торможение,Управление климатом,Салон,,,,,,,,,,,,,,,,,,,,,,,,,,,,,,,,,,,,,,,,,,
"Honda Accord 2.4 MT, 2008, 162 136 км","4,9",1299099,"Санкт-Петербург, пр-т Маршала Жукова, 78",2008,VIII (2007—2011),162 136 км,11 записей в отчёте Автотеки,,2,Не битый,2.4 MT (201 л.с.),2.4 л,Бензин,Механика,Передний,,Седан,Серый,Левый,JHMC*************,Возможен,Гидравлический,Климат-контроль многозонный,,,,,,,,,,,Сигнализация,Иммобилайзер,,,,,,,,,,,,,,,,,,,,,,,,,,,,,,,,,,,,,,,,
"Honda Ridgeline 3.5 AT, 2021, 52 000 км",Отсутствует,4500000,"Московская обл., г.о. Домодедово, с. Домодедово, Песчаная ул.",2021,II рестайлинг (2021—2024),52 000 км,,Электронный,2,Не битый,3.5 4WD AT (280 л.с.),3.5 л,Бензин,Автомат,Полный,Базовая,Пикап,Белый,Левый,5FPY*************,Не интересует,Электрический,Управление на руле,,,,,,,,,,,,,Противоугонная система,Центральный замок,Спутник,,,,,,,,,,,,,,,,,,,,,,,,,,,,,,,,,,,,,
"Honda Civic 1.8 AMT, 2007, 268 000 км","4,8",690000,"Московская обл., Богородский г.о., Ногинск, ул. Кирова, 1",2007,VIII (2005—2009),268 000 км,19 записей в отчёте Автотеки,Дубликат,4+,Не битый,1.8 AMT (140 л.с.),1.8 л,Бензин,Робот,Передний,,Хетчбек 5-дверный,Синий,Левый,SHHF*************,Не интересует,Электрический,Климат-контроль однозонный,Подушки безопасности,,,,,,,,,,,,,,,Боковые передние,,,,,,,,,,,,,,,,,,,,,,,,,,,,,,,,,,,,
"Honda Breeze 1.5 CVT, 2023, 10 км",Отсутствует,4529000,"Мурманская обл., Мурманск, Кольский пр-т, 83",2023,II (2022—2024),10 км,,,1,Не битый,240T 1.5 4WD CVT (193 л.с.),1.5 л,Бензин,Вариатор,Полный,Exclusive,Внедорожник 5-дверный,Зелёный,Левый,LHGR*************,Возможен,Электрический,Кондиционер,,,,,,,,,,,Сигнализация,,,,,,,,,,,,,,,,,,,,,,,,,,,,,,,,,,,,,,,,,
"Honda Fit Shuttle 1.3 CVT, 2011, 127 000 км","4,7",1050000,"Новосибирская обл., Доволенский р-н, с. Довольное",2011,I (2011—2013),127 000 км,,Электронный,2,Не битый,1.3hyb CVT (88 л.с.),1.3 л,Гибрид,Вариатор,Передний,Базовая,Универсал,Синий,Правый,M580*****,Не интересует,Гидравлический,Климат-контроль однозонный,,,,,,,,,,,,,,,,,Светлый,Передние и задние,Камера заднего вида,Ксеноновые,,,,,,,,,,,,,,,,,,,,,,,,,,,,,,,,
"Honda e:NS1 AT, 2022 Новый",Отсутствует,2900000,"Ростовская обл., Ростов-на-Дону, ул. Мечникова, 112Б",2022,I (2022—2024),,,,,Не битый,0.0 AT (204 л.с.),,Электро,Автомат,Передний,Base,Внедорожник 5-дверный,Голубой,Левый,LVHR*************,,,,,Фронтальные,Боковые передние,,,,,,,,,,,,,,,,,,Усилитель руля,Управление климатом,,,,,,,,,,,,,,,,,,,,,,,,,,,,,,
"Honda ZR-V 1.5 CVT, 2022 Новый","5,0",4790000,"Москва, Домостроительная ул., 4с1",2022,I (2022—2024),,,Электронный,,Не битый,1.5 CVT (182 л.с.),1.5 л,Бензин,Вариатор,Передний,Base,Внедорожник 5-дверный,Синий,Левый,LHGR*************,,Электрический,Климат-контроль многозонный,,,,,,,,,,,,,,,,,,,,,,,Люк,,,,,,,,,,,,,,,,,,,,,,,,,,,,,
"Honda e:NS1 AT, 2022 Новый",Отсутствует,3599000,"Тульская обл., Тула, ул. Павшинский Мост, 2А",2022,I (2022—2024),,,Оригинал,,Не битый,0.0 AT (182 л.с.),,Электро,Автомат,Передний,Base,Внедорожник 5-дверный,Голубой,Левый,LVHR*************,,Электрический,Кондиционер,,,,,,Антиблокировка тормозов,Курсовая устойчивость,Экстренное торможение,,,,,,,,,,,,,,,,,,,,,,,,,,,,,,,,,,,,,,,,,,,,
"Honda e:NP1 AT, 2023, 50 км",Отсутствует,3250000,"Краснодарский край, Краснодар, ул. имени Дзержинского, 100",2023,I (2022—2024),50 км,,Электронный,1,Не битый,0.0 AT (204 л.с.),,Электро,Автомат,Передний,Base,Внедорожник 5-дверный,Белый,Левый,LHGR*************,Не интересует,,,,,,,,,,,,,,,,,,,,,,,,,,,,,,,,,,,,,,,,,,,,,,,,,,,,,,
"Honda CR-V 2.0 AT, 2014, 243 000 км","5,0",1770000,"Санкт-Петербург, ш. Революции, 86",2014,IV (2011—2015),243 000 км,30 записей в отчёте Автотеки,,1,Не битый,2.0 4WD AT (150 л.с.),2 л,Бензин,Автомат,Полный,Elegance,Внедорожник 5-дверный,Белый,Левый,SHSR*************,,,,,Фронтальные,Шторки,Управление климатом,,,,,,,,,,,,,,,,,,,,Салон,,,,,,,,,,,,,,,,,,,,,,,,,,,,
"Honda Civic 1.8 AMT, 2008, 158 918 км","4,8",989000,"Свердловская обл., Берёзовский г.о., Берёзовский, Берёзовский тракт, 4Б",2008,VIII рестайлинг (2008—2011),158 918 км,15 записей в отчёте Автотеки,,4+,Не битый,1.8 AMT (140 л.с.),1.8 л,Бензин,Робот,Передний,,Хетчбек 5-дверный,Красный,Левый,SHHF*************,,,,,,,,,,,,,,,,,,,,,,,,,,,,,,,,,,,,,,,,,,,,,,,,,,,,,,,
"Honda N-WGN 0.7 CVT, 2018, 35 200 км","5,0",1230000,"Краснодарский край, Сочи, Виноградная ул., 22/1Б",2018,I рестайлинг (2016—2019),35 200 км,Проверить в Автотеке,Электронный,2,Не битый,0.7 CVT (58 л.с.),0.7 л,Бензин,Вариатор,Передний,Базовая,Хетчбек 5-дверный,Белый,Правый,JH1-*******,Не интересует,Гидравлический,Климат-контроль однозонный,,Фронтальные,,,,,,,,,Центральный замок,,,,,,,,,,,,,,,,,,,,,,,,,,,,,,,,,,,,,,,,,
"Honda Fit Shuttle 1.3 CVT, 2013, 78 000 км","4,7",1249000,"Курганская обл., Курган, Чернореченская ул.",2013,I рестайлинг (2013—2015),78 000 км,Проверить в Автотеке,Электронный,1,Не битый,1.3hyb CVT (88 л.с.),1.3 л,Гибрид,Вариатор,Передний,Базовая,Универсал,Чёрный,Правый,GP23******,Не интересует,Электрический,Климат-контроль однозонный,Атермальное остекление,,,,,,,,,,Центральный замок,,,,Подушки безопасности,,,,,,,,,,,,,,,,,,,,,,,,,,,,,,,,,,,,,
"Honda Pilot 3.5 AT, 2013, 149 000 км","4,9",1999000,"Москва, 2-й Вязовский пр., 12с4",2013,II рестайлинг (2011—2015),149 000 км,20 записей в отчёте Автотеки,,2,Не битый,3.5 4WD AT (249 л.с.),3.5 л,Бензин,Автомат,Полный,Executive,Внедорожник 5-дверный,Белый,Левый,5KBY*************,Возможен,,Климат-контроль многозонный,,,,,,,,,,,Сигнализация,Иммобилайзер,,,,,,,,,,,Кожа,,Люк,,,,,,,,,,,,,,,,,,,,,,,,,,,
"Honda CR-V 2.0 AT, 2007, 216 204 км","4,9",1085000,"Санкт-Петербург, Софийская ул., 2",2007,III (2006—2009),216 204 км,16 записей в отчёте Автотеки,,3,Не битый,2.0 AT (150 л.с.),2 л,Бензин,Автомат,Передний,Базовая,Внедорожник 5-дверный,Серый,Левый,SHSR*************,Возможен,,Климат-контроль многозонный,,,,,,,,,,,,,,Центральный замок,,,,,,,,,Кожа,,Противоугонная система,,,,,,,,,,,,,,,,,,,,,,,,,,,
"Honda Freed 1.5 CVT, 2010, 54 000 км","4,8",1350000,"Краснодарский край, Краснодар, Российская ул., 131/1",2010,I (2008—2016),54 000 км,,Электронный,1,Не битый,1.5 CVT (118 л.с.),1.5 л,Бензин,Вариатор,Передний,Базовая,Минивэн,Белый,Правый,GB3-*******,,,,,,,,,,,,,,,,,,,,,,,,,,,,,Т,Есть сервисная книжка,,,,,,,,,,,,,,,,,,,,,,,,,
"Honda CR-V 2.0 AT, 2014, 324 142 км","5,0",1795000,"Тюменская обл., Тюмень, Окружная дорога, 11-й километр, 6",2014,IV (2011—2015),324 142 км,12 записей в отчёте Автотеки,,4+,Не битый,2.0 4WD AT (150 л.с.),2 л,Бензин,Автомат,Полный,Lifestyle,Внедорожник 5-дверный,Серый,Левый,SHSR*************,,,Климат-контроль многозонный,,,,,,,,,,,,,,,,Коленные,,,,,,,Ткань,,Подушки безопасности,,,Боковые передние,,,,,,,,,,,,,,,,,,,,,,,,
"Honda N-WGN 0.7 CVT, 2017, 115 000 км","5,0",979000,"Санкт-Петербург, пр-т Просвещения, 53к1",2017,I рестайлинг (2016—2019),115 000 км,3 записи в отчёте Автотеки,Электронный,1,Не битый,0.7 4WD CVT (58 л.с.),0.7 л,Бензин,Вариатор,Полный,Базовая,Хетчбек 5-дверный,Серый,Правый,JH2-*******,,Электрогидравлический,Климат-контроль однозонный,,,,,,Антиблокировка тормозов,Курсовая устойчивость,Экстренное торможение,,,,,,,,,Светлый,,,,,,,,,,,,Обнаружение пешеходов,,,,,,,,,,,,,,,,,,,,,,,
"Honda CR-V 2.2 MT, 2008, 326 000 км","4,9",1320000,"Смоленская обл., Смоленск, ул. Ленина",2008,III (2006—2009),326 000 км,9 записей в отчёте Автотеки,Оригинал,1,Не битый,2.2 D 4WD MT (140 л.с.),2.2 л,Дизель,Механика,Полный,Базовая,Внедорожник 5-дверный,Чёрный,Левый,SHSR*************,Не интересует,Гидравлический,Кондиционер,,Фронтальные,,,,,,,,,,,,,,,,,,,,,,,,,,,,,,,,,,,,,,,,,,,,,,,,,,
"Honda CR-V 2.0 AT, 2011, 169 000 км","4,9",2000000,"Нижегородская обл., Нижний Новгород, Канавинский район, жилой район Мещерское Озеро, Пролетарская ул., 3",2011,III рестайлинг (2009—2012),169 000 км,8 записей в отчёте Автотеки,Оригинал,1,Не битый,2.0 4WD AT (150 л.с.),2 л,Бензин,Автомат,Полный,Lifestyle,Внедорожник 5-дверный,Белый,Левый,SHSR*************,Не интересует,Гидравлический,Климат-контроль многозонный,Подушки безопасности,,,,,,,,,,,,,,,Коленные,,,,,,,,,,,,,,,,,,,,,,,,,,,,,,,,,,,,
"Honda N-BOX 0.7 CVT, 2018, 112 000 км","5,0",1129000,"Москва, Ленинградское ш. (дублёр)",2018,II (2017—2020),112 000 км,,Электронный,1,Не битый,0.7 CVT (58 л.с.),0.7 л,Бензин,Вариатор,Передний,Базовая,Хетчбек 5-дверный,Серый,Правый,JF3-*******,Не интересует,,,,,,,,,,,,,,,,,,,,,,,,,,,,,,,,,,,,,,,,,,,,,,,,,,,,,,
"Honda Crosstour 2.4 AT, 2014, 196 544 км","5,0",1688000,"Московская обл., Люберцы, Новорязанское ш., 1Г",2014,I рестайлинг (2012—2015),196 544 км,18 записей в отчёте Автотеки,,4+,Не битый,2.4 AT (191 л.с.),2.4 л,Бензин,Автомат,Передний,Executive,Внедорожник 5-дверный,Коричневый,Левый,1HGT*************,,,Климат-контроль многозонный,,,,,,,,,,,Сигнализация,Иммобилайзер,,,,,,,,,,,Кожа,,Люк,,,,,,,,,,,,,,,,,,,,,,,,,,,
"Honda Crosstour 3.5 AT, 2012, 270 000 км","5,0",1200000,"Санкт-Петербург, Белоостровская ул., 10к1",2012,I (2009—2012),270 000 км,14 записей в отчёте Автотеки,Оригинал,3,Не битый,3.5 4WD AT (275 л.с.),3.5 л,Бензин,Автомат,Полный,,Внедорожник 5-дверный,Чёрный,Левый,1HGT*************,Возможен,,,,,,,,,,,,,,,,,,,,,,,,,,,,,,,,,,,,,,,,,,,,,,,,,,,,,,
"Honda CR-V 2.4 AT, 2012, 186 000 км","5,0",1790000,"Ставропольский край, Ставрополь, пр-т Кулакова, 26А/2",2012,IV (2011—2015),186 000 км,8 записей в отчёте Автотеки,,2,Не битый,2.4 4WD AT (190 л.с.),2.4 л,Бензин,Автомат,Полный,Elegance,Внедорожник 5-дверный,Серый,Левый,2HKR*************,,,,,Фронтальные,Шторки,Управление климатом,,,,,,,,,,,,,,,,,,,,Салон,,,,,,,,,,,,,,,,,,,,,,,,,,,,
"Honda Stream 1.8 AT, 2011, 108 000 км","5,0",1559000,"Свердловская обл., Екатеринбург, Кольцевая ул., 39А",2011,II рестайлинг (2009—2014),108 000 км,,Электронный,1,Не битый,1.8 AT (140 л.с.),1.8 л,Бензин,Автомат,Передний,Базовая,Минивэн,Чёрный,Правый,RN6-*******,,,,,,,,,,,,,,,,,,,,,,,,,,,,,,,,,,,,,,,,,,,,,,,,,,,,,,,
"Honda N-WGN 0.7 CVT, 2019, 41 400 км","5,0",990000,"Московская обл., Красногорск, Павшинский б-р",2019,I рестайлинг (2016—2019),41 400 км,2 записи в отчёте Автотеки,Электронный,1,Не битый,0.7 CVT (58 л.с.),0.7 л,Бензин,Вариатор,Передний,Базовая,Хетчбек 5-дверный,Серебряный,Правый,JH1-*******,Не интересует,,Климат-контроль однозонный,,Фронтальные,,,,,,,,,,,,,,,Светлый,,,,,,,,,,,Боковые передние,,,,,,,,,,,,,,,,,,,,,,,,
"Honda N-BOX 0.7 CVT, 2019, 130 000 км","5,0",1350000,"Тульская обл., Тула, Щёкинское ш.",2019,II (2017—2020),130 000 км,,Электронный,1,Не битый,0.7 4WD CVT (58 л.с.),0.7 л,Бензин,Вариатор,Полный,Базовая,Хетчбек 5-дверный,Зелёный,Правый,JF4-*******,Возможен,Электрический,Климат-контроль однозонный,,,,,,Антиблокировка тормозов,Курсовая устойчивость,Экстренное торможение,,,,,,,,,,,,,,,Велюр,,,,,,Обнаружение пешеходов,,,,,,,,,,,,,,,,,,,,,,,
"Honda e:NS1 AT, 2022, 3 752 км",Отсутствует,3049000,"Ростовская обл., Аксайский р-н, Аксайское городское поселение, Аксай, Аксайский пр-т, 19",2022,I (2022—2024),3 752 км,Проверить в Автотеке,,1,Не битый,0.0 AT (204 л.с.),,Электро,Автомат,Передний,Base,Внедорожник 5-дверный,Белый,Левый,LVHR*************,,Гидравлический,Климат-контроль многозонный,,,,,,,,,,,Сигнализация,Иммобилайзер,,,,,,,,,,,,,,,,,,,,,,,,,,,,,,,,,,,,,,,,
"Honda e:NS1 AT, 2023, 50 км",Отсутствует,2990000,"Краснодарский край, Краснодар, ул. имени Дзержинского, 100",2023,I (2022—2024),50 км,,Электронный,1,Не битый,0.0 AT (204 л.с.),,Электро,Автомат,Передний,Base,,Белый,Левый,LVHR*************,Не интересует,,,,,,,,,,,,,,,,,,,,,,,,,,,,,,,,,,,,,,,,,,,,,,,,,,,,,,
"Honda Freed 1.5 CVT, 2011, 119 592 км","4,8",1350000,"Московская обл., г.о. Химки, д. Подолино, мкр-н Велтон Парк Новая Сходня, Беговая ул., 12",2011,I (2008—2016),119 592 км,,Электронный,1,Не битый,1.5 CVT (118 л.с.),1.5 л,Бензин,Вариатор,Передний,,Минивэн,Бордовый,Правый,GB3-*******,Не интересует,Электрический,Климат-контроль однозонный,,Фронтальные,,,,Антиблокировка тормозов,,,,,,,,,,,,,,,,,,,,,,Боковые передние,,,,,,,,,,,,,,,,,,,,,,,,
"Honda Accord 2.4 AT, 2006, 199 000 км","4,9",859000,"Кировская обл., Киров, ул. Мира, 39",2006,VII (2002—2006),199 000 км,10 записей в отчёте Автотеки,Оригинал,3,Не битый,2.4 AT (190 л.с.) Type S,2.4 л,Бензин,Автомат,Передний,Базовая,Седан,Серый,Левый,JHMC*************,Возможен,,,,,,,,,,,,,,,,,,,,,,,,,,,,,,,,,,,,,,,,,,,,,,,,,,,,,,
"Honda Civic 1.3 MT, 2007, 305 000 км","4,8",750000,"Республика Татарстан, Азнакаевский р-н, муниципальное образование Азнакаево, Азнакаево, ул. Шайхутдинова, 12Б",2007,VIII (2005—2009),305 000 км,8 записей в отчёте Автотеки,,3,Не битый,1.3 MT (83 л.с.),1.3 л,Бензин,Механика,Передний,Базовая,Хетчбек 5-дверный,Синий,Левый,SHHF*************,,,,,,,,,,,,,,,,,,,,,,,,,,,,,,,,,,,,,,,,,,,,,,,,,,,,,,,
"Honda Civic 1.8 AT, 2007, 178 000 км","4,9",773000,"Республика Татарстан, Набережные Челны, Казанский пр-т, 112/2",2007,VIII (2005—2009),178 000 км,12 записей в отчёте Автотеки,,4+,Не битый,1.8 AT (140 л.с.),1.8 л,Бензин,Автомат,Передний,Elegancе,Седан,Синий,Левый,JHMF*************,,,,,,,,,,,,,Салон,Центральный замок,,,,Управление климатом,,,,Бортовой компьютер,,,,,,,,,,,,,,,,,,,,,,,,,,,,,,,,,
"Honda Civic 1.8 AT, 2007, 275 446 км","4,9",749700,"Воронежская обл., Воронеж, ул. Независимости, 84А",2007,VIII (2005—2009),275 446 км,11 записей в отчёте Автотеки,,4+,Не битый,1.8 AT (140 л.с.),1.8 л,Бензин,Автомат,Передний,,Седан,Золотой,Левый,JHMF*************,Возможен,,,,,,,,,,,,,Центральный замок,,,,Управление климатом,,,,Бортовой компьютер,,,,,,,,,,,Салон,,,,,,,,,,,,,,,,,,,,,,
"Honda Civic 1.8 AT, 2010, 240 000 км","4,8",1000000,"Мурманская обл., Североморск, Инженерная ул., 7",2010,VIII рестайлинг (2008—2011),240 000 км,4 записи в отчёте Автотеки,Дубликат,4+,Не битый,1.8 AT (140 л.с.),1.8 л,Бензин,Автомат,Передний,Executive,Седан,Голубой,Левый,NLAF*************,Не интересует,Электрический,Климат-контроль однозонный,Противоугонная система,,,,,,,,,,,Иммобилайзер,,,,,,,,,,,,,,,,,,,,,,,,,,,,,,,,,,,,,,,,
"Honda CR-V 1.5 CVT, 2022, 21 000 км","5,0",3610000,"Краснодарский край, Краснодар, ул. имени Героя Георгия Бочарникова, 16",2022,V рестайлинг (2019—2024),21 000 км,,Электронный,1,Не битый,1.5 4WD CVT (190 л.с.),1.5 л,Бензин,Вариатор,Полный,Base,Внедорожник 5-дверный,Серый,Левый,2HKR*************,Возможен,Электрический,Климат-контроль многозонный,Атермальное остекление,,,,,,,,,,Сигнализация,,,,,,,,,,,,,,,,,,,,,,,,,,,,,,,,,,,,,,,,,
"Honda CR-V 2.0 AT, 2005, 330 500 км","4,9",1150000,"Воронежская обл., Воронеж, ул. Космонавтов, 6",2005,II рестайлинг (2004—2006),330 500 км,7 записей в отчёте Автотеки,,3,Не битый,2.0 4WD AT (150 л.с.),2 л,Бензин,Автомат,Полный,Базовая,Внедорожник 5-дверный,Серый,Левый,SHSR*************,Возможен,,,,,,,,Антиблокировка тормозов,,,,,Центральный замок,,,,,,,,,Противотуманные,,,,,,,,,,,Помощь при вождении,Датчик света,Обогрев,Зеркал,Зеркал,,,,,,,,,,,,,,,,,
"Honda CR-V 2.0 AT, 2008, 200 000 км","4,9",1300000,"Москва, Липецкая ул.",2008,III (2006—2009),200 000 км,12 записей в отчёте Автотеки,Оригинал,4+,Не битый,2.0 4WD AT (150 л.с.),2 л,Бензин,Автомат,Полный,Elegance,Внедорожник 5-дверный,Чёрный,Левый,SHSR*************,,,,,,,,,,,,,,,,,,,,,,,,,,,,,,,,,,,,,,,,,,,,,,,,,,,,,,,
"Honda Accord 2.0 MT, 2007, 360 000 км","4,7",800000,"Севастополь, ул. Хрусталёва, 109",2007,VII рестайлинг (2005—2008),360 000 км,19 записей в отчёте Автотеки,,4+,Не битый,2.0 MT (155 л.с.),2 л,Бензин,Механика,Передний,Базовая,Седан,Чёрный,Левый,JHMC*************,Возможен,,,,,,,,,,,,,Сигнализация,,,,Усилитель руля,,,,,,,,,,,,,,,,,,,,,Зеркал,Управление климатом,,,,,,,,,,,,,,,
"Honda Pilot 3.5 AT, 2008, 187 583 км","4,6",1000000,"Москва, ул. Скульптора Мухиной, 18",2008,II (2008—2011),187 583 км,9 записей в отчёте Автотеки,Оригинал,1,Не битый,3.5 4WD AT (257 л.с.),3.5 л,Бензин,Автомат,Полный,Executive,Внедорожник 5-дверный,Чёрный,Левый,5FNY*************,,,,,,,,,,,,,,,,,,,,,,,,,,,,,Т,Есть сервисная книжка,,,,,,,,,,,На гарантии,,,,,,,,,,,,,,
"Honda CR-V 2.0 AT, 2012, 181 000 км","5,0",2029000,"Тюменская обл., Тюмень, Московский тракт, 320",2012,IV (2011—2015),181 000 км,10 записей в отчёте Автотеки,,3,Не битый,2.0 4WD AT (150 л.с.),2 л,Бензин,Автомат,Полный,Elegance,Внедорожник 5-дверный,Чёрный,Левый,SHSR*************,,Гидравлический,Климат-контроль многозонный,,,,,,,,,,,Сигнализация,Иммобилайзер,,,,,,,,,,,,,,,,,,,,,,,,,,,,,,,,,,,,,,,,
"Honda Civic 1.8 MT, 2008, 250 000 км","4,8",685000,"Республика Татарстан, Альметьевский р-н, муниципальное образование Альметьевск, Альметьевск, Геофизическая ул., 1В",2008,VIII рестайлинг (2008—2011),250 000 км,19 записей в отчёте Автотеки,,3,Не битый,1.8 MT (140 л.с.),1.8 л,Бензин,Механика,Передний,Базовая,Седан,Чёрный,Левый,NLAF*************,,,,,,,,,,,,,,,,,,,,,,,,,,,,,,,,,,,,,,,,,,,,,,,,,,,,,,,
"Honda Stepwgn 1.5 CVT, 2018, 110 000 км","4,8",3500000,"Тюменская обл., Тюмень, Ленинский округ",2018,V рестайлинг (2017—2022),110 000 км,,Электронный,1,Не битый,1.5 CVT (150 л.с.) Spada,1.5 л,Бензин,Вариатор,Передний,Базовая,Минивэн,Белый,Правый,RP3-*******,Не интересует,,,,,,,,,,,,,Сигнализация,Иммобилайзер,,,,,,,,,,,,,,,,,,,,,,,,,,,Усилитель руля,Управление климатом,,,,,,,,,,,,
"Honda Civic 1.8 AT, 2007, 140 000 км","4,9",719000,"Москва, ул. Покрышкина, 4",2007,VIII (2005—2009),140 000 км,14 записей в отчёте Автотеки,,3,Не битый,1.8 AT (140 л.с.),1.8 л,Бензин,Автомат,Передний,Executive,Седан,Синий,Левый,JHMF*************,Возможен,,Климат-контроль однозонный,,Фронтальные,,Активная безопасность,Курсовая устойчивость,,,,,,,,,,,,,,,,,,Ткань,,,,,,,,,,,,,,,,,,,,,,,,,,,,,
"Honda e:NS1 AT, 2022, 91 км",Отсутствует,3080000,"Ставропольский край, Ставрополь, ул. Южный Обход, 57",2022,I (2022—2024),91 км,Проверить в Автотеке,,1,Не битый,0.0 AT (204 л.с.),,Электро,Автомат,Передний,Base,Внедорожник 5-дверный,Белый,Левый,LVHR*************,,Гидравлический,Климат-контроль многозонный,,,,,,,,,,,Центральный замок,,,,Подушки безопасности,Боковые передние,,,,,,,,,,,,,,,,,,,,,,,,,,,,,,,,,,,,
"Honda Accord 2.0 AT, 2011, 109 290 км","4,8",1495000,"Москва, Дмитровское ш., 163Ак1",2011,VIII рестайлинг (2011—2013),109 290 км,6 записей в отчёте Автотеки,,1,Не битый,2.0 AT (156 л.с.),2 л,Бензин,Автомат,Передний,Базовая,Седан,Серебряный,Левый,JHMC*************,,,Климат-контроль многозонный,,,,,,,,,,,Центральный замок,,,,Подушки безопасности,,,,,,,,,,,,,,,,,,,,,,,,,,Передних сидений,Заднего стекла,,,,,,,,,,
"Honda CR-V 2.4 AT, 2011, 174 000 км","4,9",1699000,"Кировская обл., Киров, ул. Сурикова, 16",2011,III рестайлинг (2009—2012),174 000 км,5 записей в отчёте Автотеки,Оригинал,2,Не битый,2.4 i-VTEC AT (166 л.с.),2.4 л,Бензин,Автомат,Полный,Sport,Внедорожник 5-дверный,Красный,Левый,5J6R*************,Не интересует,,,,,,,,,,,,,,,,,,,,,,,,,,,,,,,,,,,,,,,,,,,,,,,,,,,,,,
"Honda Civic 1.7 CVT, 2001, 224 000 км","4,9",470000,"Краснодарский край, Новороссийск, Южный район",2001,VII (2000—2003),224 000 км,11 записей в отчёте Автотеки,Дубликат,3,Не битый,1.7 CVT (130 л.с.),1.7 л,Бензин,Вариатор,Передний,Базовая,Седан,Синий,Правый,JHME*************,Возможен,Гидравлический,Климат-контроль однозонный,,,,,,Антиблокировка тормозов,,,,,,,,,,,,,,,,,,,,,,,,,,,,,,,,,,,,,,,,,,,,,,
"Honda Civic 1.8 AT, 2007, 130 000 км","4,9",925000,"Республика Татарстан, Казань, ул. Ноксинский Спуск, 26",2007,VIII (2005—2009),130 000 км,7 записей в отчёте Автотеки,Оригинал,3,Не битый,1.8 AT (140 л.с.),1.8 л,Бензин,Автомат,Передний,Elegancе,Седан,Синий,Левый,JHMF*************,Не интересует,Гидравлический,Климат-контроль многозонный,,Фронтальные,Шторки,,,,,,,,Сигнализация,,,,,,,,,,,,,,,,,,,,,,,,,,,,,,,,,,,,,,,,,
"Honda Civic 1.8 AMT, 2008, 247 788 км","4,8",760000,"Нижегородская обл., Нижний Новгород, Ракетная ул.",2008,VIII рестайлинг (2008—2011),247 788 км,19 записей в отчёте Автотеки,Оригинал,4+,Не битый,1.8 AMT (140 л.с.),1.8 л,Бензин,Робот,Передний,Executive,Хетчбек 5-дверный,Красный,Левый,SHHF*************,Не интересует,Электрогидравлический,Климат-контроль многозонный,Атермальное остекление,,,,,,,,,,Сигнализация,Иммобилайзер,,,,,,,,,,,,,,,,,,,,,,,,,,,,,,,,,,,,,,,,
"Honda City 1.5 AT, 2009, 211 038 км",Отсутствует,800000,"Республика Татарстан, Казань, ул. Галии Кайбицкой, 15",2009,V (2008—2014),211 038 км,9 записей в отчёте Автотеки,,2,Не битый,1.5 AT (120 л.с.),1.5 л,Бензин,Автомат,Передний,Базовая,Седан,Синий,Левый,MRHG*************,Не интересует,Гидравлический,Кондиционер,,,,,,,,,,,Сигнализация,,,,,,,,,Светодиодные,,,Кожаный руль,,,,,,,,,,,,,,,,,,,,Зимние шины в комплекте,РадиоUSBAUX,,,,,,,,
"Honda CR-V 2.4 AT, 2008, 261 219 км","4,9",1450000,"Москва, Иркутская ул., 5/6с1",2008,III (2006—2009),261 219 км,23 записи в отчёте Автотеки,,4+,Не битый,2.4 4WD AT (166 л.с.),2.4 л,Бензин,Автомат,Полный,,Внедорожник 5-дверный,Белый,Левый,SHSR*************,Возможен,,,,,,,,Антиблокировка тормозов,Курсовая устойчивость,,,,,,,,,,,,,,,,,,,,,,,,,,,,Зеркал,,,,,,Зеркал,,,,,,,,,,,
"Honda CR-V 2.4 AT, 2010, 257 000 км","4,9",1648000,"Ростовская обл., Новочеркасск, Баклановский пр-т, 120",2010,III рестайлинг (2009—2012),257 000 км,15 записей в отчёте Автотеки,Оригинал,3,Не битый,2.4 i-VTEC AT (166 л.с.),2.4 л,Бензин,Автомат,Полный,Executive,Внедорожник 5-дверный,Синий,Левый,SHSR*************,Не интересует,,,,,,,,,,,,,,,,,,,,,,,,,,,,,,,,,,,,,,,,,,,,,,,,,,,,,,
"Honda Civic 1.3 CVT, 2009, 180 000 км","4,8",800000,"Краснодарский край, Крымский р-н, Крымское городское поселение, Крымск, Огородная ул., 30",2009,VIII рестайлинг (2008—2011),180 000 км,14 записей в отчёте Автотеки,Дубликат,4+,Не битый,1.3 Hybrid CVT (95 л.с.),1.3 л,Гибрид,Вариатор,Передний,Elegance,Седан,Чёрный,Левый,JHMF*************,Не интересует,Электрический,Климат-контроль однозонный,Атермальное остекление,,,,,,,,,,Сигнализация,Иммобилайзер,,,,,,,,,,,,,,,,,,,,,,,,,,,,,,,,,,,,,,,,
"Honda CR-V 1.5 CVT, 2022, 23 700 км","5,0",3450000,"Краснодарский край, Краснодар, ул. Григория Булгакова, 6",2022,V (2016—2022),23 700 км,2 записи в отчёте Автотеки,Электронный,1,Не битый,1.5 CVT (192 л.с.),1.5 л,Бензин,Вариатор,Передний,EX-L,Внедорожник 5-дверный,Серебряный,Левый,5J6R*************,Возможен,,,,,,,,,,,,,,,,,,,,,,,,,,,,,,,,,,,,,,,,,,,,,,,,,,,,,,
"Honda CR-V 2.0 AT, 2011, 169 000 км","4,9",2000000,"Нижегородская обл., Нижний Новгород, Канавинский район, жилой район Мещерское Озеро, Пролетарская ул., 3",2011,III рестайлинг (2009—2012),169 000 км,8 записей в отчёте Автотеки,Оригинал,1,Не битый,2.0 4WD AT (150 л.с.),2 л,Бензин,Автомат,Полный,Lifestyle,Внедорожник 5-дверный,Белый,Левый,SHSR*************,Не интересует,Гидравлический,Климат-контроль многозонный,Подушки безопасности,,,,,,,,,,,,,,,Коленные,,,,,,,,,,,,,,,,,,,,,,,,,,,,,,,,,,,,
"Honda Civic 1.8 AT, 2007, 130 000 км","4,9",925000,"Республика Татарстан, Казань, ул. Ноксинский Спуск, 26",2007,VIII (2005—2009),130 000 км,7 записей в отчёте Автотеки,Оригинал,3,Не битый,1.8 AT (140 л.с.),1.8 л,Бензин,Автомат,Передний,Elegancе,Седан,Синий,Левый,JHMF*************,Не интересует,Гидравлический,Климат-контроль многозонный,,Фронтальные,Шторки,,,,,,,,Сигнализация,,,,,,,,,,,,,,,,,,,,,,,,,,,,,,,,,,,,,,,,,
"Honda Airwave 1.5 CVT, 2008, 49 000 км","5,0",1150000,"Краснодарский край, Анапа, пл. Советов",2008,GJ рестайлинг (2008—2010),49 000 км,Проверить в Автотеке,Оригинал,1,Не битый,1.5 CVT (110 л.с.),1.5 л,Бензин,Вариатор,Передний,Базовая,Универсал,Голубой,Правый,GJ1-*******,Не интересует,Электрический,Климат-контроль однозонный,Атермальное остекление,Фронтальные,,,,,,,,,,,,,,,,,,,,,,,,,,,,,,,,,,,,,,,,,,,,,,,,,,
"Honda Elysion 2.4 AT, 2010, 154 000 км","4,8",819000,"Республика Ингушетия, Сунжа, ул. Висаитова",2010,I рестайлинг (2006—2013),154 000 км,,Оригинал,1,Не битый,2.4 4WD AT (160 л.с.),2.4 л,Бензин,Автомат,Полный,Базовая,Минивэн,Белый,Правый,RR2-*******,Не интересует,Электрический,Климат-контроль многозонный,Атермальное остекление,,,,,,,,,,Сигнализация,,,,Спутник,,,,,,,,,,,,,,,,,,,,,,,,,,,,,,,,,,,,,
"Honda Civic 1.8 MT, 2007, 204 700 км","4,8",598070,"Воронежская обл., Воронеж, ул. Изыскателей, 23",2007,VIII (2005—2009),204 700 км,16 записей в отчёте Автотеки,,4+,Не битый,1.8 MT (140 л.с.),1.8 л,Бензин,Механика,Передний,Sport,Хетчбек 5-дверный,Серый,Левый,SHHF*************,Возможен,,,,,,,,,,,,,,,,,,,,,,,,,,,,,,,,,,,,,,,,,,,,,,,,,,,,,,
"Honda Civic 1.8 MT, 2007, 229 000 км","4,8",750000,"Республика Крым, Симферополь, Севастопольская ул.",2007,VIII (2005—2009),229 000 км,12 записей в отчёте Автотеки,,4+,Не битый,1.8 MT (140 л.с.),1.8 л,Бензин,Механика,Передний,,Хетчбек 5-дверный,Чёрный,Левый,SHHF*************,Не интересует,,,,,,,,,,,,,,,,,,,,Передние и задние,,,,Управление климатом,,,,,,,,Цвет салона,,,,Зеркал,Зеркал,,,,,,,,,,Обогрев,Усилитель руля,,,,,,
"Honda CR-V 2.4 AT, 2011, 174 000 км","4,9",1699000,"Кировская обл., Киров, ул. Сурикова, 16",2011,III рестайлинг (2009—2012),174 000 км,5 записей в отчёте Автотеки,Оригинал,2,Не битый,2.4 i-VTEC AT (166 л.с.),2.4 л,Бензин,Автомат,Полный,Sport,Внедорожник 5-дверный,Красный,Левый,5J6R*************,Не интересует,,,,,,,,,,,,,,,,,,,,,,,,,,,,,,,,,,,,,,,,,,,,,,,,,,,,,,
"Honda Civic 1.8 AT, 2008, 240 000 км","4,9",1090000,"Москва, Восточный административный округ, район Ивановское",2008,VIII (2005—2009),240 000 км,Проверить в Автотеке,Оригинал,2,Не битый,1.8 AT (140 л.с.),1.8 л,Бензин,Автомат,Передний,,Седан,Чёрный,Левый,JHMF*************,Не интересует,,,,,,,,,,,,,,,,,,,,,,,,,,,,,,,,,,,,,,,,,,,,,,,,,,,,,,
"Honda Civic 1.8 AT, 2007, 245 000 км","4,9",630000,"Нижегородская обл., Нижний Новгород, Автозаводский район, мкр-н Мончегорский, Мончегорская ул., 3к1",2007,VIII (2005—2009),245 000 км,27 записей в отчёте Автотеки,Дубликат,1,Не битый,1.8 AT (140 л.с.),1.8 л,Бензин,Автомат,Передний,Elegancе,Седан,Синий,Левый,JHMF*************,Не интересует,,,,,,,,,,,,,Центральный замок,,,,Подушки безопасности,Усилитель руля,,,,,,Управление климатом,,,,,,,,,,,,,,,,,,,,,,,,,,,,,,
"Honda City 1.5 AT, 2001, 270 000 км","5,0",245000,"Краснодарский край, Динской р-н, Динское сельское поселение, станица Динская, Садовая ул., 16",2001,III (1996—2002),270 000 км,7 записей в отчёте Автотеки,Дубликат,3,Не битый,1.5 AT (115 л.с.),1.5 л,Бензин,Автомат,Передний,Базовая,Седан,Золотой,Правый,MRH3*************,Не интересует,,,,,,,,,,,,,Сигнализация,Салон,,,,,,Передние и задние,,,,,,,,,,,,,,,,,,,Управление климатом,,,,,,,,,,Усилитель руля,,,,,
"Honda e:NS1 AT, 2023, 20 км",Отсутствует,3550000,"Пензенская обл., Пенза, ул. Суворова, 3А",2023,I (2022—2024),20 км,,Электронный,1,Не битый,0.0 AT (204 л.с.),,Электро,Автомат,Передний,Base,Внедорожник 5-дверный,Голубой,Левый,LVHR*************,Не интересует,Электрический,Климат-контроль многозонный,Подушки безопасности,,,,,,,,,,,,,,,Шторки,,,,,,,,,,,,,,,,,,,,,,,,,,,,,,,,,,,,
"Honda Civic 1.8 AMT, 2008, 158 918 км","4,8",989000,"Свердловская обл., Берёзовский г.о., Берёзовский, Берёзовский тракт, 4Б",2008,VIII рестайлинг (2008—2011),158 918 км,15 записей в отчёте Автотеки,,4+,Не битый,1.8 AMT (140 л.с.),1.8 л,Бензин,Робот,Передний,,Хетчбек 5-дверный,Красный,Левый,SHHF*************,,,,,,,,,,,,,,,,,,,,,,,,,,,,,,,,,,,,,,,,,,,,,,,,,,,,,,,
"Honda e:NS1 AT, 2022, 91 км",Отсутствует,3080000,"Ставропольский край, Ставрополь, ул. Южный Обход, 57",2022,I (2022—2024),91 км,Проверить в Автотеке,,1,Не битый,0.0 AT (204 л.с.),,Электро,Автомат,Передний,Base,Внедорожник 5-дверный,Белый,Левый,LVHR*************,,Гидравлический,Климат-контроль многозонный,,,,,,,,,,,Центральный замок,,,,Подушки безопасности,Боковые передние,,,,,,,,,,,,,,,,,,,,,,,,,,,,,,,,,,,,
"Honda Civic 1.7 MT, 2003, 180 000 км","4,9",430000,"Москва, Новочеркасский б-р, вл5",2003,VII (2000—2003),180 000 км,9 записей в отчёте Автотеки,Оригинал,3,Не битый,1.7 MT (125 л.с.),1.7 л,Бензин,Механика,Передний,Базовая,Седан,Чёрный,Левый,1HGE*************,Не интересует,Электрогидравлический,Кондиционер,,,,,,,,,,,Сигнализация,Иммобилайзер,,,,,,,,,,,,,,,,,,,,,,,,,,,,,,,,,,,,,,,,
"Honda Accord 2.4 AT, 2007, 400 000 км","4,7",725000,"Санкт-Петербург, Пушкинский р-н, пос. Шушары, территория Славянка, Ростовская ул.",2007,VII рестайлинг (2005—2008),400 000 км,11 записей в отчёте Автотеки,Дубликат,4+,Не битый,2.4 AT (190 л.с.) Type S,2.4 л,Бензин,Автомат,Передний,Базовая,Седан,Коричневый,Левый,JHMC*************,Не интересует,,,,,,,,,,,,,,,,,,,,,,,,,,,,,,,,,,,,,,,,,,,,,,,,,,,,,,
"Honda Shuttle 1.5 CVT, 2018, 51 000 км","4,9",1809000,"Краснодарский край, Анапа, пл. Советов",2018,II (2015—2019),51 000 км,,Электронный,1,Не битый,1.5 CVT (132 л.с.),1.5 л,Бензин,Вариатор,Передний,Базовая,Универсал,Белый,Правый,GK9-*******,Возможен,Электрический,Климат-контроль однозонный,Атермальное остекление,,,,,,,,,,Центральный замок,,,,,,,,,,,,,,,,,,,,,,,,,,,,,,,,,,,,,,,,,
"Honda e:NP1 AT, 2023, 50 км",Отсутствует,3250000,"Краснодарский край, Краснодар, ул. имени Дзержинского, 100",2023,I (2022—2024),50 км,,Электронный,1,Не битый,0.0 AT (204 л.с.),,Электро,Автомат,Передний,Base,Внедорожник 5-дверный,Белый,Левый,LHGR*************,Не интересует,,,,,,,,,,,,,,,,,,,,,,,,,,,,,,,,,,,,,,,,,,,,,,,,,,,,,,
"Honda Freed 1.5 CVT, 2011, 119 592 км","4,8",1350000,"Московская обл., г.о. Химки, д. Подолино, мкр-н Велтон Парк Новая Сходня, Беговая ул., 12",2011,I (2008—2016),119 592 км,,Электронный,1,Не битый,1.5 CVT (118 л.с.),1.5 л,Бензин,Вариатор,Передний,,Минивэн,Бордовый,Правый,GB3-*******,Не интересует,Электрический,Климат-контроль однозонный,,Фронтальные,,,,Антиблокировка тормозов,,,,,,,,,,,,,,,,,,,,,,Боковые передние,,,,,,,,,,,,,,,,,,,,,,,,
"Honda Freed 1.5 AMT, 2018, 72 000 км","5,0",1890000,"Краснодарский край, Сочи, мкр-н КСМ, Кипарисовая ул., 16",2018,II (2016—2019),72 000 км,,,1,Не битый,1.5 Hybrid 4WD AMT (110 л.с.),1.5 л,Гибрид,Робот,Полный,Базовая,Минивэн,Серый,Правый,GB8-********,,,,,,,,,Антиблокировка тормозов,,,,,Сигнализация,Иммобилайзер,,,,,,,Камера заднего вида,,,,,,,,,,,,,,,,,,,,,,,,,,,,,Бортовой компьютер,,,,
"Honda Civic 1.8 AT, 2006, 213 258 км","4,9",540000,"Владимирская обл., Владимир, Суздальский пр-т, 28",2006,VIII (2005—2009),213 258 км,14 записей в отчёте Автотеки,Дубликат,4+,Не битый,1.8 AT (140 л.с.),1.8 л,Бензин,Автомат,Передний,,Седан,Синий,Левый,JHMF*************,Не интересует,Электрический,Кондиционер,,Фронтальные,,,,,,,,,,,,,,,,,,,,,,,,,,,,,,,,,,,,,,,,,,,,,,,,,,
"Honda CR-V 2.0 MT, 2004, 247 500 км","4,7",800000,"Псковская обл., Себежский р-н, муниципальное образование Идрица, рп. Идрица, ул. Ленина",2004,II (2001—2004),247 500 км,9 записей в отчёте Автотеки,Дубликат,2,Не битый,2.0 4WD MT (150 л.с.),2 л,Бензин,Механика,Полный,Базовая,Внедорожник 5-дверный,Серебряный,Левый,SHSR*************,Не интересует,,,,,,,,,,,,,,,,,,,,Передние и задние,,,,Управление климатом,Комбинированный,,Усилитель руля,,,,,Цвет салона,,,,,,,,,,,Передних сидений,Заднего стекла,,,,,,,,,,
"Honda Accord 2.4 AT, 2012, 183 000 км","4,8",1397000,"Краснодарский край, Краснодар, Ростовское ш., 20/1",2012,VIII рестайлинг (2011—2013),183 000 км,27 записей в отчёте Автотеки,,4+,Не битый,2.4 i-VTEC AT (200 л.с.),2.4 л,Бензин,Автомат,Передний,,Седан,Белый,Левый,JHMC*************,Возможен,,,,,,,,,,,,,,,,,,,,,,,,,,,,,,,,,,,,,,,,,,,,,,,,,,,,,,
"Honda Civic 1.8 AT, 2008, 182 711 км","4,9",899000,"Санкт-Петербург, Пискарёвский пр-т, 144АК",2008,VIII (2005—2009),182 711 км,10 записей в отчёте Автотеки,,3,Не битый,1.8 AT (140 л.с.),1.8 л,Бензин,Автомат,Передний,Executive,Седан,Синий,Левый,NLAF*************,,,Климат-контроль однозонный,,,,,,,,,,,Центральный замок,,,,Подушки безопасности,Боковые передние,,,,,,,Ткань,,,,,,,,,,,,,,,,,,,,,,,,,,,,,
"Honda Accord 2.4 AT, 2012, 214 000 км","4,8",1700000,"Архангельская обл., Новодвинск, Солнечная ул., 14",2012,VIII рестайлинг (2011—2013),214 000 км,16 записей в отчёте Автотеки,Оригинал,2,Не битый,2.4 i-VTEC AT (200 л.с.),2.4 л,Бензин,Автомат,Передний,Executive,Седан,Белый,Левый,JHMC*************,Не интересует,,,,Фронтальные,Шторки,Боковые задние,,,,,,,,,,,,,Тёмный,,,,,,Кожа,,Люк,,,,,,,,,,,,,,,,,,,,,,,,,,,
"Honda Stepwgn 1.5 CVT, 2017, 130 500 км","4,9",2250000,"Москва, Зеленоград",2017,V (2015—2017),130 500 км,4 записи в отчёте Автотеки,Электронный,2,Не битый,1.5 CVT (150 л.с.) Spada,1.5 л,Бензин,Вариатор,Передний,Базовая,Минивэн,Синий,Правый,RP31******,Возможен,,,,,,,,Антиблокировка тормозов,Курсовая устойчивость,Экстренное торможение,Усилитель руля,,,,,,,,,,,,,Управление климатом,,Управление на руле,,,,,,,,,,,,,,,,,,,,,,,,,,,,
"Honda CR-V 2.0 AT, 2012, 154 576 км","4,9",1399000,"Санкт-Петербург, пр-т Маршала Жукова, 78",2012,III рестайлинг (2009—2012),154 576 км,13 записей в отчёте Автотеки,,2,Не битый,2.0 4WD AT (150 л.с.),2 л,Бензин,Автомат,Полный,Elegance,Внедорожник 5-дверный,Коричневый,Левый,SHSR*************,Возможен,,Климат-контроль многозонный,,Фронтальные,Шторки,Боковые задние,,,,,,,,,,,,,,,,,,,Комбинированный,,,,,,,,,,,,,,,,,,,,,,,,,,,,,
"Honda Freed 1.5 CVT, 2020, 34 000 км","5,0",1417000,"Республика Адыгея, Теучежский р-н, Тлюстенхабльское городское поселение, пгт. Тлюстенхабль, ул. Гидростроителей, 12",2020,II (2016—2019),34 000 км,,Электронный,1,Не битый,1.5 CVT (131 л.с.),1.5 л,Бензин,Вариатор,Передний,Базовая,Минивэн,Белый,Правый,GB5-*******,Не интересует,Электрический,Климат-контроль однозонный,,,,,,,,,,,Сигнализация,,,,Подушки безопасности,Боковые передние,,,,,,,,,,,,,,,,,,,,,,,,,,,,,,,,,,,,
"Honda Freed 1.5 CVT, 2010, 108 003 км","4,8",1220000,"Краснодарский край, Краснодар, Восточно-Кругликовская ул., 30",2010,I (2008—2016),108 003 км,2 записи в отчёте Автотеки,Электронный,1,Не битый,1.5 CVT (118 л.с.),1.5 л,Бензин,Вариатор,Передний,,Минивэн,Белый,Правый,GB31******,Не интересует,Гидравлический,Климат-контроль однозонный,,Фронтальные,,,,Антиблокировка тормозов,,,,,,,,,,,,,,,,,,,,,,,,,,,,,,,,,,,,,,,,,,,,,,
"Honda CR-V 2.0 AT, 2012, 181 000 км","5,0",2029000,"Тюменская обл., Тюмень, Московский тракт, 320",2012,IV (2011—2015),181 000 км,10 записей в отчёте Автотеки,,3,Не битый,2.0 4WD AT (150 л.с.),2 л,Бензин,Автомат,Полный,Elegance,Внедорожник 5-дверный,Чёрный,Левый,SHSR*************,,Гидравлический,Климат-контроль многозонный,,,,,,,,,,,Сигнализация,Иммобилайзер,,,,,,,,,,,,,,,,,,,,,,,,,,,,,,,,,,,,,,,,
"Honda e:NS1 AT, 2022, 3 752 км",Отсутствует,3049000,"Ростовская обл., Аксайский р-н, Аксайское городское поселение, Аксай, Аксайский пр-т, 19",2022,I (2022—2024),3 752 км,Проверить в Автотеке,,1,Не битый,0.0 AT (204 л.с.),,Электро,Автомат,Передний,Base,Внедорожник 5-дверный,Белый,Левый,LVHR*************,,Гидравлический,Климат-контроль многозонный,,,,,,,,,,,Сигнализация,Иммобилайзер,,,,,,,,,,,,,,,,,,,,,,,,,,,,,,,,,,,,,,,,
"Honda Accord 2.4 AT, 2011, 215 000 км","4,8",1497000,"Краснодарский край, Краснодар, Ростовское ш., 20/1",2011,VIII рестайлинг (2011—2013),215 000 км,17 записей в отчёте Автотеки,,3,Не битый,2.4 i-VTEC AT (200 л.с.),2.4 л,Бензин,Автомат,Передний,Type-S,Седан,Синий,Левый,JHMC*************,Возможен,,,,,,,,,,,,,,,,,,,,,,,,,,,,,,,,,,,,,,,,,,,,,,,,,,,,,,
"Honda Civic 1.8 AMT, 2006, 309 823 км","4,8",615000,"Ярославская обл., Ярославль, ул. Блюхера, 46",2006,VIII (2005—2009),309 823 км,9 записей в отчёте Автотеки,Дубликат,4+,Не битый,1.8 AMT (140 л.с.),1.8 л,Бензин,Робот,Передний,Executive,Хетчбек 5-дверный,Серый,Левый,SHHF*************,Не интересует,Гидравлический,Климат-контроль многозонный,Подушки безопасности,,,Боковые задние,,,,,,,,,,,,Шторки,,,,,,,,,,,,,,,,,,,,,,,,,,,,,,,,,,,,
"Honda Elysion 2.4 AT, 2005, 187 000 км","4,8",1497000,"Краснодарский край, Краснодар, Ростовское ш., 20/1",2005,I (2004—2006),187 000 км,5 записей в отчёте Автотеки,,1,Не битый,2.4 AT (160 л.с.),2.4 л,Бензин,Автомат,Передний,Базовая,Минивэн,Белый,Правый,RR1-*******,Возможен,,,,,,,,,,,,,,,,,,,,,,,,,,,,,,,,,,,,,,,,,,,,,,,,,,,,,,
"Honda Stepwgn 1.5 CVT, 2016, 58 600 км","4,9",1590000,"Республика Адыгея, Тахтамукайский р-н, Тахтамукайское сельское поселение, аул Тахтамукай, ул. Ленина",2016,V (2015—2017),58 600 км,,Электронный,1,Не битый,1.5 CVT (150 л.с.) Spada,1.5 л,Бензин,Вариатор,Передний,Базовая,Минивэн,Белый,Правый,RP3-*******,Не интересует,Электрический,Климат-контроль многозонный,,,,,,,,,,,Сигнализация,,,,Подушки безопасности,Боковые передние,,,,,,,,,,,,,,,,,,,,,,,,,,,,,,,,,,,,
"Honda Civic 1.8 AT, 2013, 145 000 км","5,0",1299000,"Республика Татарстан, Набережные Челны, ул. Академика Королёва, 1В",2013,IX (2011—2015),145 000 км,13 записей в отчёте Автотеки,Оригинал,1,Не битый,1.8 AT (142 л.с.),1.8 л,Бензин,Автомат,Передний,Executive,Седан,Коричневый,Левый,NLAF*************,Не интересует,,,,,,,,,,,,,,,,,,,,,,,,,,,,,,,,,,,,,,,,,,,,,,,,,,,,,,
"Honda Pilot 3.5 AT, 2002, 200 000 км",Отсутствует,1050000,"Ульяновская обл., Новоспасский р-н, Новоспасское городское поселение, рп. Новоспасское, ул. Мира",2002,I (2002—2005),200 000 км,13 записей в отчёте Автотеки,,3,Не битый,3.5 4WD AT (243 л.с.),3.5 л,Бензин,Автомат,Полный,Базовая,Внедорожник 5-дверный,Серебряный,Левый,2HKY*************,Не интересует,Гидравлический,Климат-контроль многозонный,Противоугонная система,,,,,,,,,,,,,Центральный замок,,,,,,,,,,,,,,,,,,,,,,,,,,,,,,,,,,,,,,
"Honda CR-V 2.4 AT, 2014, 138 000 км","5,0",2195000,"Москва, ул. Генерала Белова, 9",2014,IV (2011—2015),138 000 км,12 записей в отчёте Автотеки,Оригинал,3,Не битый,2.4 4WD AT (190 л.с.),2.4 л,Бензин,Автомат,Полный,Executive,Внедорожник 5-дверный,Чёрный,Левый,1HGR*************,Не интересует,,Климат-контроль многозонный,Электропривод,,,,,,,,,,,,,,,,,,,,,,,,,,,,,,,,,Зеркал,,,,,,,,,,,,,,,,,,
"Honda Civic 1.8 AT, 2012, 145 200 км","5,0",1550000,"Калининградская обл., Калининград, ул. Баженова, 13Б",2012,IX (2011—2015),145 200 км,6 записей в отчёте Автотеки,Оригинал,2,Не битый,1.8 AT (142 л.с.),1.8 л,Бензин,Автомат,Передний,Executive,Седан,Чёрный,Левый,NLAF*************,Возможен,,,,,,,,,,,,,,,,,,,,,,,,,,,,Т,Есть сервисная книжка,,,,,,,,,,,,,,,,,,,,,,,,,
"Honda Stream 1.8 AT, 2011, 108 000 км","5,0",1559000,"Свердловская обл., Екатеринбург, Кольцевая ул., 39А",2011,II рестайлинг (2009—2014),108 000 км,,Электронный,1,Не битый,1.8 AT (140 л.с.),1.8 л,Бензин,Автомат,Передний,Базовая,Минивэн,Чёрный,Правый,RN6-*******,,,,,,,,,,,,,,,,,,,,,,,,,,,,,,,,,,,,,,,,,,,,,,,,,,,,,,,
"Honda CR-V 2.0 AT, 2001, 134 000 км","4,8",650000,"Ленинградская обл., Кировский р-н, Кировское городское поселение, Кировск, ул. Кирова, 18",2001,I рестайлинг (1999—2001),134 000 км,8 записей в отчёте Автотеки,Оригинал,2,Не битый,2.0 4WD AT (147 л.с.),2 л,Бензин,Автомат,Полный,Базовая,Внедорожник 5-дверный,Золотой,Левый,JHLR*************,Не интересует,Гидравлический,Кондиционер,,,,,,,,,,,,,Электропривод,,,,,,,,,,,,,,,,,,,,,,,,,,,,,Помощь при вождении,,,,,,,Круиз-контроль,,,
"Honda Civic 1.8 AT, 2008, 190 327 км","4,9",895000,"Краснодарский край, Геленджик, ул. Тельмана, 130",2008,VIII (2005—2009),190 327 км,13 записей в отчёте Автотеки,Дубликат,3,Не битый,1.8 AT (140 л.с.),1.8 л,Бензин,Автомат,Передний,Executive,Седан,Коричневый,Левый,NLAF*************,Не интересует,Электрогидравлический,Климат-контроль многозонный,Атермальное остекление,,,,,,,,,,Сигнализация,Иммобилайзер,,,,,,,,,,,,,,,,,,,,,,,,,,,,,,,,,,,,,,,,
"Honda Accord 2.4 AT, 2008, 242 174 км","4,9",1100000,"Тюменская обл., Ханты-Мансийский АО, Сургут, пр-т Ленина",2008,VIII (2007—2011),242 174 км,24 записи в отчёте Автотеки,Дубликат,4+,Не битый,2.4 AT (201 л.с.),2.4 л,Бензин,Автомат,Передний,Executive,,Чёрный,Левый,JHMC*************,Не интересует,,,,,,,,,,,,,,,,,,,,,Автоматический парковщик,,,,,,,,,,,,,Усилитель руля,,,,Передних сидений,Управление климатом,,,,,,,,,,,,,,,
"Honda Accord 2.4 AT, 2008, 303 916 км","4,9",1075000,"Республика Башкортостан, Стерлитамак, Западная ул., 9",2008,VIII (2007—2011),303 916 км,12 записей в отчёте Автотеки,,4+,Не битый,2.4 AT (201 л.с.),2.4 л,Бензин,Автомат,Передний,Executive,Седан,Синий,Левый,JHMC*************,,,Климат-контроль многозонный,,,,,,,,,,,,,,Центральный замок,,,,,,,,,Кожа,,,,,,,,,,,,,,,,,,,,,,,,,,,Противоугонная система,,
"Honda CR-V 2.4 AT, 2003, 160 000 км","4,7",807000,"Архангельская обл., Котлас, ул. Луначарского",2003,II (2001—2004),160 000 км,5 записей в отчёте Автотеки,Оригинал,4+,Не битый,2.4 4WD AT (162 л.с.),2.4 л,Бензин,Автомат,Полный,Базовая,Внедорожник 5-дверный,Серебряный,Левый,SHSR*************,Не интересует,Гидравлический,Кондиционер,Подушки безопасности,,,,,,,,,,,,,,,Коленные,,,,,,,,,,,,Боковые передние,,,,,,,,,,,,,,,,,,,,,,,,
"Honda Accord 2.4 AT, 2006, 272 381 км","4,7",751000,"Московская обл., Люберцы, Новорязанское ш., 1Г",2006,VII рестайлинг (2005—2008),272 381 км,10 записей в отчёте Автотеки,,4+,Не битый,2.4 AT (190 л.с.),2.4 л,Бензин,Автомат,Передний,,Седан,Чёрный,Левый,JHMC*************,,,,,,,,,,,,,,,,,,,,,,,,,,,,,,,,,,,,,,,,,,,,,,,,,,,,,,,
"Honda Stepwgn 1.5 CVT, 2020, 12 500 км","4,8",2200000,"Краснодарский край, Краснодар, ул. Дзержинского, 100",2020,V рестайлинг (2017—2022),12 500 км,Проверить в Автотеке,Электронный,1,Не битый,1.5 CVT (150 л.с.) Spada,1.5 л,Бензин,Вариатор,Передний,Базовая,Минивэн,Белый,Правый,RP31******,Не интересует,,,,,,,,,,,,,,,,,,,,,,,,,,,,,,,,,,,,,,,,,,,,,,,,,,,,,,
"Honda Freed 1.5 CVT, 2012, 61 200 км","4,8",910000,"Республика Крым, Симферополь, ул. Чехова, 8",2012,I (2008—2016),61 200 км,Проверить в Автотеке,Электронный,1,Не битый,1.5 CVT (118 л.с.),1.5 л,Бензин,Вариатор,Передний,,Минивэн,Белый,Правый,GB3-*******,Не интересует,Электрический,Кондиционер,,Фронтальные,,Активная безопасность,Курсовая устойчивость,,,,,,,,,,,,,,,,,,,,,,,,,,,,,,,,,,,,,,,,,,,,,,,
"Honda Stepwgn 1.5 CVT, 2016, 68 000 км","4,9",1595000,"Республика Адыгея, Тахтамукайский р-н, Яблоновское городское поселение, пгт. Яблоновский",2016,V (2015—2017),68 000 км,,Электронный,1,Не битый,1.5 CVT (150 л.с.) Spada,1.5 л,Бензин,Вариатор,Передний,Базовая,Минивэн,Белый,Правый,RP3-********,,,Управление на руле,,,,,,Антиблокировка тормозов,Курсовая устойчивость,Экстренное торможение,,,,,,,,,,,,,,,Кожаный руль,,,,,,,,,,,,,,,,,,,,,,,,,,,,,
"Honda Civic 1.8 MT, 2012, 152 500 км","5,0",900000,"Республика Татарстан, Казань, ул. Рауиса Гареева, 102к1",2012,IX (2011—2015),152 500 км,23 записи в отчёте Автотеки,Дубликат,4+,Не битый,1.8 MT (142 л.с.),1.8 л,Бензин,Механика,Передний,,Седан,Белый,Левый,NLAF*************,Не интересует,,,,,,,,,,,,,,,,,,,Светлый,,,,,,,,,,,,,,,,,,,,,,,,,,,,,,,,,,,
"Honda N-WGN 0.7 CVT, 2014, 105 000 км","4,9",1099000,"Мурманская обл., Мурманск, 204-й мкр-н",2014,I (2013—2016),105 000 км,,Электронный,1,Не битый,0.7 4WD CVT (58 л.с.),0.7 л,Бензин,Вариатор,Полный,Базовая,Хетчбек 5-дверный,Чёрный,Правый,JH2-*******,Не интересует,Электрогидравлический,Климат-контроль однозонный,Подушки безопасности,,,Боковые задние,,,,,,,,,,,,Шторки,,,,,,,,,,,,,,,,,,,,,,,,,,,,,,,,,,,,
"Honda CR-V 2.0 AT, 2001, 134 000 км","4,8",650000,"Ленинградская обл., Кировский р-н, Кировское городское поселение, Кировск, ул. Кирова, 18",2001,I рестайлинг (1999—2001),134 000 км,8 записей в отчёте Автотеки,Оригинал,2,Не битый,2.0 4WD AT (147 л.с.),2 л,Бензин,Автомат,Полный,Базовая,Внедорожник 5-дверный,Золотой,Левый,JHLR*************,Не интересует,Гидравлический,Кондиционер,,,,,,,,,,,,,Электропривод,,,,,,,,,,,,,,,,,,,,,,,,,,,,,Помощь при вождении,,,,,,,Круиз-контроль,,,
"Honda Stepwgn 1.5 CVT, 2019, 68 000 км","4,8",1710000,"Республика Адыгея, Тахтамукайский р-н, Яблоновское городское поселение, пгт. Яблоновский, ул. Ленина",2019,V рестайлинг (2017—2022),68 000 км,,Электронный,1,Не битый,1.5 CVT (150 л.с.),1.5 л,Бензин,Вариатор,Передний,Базовая,Минивэн,Белый,Правый,RP1-*******,,Электрический,Климат-контроль многозонный,Атермальное остекление,,,,,,,,,,Сигнализация,Иммобилайзер,,,,,,,,,,,,,,,,,,,,,,,,,,,,,,,,,,,,,,,,
"Honda Stepwgn 1.5 CVT, 2018, 110 000 км","4,8",3500000,"Тюменская обл., Тюмень, Ленинский округ",2018,V рестайлинг (2017—2022),110 000 км,,Электронный,1,Не битый,1.5 CVT (150 л.с.) Spada,1.5 л,Бензин,Вариатор,Передний,Базовая,Минивэн,Белый,Правый,RP3-*******,Не интересует,,,,,,,,,,,,,Сигнализация,Иммобилайзер,,,,,,,,,,,,,,,,,,,,,,,,,,,Усилитель руля,Управление климатом,,,,,,,,,,,,
"Honda Civic 1.8 AMT, 2006, 309 823 км","4,8",615000,"Ярославская обл., Ярославль, ул. Блюхера, 46",2006,VIII (2005—2009),309 823 км,9 записей в отчёте Автотеки,Дубликат,4+,Не битый,1.8 AMT (140 л.с.),1.8 л,Бензин,Робот,Передний,Executive,Хетчбек 5-дверный,Серый,Левый,SHHF*************,Не интересует,Гидравлический,Климат-контроль многозонный,Подушки безопасности,,,Боковые задние,,,,,,,,,,,,Шторки,,,,,,,,,,,,,,,,,,,,,,,,,,,,,,,,,,,,
"Honda Civic 1.5 MT, 1993, 250 000 км","4,8",170000,"Псковская обл., Псков, Советская ул., 93Ак1",1993,V (1991—1997),250 000 км,7 записей в отчёте Автотеки,Оригинал,3,Не битый,1.5 MT (90 л.с.),1.5 л,Бензин,Механика,Передний,Базовая,Хетчбек 3-дверный,Оранжевый,Левый,JHME*************,Не интересует,Гидравлический,Кондиционер,,,,,,,,,,,Центральный замок,,,,,,,,,,,,,,,,,,,,,,,,,,,,,,,,,,,,,,,,,
"Honda Accord 2.0 AT, 2011, 109 290 км","4,8",1495000,"Москва, Дмитровское ш., 163Ак1",2011,VIII рестайлинг (2011—2013),109 290 км,6 записей в отчёте Автотеки,,1,Не битый,2.0 AT (156 л.с.),2 л,Бензин,Автомат,Передний,Базовая,Седан,Серебряный,Левый,JHMC*************,,,Климат-контроль многозонный,,,,,,,,,,,Центральный замок,,,,Подушки безопасности,,,,,,,,,,,,,,,,,,,,,,,,,,Передних сидений,Заднего стекла,,,,,,,,,,
"Honda Civic 1.8 AT, 2012, 145 200 км","5,0",1550000,"Калининградская обл., Калининград, ул. Баженова, 13Б",2012,IX (2011—2015),145 200 км,6 записей в отчёте Автотеки,Оригинал,2,Не битый,1.8 AT (142 л.с.),1.8 л,Бензин,Автомат,Передний,Executive,Седан,Чёрный,Левый,NLAF*************,Возможен,,,,,,,,,,,,,,,,,,,,,,,,,,,,Т,Есть сервисная книжка,,,,,,,,,,,,,,,,,,,,,,,,,
"Honda Elysion 2.4 AT, 2005, 165 000 км","4,8",940000,"Карачаево-Черкесская Республика, Черкесск, пр-т Ленина",2005,I (2004—2006),165 000 км,,,1,Не битый,2.4 AT (160 л.с.),2.4 л,Бензин,Автомат,Передний,Базовая,Минивэн,Белый,Правый,RR1-*******,Не интересует,,,,,,,,,,,,,,,,,,,,,,,,,,,,,,,,,,,,,,,,,,,,,,,,,,,,,,
"Honda Freed 1.5 CVT, 2010, 108 003 км","4,8",1220000,"Краснодарский край, Краснодар, Восточно-Кругликовская ул., 30",2010,I (2008—2016),108 003 км,2 записи в отчёте Автотеки,Электронный,1,Не битый,1.5 CVT (118 л.с.),1.5 л,Бензин,Вариатор,Передний,,Минивэн,Белый,Правый,GB31******,Не интересует,Гидравлический,Климат-контроль однозонный,,Фронтальные,,,,Антиблокировка тормозов,,,,,,,,,,,,,,,,,,,,,,,,,,,,,,,,,,,,,,,,,,,,,,
"Honda Accord 2.4 AT, 2011, 215 000 км","4,8",1497000,"Краснодарский край, Краснодар, Ростовское ш., 20/1",2011,VIII рестайлинг (2011—2013),215 000 км,17 записей в отчёте Автотеки,,3,Не битый,2.4 i-VTEC AT (200 л.с.),2.4 л,Бензин,Автомат,Передний,Type-S,Седан,Синий,Левый,JHMC*************,Возможен,,,,,,,,,,,,,,,,,,,,,,,,,,,,,,,,,,,,,,,,,,,,,,,,,,,,,,
"Honda e:NS1 AT, 2023, 20 км",Отсутствует,3550000,"Пензенская обл., Пенза, ул. Суворова, 3А",2023,I (2022—2024),20 км,,Электронный,1,Не битый,0.0 AT (204 л.с.),,Электро,Автомат,Передний,Base,Внедорожник 5-дверный,Голубой,Левый,LVHR*************,Не интересует,Электрический,Климат-контроль многозонный,Подушки безопасности,,,,,,,,,,,,,,,Шторки,,,,,,,,,,,,,,,,,,,,,,,,,,,,,,,,,,,,
"Honda Stepwgn 2.0 CVT, 2014, 103 000 км","4,7",1400090,"Республика Татарстан, Казань, пер. Кирова, 4",2014,IV рестайлинг (2012—2015),103 000 км,Проверить в Автотеке,Оригинал,1,Не битый,2.0 CVT (150 л.с.) Spada,2 л,Бензин,Вариатор,Передний,Базовая,Минивэн,Чёрный,Правый,RK6-*******,,,,,,,,,,,,,,,,,,,,,,,,,,,,,Т,Есть сервисная книжка,,,,,,,,,,,,,,,,,,,,,,,,,
"Honda Civic 1.8 AT, 2008, 250 000 км","4,9",660000,"Москва, Малая Филёвская ул.",2008,VIII (2005—2009),250 000 км,10 записей в отчёте Автотеки,Оригинал,4+,Не битый,1.8 AT (140 л.с.),1.8 л,Бензин,Автомат,Передний,Executive,Седан,Белый,Левый,NLAF*************,Не интересует,,,,,,,,,,,,,,,,,,,,,,,,,,,,,,,,,,,,,,,,,,,,,,,,,,,,,,
"Honda Freed 1.5 CVT, 2014, 84 000 км","4,8",1397000,"Краснодарский край, Краснодар, Ростовское ш., 20/1",2014,I (2008—2016),84 000 км,4 записи в отчёте Автотеки,Оригинал,1,Не битый,1.5 Hybrid CVT (88 л.с.),1.5 л,Гибрид,Вариатор,Передний,Spike,Минивэн,Голубой,Правый,GP3-*******,Возможен,,,,,,,,,,,,,,,,,,,,,,,,,,,,,,,,,,,,,,,,,,,,,,,,,,,,,,
"Honda Shuttle 1.5 CVT, 2016, 94 743 км","4,9",1529000,"Оренбургская обл., Оренбург, Загородное ш., 3/1",2016,II (2015—2019),94 743 км,5 записей в отчёте Автотеки,,1,Не битый,1.5 CVT (132 л.с.),1.5 л,Бензин,Вариатор,Передний,Базовая,Универсал,Серый,Правый,GK8-*******,,,,,Фронтальные,,Усилитель руля,,,,,,,Иммобилайзер,,,,,,,,,,,,,,,,,,,,,,,,,,Управление климатом,,,,,,,,,,,,,,,
"Honda Civic 1.4 MT, 1997, 300 000 км","4,8",319000,"Московская обл., Орехово-Зуевский г.о., Ликино-Дулёво, Советская ул., 35",1997,VI (1995—2002),300 000 км,4 записи в отчёте Автотеки,Дубликат,4+,Не битый,1.4 MT (90 л.с.),1.4 л,Бензин,Механика,Передний,Базовая,Хетчбек 3-дверный,Синий,Левый,JHME*************,Не интересует,,,,,,,,,,,,,,,,,,,,,,,,,,,,,,,,,,,,,,,,,,,,,,,,,,,,,,
"Honda CR-V 2.0 AT, 2012, 154 576 км","4,9",1399000,"Санкт-Петербург, пр-т Маршала Жукова, 78",2012,III рестайлинг (2009—2012),154 576 км,13 записей в отчёте Автотеки,,2,Не битый,2.0 4WD AT (150 л.с.),2 л,Бензин,Автомат,Полный,Elegance,Внедорожник 5-дверный,Коричневый,Левый,SHSR*************,Возможен,,Климат-контроль многозонный,,Фронтальные,Шторки,Боковые задние,,,,,,,,,,,,,,,,,,,Комбинированный,,,,,,,,,,,,,,,,,,,,,,,,,,,,,
"Honda Civic 1.8 AT, 2008, 168 000 км","4,9",865000,"Москва, Сокольническая линия",2008,VIII (2005—2009),168 000 км,11 записей в отчёте Автотеки,Оригинал,1,Не битый,1.8 AT (140 л.с.),1.8 л,Бензин,Автомат,Передний,Executive,Седан,Бордовый,Левый,NLAF*************,Возможен,Гидравлический,Климат-контроль однозонный,,,,,,,,,,,,,,,,,,,,,,,,,,Т,Обслуживался у дилера,,,,,,,,,,,,,,,,,,,,,,,,,
"Honda Stepwgn 1.5 CVT, 2016, 67 000 км","4,9",1510000,"Республика Адыгея, Майкоп, ул. Горького, 214",2016,V (2015—2017),67 000 км,,Электронный,1,Не битый,1.5 CVT (150 л.с.),1.5 л,Бензин,Вариатор,Передний,Базовая,Минивэн,Белый,Правый,RP1-*******,Не интересует,,,,,,,,,,,,,,,,,,,,,,,,,,,,,,,,,,,,,,,,,,,,,,,,,,,,,,
"Honda Civic 1.8 AT, 2008, 246 014 км","4,9",680000,"Краснодарский край, Краснодар, Ростовское ш., 22Б",2008,VIII (2005—2009),246 014 км,26 записей в отчёте Автотеки,,4+,Не битый,1.8 AT (140 л.с.),1.8 л,Бензин,Автомат,Передний,,Седан,Чёрный,Левый,JHMF*************,Возможен,,Климат-контроль однозонный,,,,,Антипробуксовка,,,,,,,,,Центральный замок,Активная безопасность,,,,Круиз-контроль,,,,Ткань,,,,,,,,,,Противоугонная система,,Зеркал,,,,,,Передних сидений,,,,,,,,,,,
"Honda Stepwgn 2.0 CVT, 2012, 170 000 км","4,7",1760000,"Краснодарский край, Краснодар, Карасунский внутригородской округ, мкр-н Гидростроителей, жилой комплекс Парусная Регата",2012,IV рестайлинг (2012—2015),170 000 км,,Электронный,1,Не битый,2.0 CVT (150 л.с.) Spada,2 л,Бензин,Вариатор,Передний,Базовая,Минивэн,Белый,Правый,RK5-*******,Не интересует,Гидравлический,Климат-контроль многозонный,,,,,,,,,,,,,,,,,,,,,,,Велюр,,Цвет салона,,,,,,,Датчик света,,Электростеклоподъемники,,,,,,,,,,,,,,,,,Обогрев,Помощь при вождении
"Honda CR-V 2.4 AT, 2008, 261 219 км","4,9",1450000,"Москва, Иркутская ул., 5/6с1",2008,III (2006—2009),261 219 км,23 записи в отчёте Автотеки,,4+,Не битый,2.4 4WD AT (166 л.с.),2.4 л,Бензин,Автомат,Полный,,Внедорожник 5-дверный,Белый,Левый,SHSR*************,Возможен,,,,,,,,Антиблокировка тормозов,Курсовая устойчивость,,,,,,,,,,,,,,,,,,,,,,,,,,,,Зеркал,,,,,,Зеркал,,,,,,,,,,,
"Honda Crosstour 3.5 AT, 2012, 270 000 км","5,0",1200000,"Санкт-Петербург, Белоостровская ул., 10к1",2012,I (2009—2012),270 000 км,14 записей в отчёте Автотеки,Оригинал,3,Не битый,3.5 4WD AT (275 л.с.),3.5 л,Бензин,Автомат,Полный,,Внедорожник 5-дверный,Чёрный,Левый,1HGT*************,Возможен,,,,,,,,,,,,,,,,,,,,,,,,,,,,,,,,,,,,,,,,,,,,,,,,,,,,,,
"Honda CR-V 2.0 AT, 2004, 187 000 км","4,9",709888,"Нижегородская обл., Нижний Новгород, Московское ш., 304Ак1",2004,II рестайлинг (2004—2006),187 000 км,6 записей в отчёте Автотеки,,2,Не битый,2.0 4WD AT (150 л.с.),2 л,Бензин,Автомат,Полный,Базовая,Внедорожник 5-дверный,Синий,Левый,SHSR*************,,,Кондиционер,,Фронтальные,,Активная безопасность,Антипробуксовка,,,,,,,,,,,,,,,,,,Кожа,,,,,,,,,,,,,,,,,,,,,,,,,,,,,
"Honda Civic 1.8 AMT, 2008, 172 000 км","4,8",875000,"Санкт-Петербург, ул. Возрождения, 36А",2008,VIII (2005—2009),172 000 км,10 записей в отчёте Автотеки,Оригинал,4+,Не битый,1.8 AMT (140 л.с.),1.8 л,Бензин,Робот,Передний,Executive,Хетчбек 5-дверный,Оранжевый,Левый,SHHF*************,Не интересует,,,,,,,,,,,,,,,,,,,,,,,,,,,,,,,,,,,,,,,,,,,,,,,,,,,,,,
"Honda Accord 2.4 AT, 2007, 334 000 км","4,7",1099000,"Краснодарский край, Краснодар, ул. имени Калинина, 86/1",2007,VII рестайлинг (2005—2008),334 000 км,10 записей в отчёте Автотеки,Оригинал,1,Не битый,2.4 AT (190 л.с.) Type S,2.4 л,Бензин,Автомат,Передний,Базовая,Седан,Белый,Левый,JHMC*************,Не интересует,,,,,,,,,,,,,,,,,,,,,,,,,,,,,,,,,,,,,,,,,,,,,,,,,,,,,,
"Honda Elysion 2.4 AT, 2010, 154 000 км","4,8",819000,"Республика Ингушетия, Сунжа, ул. Висаитова",2010,I рестайлинг (2006—2013),154 000 км,,Оригинал,1,Не битый,2.4 4WD AT (160 л.с.),2.4 л,Бензин,Автомат,Полный,Базовая,Минивэн,Белый,Правый,RR2-*******,Не интересует,Электрический,Климат-контроль многозонный,Атермальное остекление,,,,,,,,,,Сигнализация,,,,Спутник,,,,,,,,,,,,,,,,,,,,,,,,,,,,,,,,,,,,,
"Honda Freed 1.5 AT, 2010, 53 423 км","4,8",830000,"Тюменская обл., Вагайский р-н",2010,I (2008—2016),53 423 км,Проверить в Автотеке,Электронный,1,Не битый,1.5 4WD AT (118 л.с.),1.5 л,Бензин,Автомат,Полный,Базовая,Минивэн,Серебряный,Правый,GB3-*******,,,,,,,,,,,,,,,,,,,,,,,,,,,,,,,,,,,,,,,,,,,,,,,,,,,,,,,
"Honda CR-V 2.4 AT, 2013, 116 684 км","5,0",1914000,"Нижегородская обл., Нижний Новгород, Московское ш., 352Ак4",2013,IV (2011—2015),116 684 км,12 записей в отчёте Автотеки,,4+,Не битый,2.4 4WD AT (190 л.с.),2.4 л,Бензин,Автомат,Полный,Executive,Внедорожник 5-дверный,Белый,Левый,1HGR*************,,,Климат-контроль многозонный,,Фронтальные,Шторки,,,,,,,,,,,,,,,,,,,,Кожа,,Люк,,,,,,,,,,,,,,,,,,,,,,,,,,,
"Honda Freed 1.5 CVT, 2014, 82 000 км","4,8",1387000,"Челябинская обл., Челябинск, ул. Молодогвардейцев",2014,I (2008—2016),82 000 км,,Электронный,1,Не битый,1.5 Hybrid CVT (88 л.с.),1.5 л,Гибрид,Вариатор,Передний,,Минивэн,Белый,Правый,GP3-*******,Не интересует,Электрический,Климат-контроль однозонный,Атермальное остекление,Фронтальные,,,,,,,,,Центральный замок,,,,,,,,,,,,,,,,,,,,,,,,,,,,,,,,,,,,,,,,,
"Honda Civic 1.8 AT, 2007, 330 000 км","4,9",630000,"Нижегородская обл., Нижний Новгород, ул. Ларина, 15Д",2007,VIII (2005—2009),330 000 км,11 записей в отчёте Автотеки,,2,Не битый,1.8 AT (140 л.с.),1.8 л,Бензин,Автомат,Передний,Elegancе,Седан,Серебряный,Левый,JHMF*************,,,,,,,,,,,,,Салон,Центральный замок,,,,Управление климатом,,,,Бортовой компьютер,,,,,,,,,,,,,,,,,,,,,,,,,,,,,,,,,
"Honda Civic 2.0 CVT, 2018, 83 500 км","4,9",1840000,"Москва, Фестивальная ул.",2018,X (2015—2021),83 500 км,5 записей в отчёте Автотеки,Электронный,1,Не битый,2.0 CVT (158 л.с.),2 л,Бензин,Вариатор,Передний,Базовая,Седан,Серый,Левый,19XF*************,Не интересует,Электрический,Климат-контроль однозонный,Активная безопасность,,,,Антипробуксовка,,,,,,,,,,,,,,,,,,,,,,,,,,,,,,,,,,,,,,,,,,,,,,,
"Honda CR-V 2.0 AT, 2013, 190 000 км","5,0",2000200,"Тюменская обл., Ханты-Мансийский АО, Кондинский р-н, городское поселение Междуреченский, пгт. Междуреченский",2013,IV (2011—2015),190 000 км,9 записей в отчёте Автотеки,Оригинал,3,Не битый,2.0 4WD AT (150 л.с.),2 л,Бензин,Автомат,Полный,Elegance,Внедорожник 5-дверный,Белый,Левый,SHSR*************,Не интересует,Электрический,Климат-контроль многозонный,Атермальное остекление,Фронтальные,,,,,,,,,,,,,,,,,,,,,,,,,,,,,,,,,,,,,,,,,,,,,,,,,,
"Honda CR-V 1.5 CVT, 2019, 80 000 км","5,0",3180000,"Тверская обл., Тверь, мкр-н Юность",2019,V (2016—2022),80 000 км,2 записи в отчёте Автотеки,Электронный,1,Не битый,1.5 4WD CVT (192 л.с.),1.5 л,Бензин,Вариатор,Полный,EX-L,Внедорожник 5-дверный,Чёрный,Левый,JHMR*************,Не интересует,,,,,,,,,,,,,,,,,,,,,,,,,,,,,,,,,,,,,,,,,,,,,,,,,,,,,,
"Honda Shuttle 1.5 AMT, 2019, 84 750 км","4,9",1630000,"Костромская обл., Костромской р-н, Никольское сельское поселение, пос. Фанерник",2019,II (2015—2019),84 750 км,,Электронный,1,Не битый,1.5hyb AMT (110 л.с.),1.5 л,Гибрид,Робот,Передний,Базовая,Универсал,Серый,Правый,GP7-*******,Не интересует,,,,,,,,Антиблокировка тормозов,Курсовая устойчивость,Экстренное торможение,Усилитель руля,,,,,,,,,,,,,Управление климатом,,,,,,,,Управление на руле,,,,,,,,,,,,,,,,,,,,,,
"Honda ZR-V 1.5 CVT, 2022 Новый","5,0",4790000,"Москва, Домостроительная ул., 4с1",2022,I (2022—2024),,,Электронный,,Не битый,1.5 CVT (182 л.с.),1.5 л,Бензин,Вариатор,Передний,Base,Внедорожник 5-дверный,Синий,Левый,LHGR*************,,Электрический,Климат-контроль многозонный,,,,,,,,,,,,,,,,,,,,,,,Люк,,,,,,,,,,,,,,,,,,,,,,,,,,,,,
"Honda Civic 1.8 MT, 2008, 246 000 км","4,9",590000,"Санкт-Петербург, Ириновский пр-т, 1П",2008,VIII (2005—2009),246 000 км,9 записей в отчёте Автотеки,Дубликат,4+,Не битый,1.8 MT (140 л.с.),1.8 л,Бензин,Механика,Передний,,Седан,Серебряный,Левый,NLAF*************,,,,,,,,,,,,,,,,,,,,,,,,,,,,,,,,,,,,,,,,,,,,,,,,,,,,,,,
"Honda Civic 1.8 AT, 2008, 187 000 км","4,8",729000,"Республика Татарстан, Казань, Приволжский район, мкр-н Горки-3, Дубравная ул., 23А",2008,VIII рестайлинг (2008—2011),187 000 км,14 записей в отчёте Автотеки,Оригинал,2,Не битый,1.8 AT (140 л.с.),1.8 л,Бензин,Автомат,Передний,,Седан,Серебряный,Левый,JHMF*************,Не интересует,,,,,,,,,,,,,,,,,,,,,,,,,,,,,,,,,,,,,,,,,,,,,,,,,,,,,,
"Honda Civic 1.8 AT, 2007, 183 000 км","4,9",839000,"Свердловская обл., Берёзовский г.о., Берёзовский, Берёзовский тракт, 4Б",2007,VIII (2005—2009),183 000 км,8 записей в отчёте Автотеки,Дубликат,4+,Не битый,1.8 AT (140 л.с.),1.8 л,Бензин,Автомат,Передний,Elegancе,Седан,Серебряный,Левый,JHMF*************,Не интересует,Гидравлический,Климат-контроль однозонный,Атермальное остекление,Фронтальные,Шторки,,,,,,,,,,,,,,,,,,,,,,,,,,,,,,,,,,,,,,,,,,,,,,,,,
"Honda Stream 1.8 AT, 2011, 108 000 км","5,0",1559000,"Свердловская обл., Екатеринбург, Кольцевая ул., 39А",2011,II рестайлинг (2009—2014),108 000 км,,Электронный,1,Не битый,1.8 AT (140 л.с.),1.8 л,Бензин,Автомат,Передний,Базовая,Минивэн,Чёрный,Правый,RN6-*******,,,,,,,,,,,,,,,,,,,,,,,,,,,,,,,,,,,,,,,,,,,,,,,,,,,,,,,
"Honda Stream 1.8 AT, 2013, 62 730 км","5,0",1157000,"Республика Крым, Симферополь, Киевская ул., 41",2013,II рестайлинг (2009—2014),62 730 км,Проверить в Автотеке,Электронный,1,Не битый,1.8 AT (140 л.с.),1.8 л,Бензин,Автомат,Передний,Базовая,Минивэн,Белый,Правый,RN6-*******,,,,,,,,,,,,,,,,,,,,,Передние и задние,,,,,,,,,,,,,,,,,,,,,,,,,,,,,,,,,,
"Honda Freed 1.5 AMT, 2018, 72 000 км","5,0",1890000,"Краснодарский край, Сочи, мкр-н КСМ, Кипарисовая ул., 16",2018,II (2016—2019),72 000 км,,,1,Не битый,1.5 Hybrid 4WD AMT (110 л.с.),1.5 л,Гибрид,Робот,Полный,Базовая,Минивэн,Серый,Правый,GB8-********,,,,,,,,,Антиблокировка тормозов,,,,,Сигнализация,Иммобилайзер,,,,,,,Камера заднего вида,,,,,,,,,,,,,,,,,,,,,,,,,,,,,Бортовой компьютер,,,,
"Honda Freed 1.5 AT, 2012, 61 000 км","4,8",910000,"Краснодарский край, Краснодар, Российская ул., 354",2012,I (2008—2016),61 000 км,,,1,Не битый,1.5 4WD AT (118 л.с.),1.5 л,Бензин,Автомат,Полный,,Минивэн,Серый,Правый,GB3-*******,Не интересует,,,,,,,,,,,,,,,,,,,,,,,,,,,,,,,,,,,,,,,,,,,,,,,,,,,,,,
"Honda e:NP1 AT, 2023, 15 км",Отсутствует,3150000,"Ставропольский край, Новоалександровский муниципальный округ, Новоалександровск, ул. Ленина",2023,I (2022—2024),15 км,,Электронный,1,Не битый,0.0 AT (204 л.с.),,Электро,Автомат,Передний,Base,Внедорожник 5-дверный,Чёрный,Левый,LHGR*************,Не интересует,Электрический,Климат-контроль многозонный,Салон,,,,,,,,,,,,,,,,,,,,,,,,,,,,,,,,,,,,,,,,,,,,,,,,,,,
"Honda Fit 1.3 CVT, 2003, 270 000 км","4,9",525000,"Краснодарский край, Краснодар, мкр-н Завод Измерительных Приборов, Зиповская ул., 5/3",2003,GD (2001—2008),270 000 км,2 записи в отчёте Автотеки,Оригинал,2,Не битый,1.3 CVT (86 л.с.),1.3 л,Бензин,Вариатор,Передний,Базовая,Хетчбек 5-дверный,Серебряный,Правый,GD11******,Не интересует,Гидравлический,Кондиционер,,Фронтальные,,,,Антиблокировка тормозов,,,,,,,,,,,,,,,,,,,,,,,,,,,,,,,,,,,,,,,,,,,,,,
