Название авто,Рейтинг,Цена,Расположение,Год выпуска,Поколение,Пробег,История пробега,ПТС,Владельцев по ПТС,Состояние,Модификация,Объём двигателя,Тип двигателя,Коробка передач,Привод,Комплектация,Тип кузова,Цвет,Руль,VIN или номер кузова,Обмен,Противоугонная система,Центральный замок,Фронтальные,Гидравлический,Усилитель руля,Управление климатом,Управление на руле,Салон,Цвет салона,Электростеклоподъемники,Электропривод,Мультимедиа и навигацияCD/DVD/Blu-rayMP3,Подушки безопасности,Коленные,Боковые передние,Активная безопасность,Антипробуксовка,Распред. тормозных усилий,Данные о ,О,Передних сидений,Заднего стекла,Передние и задние,Зеркал,Антиблокировка тормозов,Шторки,Обогрев,Задних сидений,Иммобилайзер,Помощь при вождении,Парктроник задний,Бортовой компьютер,Атермальное остекление,Камера заднего вида,Датчик дождя,Круиз-контроль,Боковые задние,Шины и диски,Кожаный руль,Мультимедиа и навигацияUSBAUX,Электрический,Блок. дифференциала,Климат-контроль многозонный,Сигнализация,Мультимедиа и навигацияMP3,Курсовая устойчивость,Мультимедиа и навигация,Тёмный,Обслуживался у дилера,Мультимедиа и навигацияUSBAUXBluetooth,Ксеноновые,Климат-контроль однозонный,РадиоUSB,Ткань,ВидеоUSBAUXBluetoothGPS-навигатор
"Volkswagen Golf 1.6 MT, 1999, 255 000 км","4,7",275000,"Калужская обл., Людиновский р-н, городское поселение Людиново, Людиново, ул. Урицкого",1999,Mk4 (1997—2006),255 000 км,9 записей в отчёте Автотеки,Дубликат,4+,Не битый,1.6 MT (101 л.с.),1.6 л,Бензин,Механика,Передний,Базовая,Хетчбек 5-дверный,Чёрный,Левый,WVWZ*************,Не интересует,Сигнализация,Подушки безопасности,Усилитель руля,Управление климатом,,,,,,,,,,,,,,,,,,,,,,,,,,,,,,,,,,,,,,,,,,,,,,,,,,,
"Volkswagen Polo 1.4 AMT, 2021, 27 000 км","4,7",2100000,"Москва, Красноказарменная ул.",2021,VI (2020—2023),27 000 км,4 записи в отчёте Автотеки,Электронный,1,Не битый,1.4 TSI DSG (125 л.с.),1.4 л,Бензин,Робот,Передний,Exclusive,Лифтбек,Коричневый,Левый,XW8Z*************,Не интересует,Сигнализация,Иммобилайзер,,,Электрический,Климат-контроль многозонный,Атермальное остекление,,,,,,,,,,,,,,,,,,,,,,,,,,,,,,,,,,,,,,,,,,,,,,,,
"Volkswagen Passat 1.8 MT, 1988, 180 000 км","4,7",40000,"Липецкая обл., Чаплыгинский р-н, Кривополянский сельсовет, с. Кривополянье, ул. Комарова, 38",1988,B3 (1988—1993),180 000 км,Проверить в Автотеке,Оригинал,2,Не битый,1.8 MT (90 л.с.),1.8 л,Бензин,Механика,Передний,Базовая,Седан,Белый,Левый,WVWZ*************,Не интересует,,,,,Гидравлический,,,Люк,Тёмный,,,,,,,,,,,,,,,,,,,,,,,,,,,,,,,,,,,,,,,,,,,,,,
"Volkswagen Caddy 1.2 MT, 2014, 389 238 км","4,9",750000,"Московская обл., Мытищи, ул. Мира",2014,III рестайлинг (2010—2015),389 238 км,5 записей в отчёте Автотеки,,3,Не битый,1.2 TSI MT (105 л.с.),1.2 л,Бензин,Механика,Передний,CrossCaddy,Фургон,Серый,Левый,WV2Z*************,Не интересует,,,,,Гидравлический,Кондиционер,,Ткань,Тёмный,Только передние,,,,,,,,,,,,,,,,,,,,,,,,,,,,,,,,,,,,,,,,,,,,,
"Volkswagen Passat 2.0 MT, 2005, 215 000 км","4,6",800000,"Севастополь, ул. Хрусталёва, 173",2005,B6 (2005—2010),215 000 км,4 записи в отчёте Автотеки,Оригинал,1,Не битый,2.0 TDI MT (140 л.с.),2 л,Дизель,Механика,Передний,Highline,Универсал,Серебряный,Левый,WVWZ*************,Не интересует,,,,,,,,,,,,,,,,,,,,,,,,,,,,,,,,,,,,,,,,,,,,,,,,,,,,,,,
"Volkswagen Polo 1.6 MT, 2015, 138 000 км","4,8",850000,"Ставропольский край, Пятигорск, пл. Ленина",2015,V (2009—2015),138 000 км,6 записей в отчёте Автотеки,Оригинал,4+,Не битый,1.6 MPI MT (105 л.с.),1.6 л,Бензин,Механика,Передний,Club,Седан,Белый,Левый,XW8Z*************,Не интересует,,,,,,,,,,,,,,,,,,,,,,,,,,,,,,,,,,,,,,,,,,,,,,,,,,,,,,,
"Volkswagen Golf 1.6 MT, 2006, 175 094 км","4,7",520000,"Архангельская обл., Архангельск, Стрелковая ул., 25к1",2006,Mk5 (2003—2009),175 094 км,9 записей в отчёте Автотеки,Дубликат,4+,Не битый,1.6 MT (102 л.с.),1.6 л,Бензин,Механика,Передний,,Хетчбек 5-дверный,Красный,Левый,WVWZ*************,Не интересует,Центральный замок,,,,Электрический,Климат-контроль многозонный,,,,,Зеркал,,,,,,,,,,,,,,,,,,,,,,,,,,,,,,,,,,,,,,,,,,,,
"Volkswagen Polo 1.6 AT, 2021, 34 232 км","4,7",1070000,"Московская область, Одинцово",2021,VI (2020—2023),34 232 км,6 записей в отчёте Автотеки,Оригинал,1,Не битый,1.6 MPI AT (110 л.с.),1.6 л,Бензин,Автомат,Передний,Exclusive,Лифтбек,Чёрный,Левый,XW8Z*************,,,,,,,,,,,,,,,,,,,,,,,,,,,,,,,,,,,,,,,,,,,,,,,,,,,,,,,,
"Volkswagen Touareg 3.0 AT, 2012, 261 000 км","4,9",1789400,"Москва, ул. Малыгина, 1",2012,II (2010—2014),261 000 км,11 записей в отчёте Автотеки,Оригинал,2,Не битый,3.0 TDI 4Motion AT (204 л.с.),3 л,Дизель,Автомат,Полный,,Внедорожник 5-дверный,Серый,Левый,XW8Z*************,Возможен,,,,,,,,,,,,,,,,,,,,,,,,,,,,,,,,,,,,,,,,,,,,,,,,,,,,,,,
"Volkswagen Passat 1.8 MT, 1988, 446 000 км","4,7",110000,"Московская обл., Луховицы, ул. Куйбышева, 320",1988,B3 (1988—1993),446 000 км,2 записи в отчёте Автотеки,Оригинал,2,Не битый,1.8 MT (90 л.с.),1.8 л,Бензин,Механика,Передний,Базовая,Универсал,Красный,Левый,WVWZ*************,Не интересует,,,,,Гидравлический,,,Велюр,,,,,,,,,,,,,,,,,,,,,,,,,,,,,,,,,,,,,,,,,,,,,,,
"Volkswagen Polo 1.4 MT, 1999, 295 000 км","4,7",195000,"Ивановская обл., Заволжский р-н, Заволжское городское поселение, Заволжск, Октябрьский пер.",1999,III рестайлинг (1999—2001),295 000 км,5 записей в отчёте Автотеки,Оригинал,3,Не битый,1.4 MT (60 л.с.),1.4 л,Бензин,Механика,Передний,Базовая,Хетчбек 5-дверный,Серебряный,Левый,WVWZ*************,Не интересует,,,,,Гидравлический,Кондиционер,,,,,,ВидеоUSBAUXBluetooth,,,,,,,,,,,,,,,,,,,,,,,,,,,,,,,,,,,,,,,,,,,
"Volkswagen Touareg 2.5 AT, 2008, 186 000 км","4,6",1150000,"Оренбургская обл., Орск, Дорожная ул., 3",2008,I рестайлинг (2006—2010),186 000 км,2 записи в отчёте Автотеки,,1,Не битый,2.5 TDI AT (174 л.с.),2.5 л,Дизель,Автомат,Полный,Базовая,Внедорожник 5-дверный,Чёрный,Левый,WVGZ*************,Не интересует,,,,,,,,,,,,,,,,,,,,,,,,,,,,,,,,,,,,,,,,,,,,,,,,,,,,,,,
"Volkswagen Jetta 2.0 AMT, 2019, 105 000 км","5,0",2250000,"Гродно, Октябрьский район",2019,VII (2018—2021),105 000 км,2 записи в отчёте Автотеки,Оригинал,1,Не битый,2.0 TSI DSG (230 л.с.),2 л,Бензин,Робот,Передний,GLI,Седан,Чёрный,Левый,3VW6*************,Не интересует,,,,,Электрический,Управление на руле,,,,,,,Фронтальные,Шторки,Боковые задние,,,,,,,,,,,,,,,,,,,,,,,,,,,,,,,,,,,,,,,,
"Volkswagen Passat 1.8 AMT, 2012, 168 000 км","4,7",1180000,"Удмуртская Республика, Ижевск, ул. Азина, 123",2012,B7 (2010—2015),168 000 км,21 запись в отчёте Автотеки,Оригинал,3,Не битый,1.8 TSI DSG (152 л.с),1.8 л,Бензин,Робот,Передний,Comfortline,Седан,Серый,Левый,WVWZ*************,Возможен,Центральный замок,,,,Гидравлический,Климат-контроль многозонный,Атермальное остекление,,,,,,,,,,,,,,,,,,,,,,,,,,,,,,,,,,,,,,,,,,,,,,,,
"Volkswagen Passat 2.0 MT, 2006, 219 545 км","4,6",690000,"Москва, ул. Академика Королёва, 32",2006,B6 (2005—2010),219 545 км,15 записей в отчёте Автотеки,Оригинал,4+,Не битый,2.0 TDI MT (140 л.с.),2 л,Дизель,Механика,Передний,Highline,Универсал,Чёрный,Левый,WVWZ*************,Не интересует,Сигнализация,Иммобилайзер,,,Электрогидравлический,Климат-контроль многозонный,,,,,,,,,,,,,,,,,,,,,,,,,,,,,,,,,,,,,,,,,,,,,,,,,
"Volkswagen Phaeton 3.0 AT, 2007, 232 500 км","5,0",1150000,"Ставропольский край, Минераловодский муниципальный округ, Минеральные Воды, пр-т 22-го Партсъезда",2007,I (2002—2010),232 500 км,Проверить в Автотеке,Оригинал,2,Не битый,3.0 TDI 4Motion AT (233 л.с.),3 л,Дизель,Автомат,Полный,Базовая,Седан,Чёрный,Левый,WVWZ*************,Не интересует,,,,,Гидравлический,Климат-контроль многозонный,Атермальное остекление,,,,,,Фронтальные,Шторки,Боковые задние,,,,,,,,,,,,,,,,,,,,,,,,,,,,,,,,,,,,,,,,
"Volkswagen Polo 1.6 MT, 2021, 89 700 км","4,7",1385000,"Республика Башкортостан, Уфа, Яркий б-р, 5",2021,VI (2020—2023),89 700 км,Проверить в Автотеке,Электронный,1,Не битый,1.6 MPI MT (110 л.с.),1.6 л,Бензин,Механика,Передний,Football Edition,Лифтбек,Белый,Левый,XW8Z*************,Возможен,,,,,Электрический,Кондиционер,,,,,,,,,,Антиблокировка тормозов,Курсовая устойчивость,Экстренное торможение,,,,,,,,,,,,,,,,,,,,,,,,,,,,,,,,,,,,,
"Volkswagen Polo 1.6 MT, 2014, 208 000 км","4,8",750000,"Республика Башкортостан, Уфа, ул. Юрия Гагарина, 42А",2014,V (2009—2015),208 000 км,6 записей в отчёте Автотеки,Оригинал,1,Не битый,1.6 MPI MT (105 л.с.),1.6 л,Бензин,Механика,Передний,Style,Седан,Синий,Левый,XW8Z*************,Возможен,Центральный замок,,,,Электрический,Климат-контроль однозонный,,,,,,,,,,,,,,,,,,,,,,,,,,,,,,,,,,,,,,,,,,,,,,,,,
"Volkswagen Polo 1.6 MT, 2014, 127 000 км","4,8",890000,"Тюменская обл., Тюмень, мкр-н Тюменский-1, ул. Розы Трениной, 3",2014,V (2009—2015),127 000 км,5 записей в отчёте Автотеки,Оригинал,1,Не битый,1.6 MPI MT (85 л.с.),1.6 л,Бензин,Механика,Передний,,Седан,Белый,Левый,XW8Z*************,,,,,,,,,,,,,,,,,,,,Т,Есть сервисная книжка,,,,,,,,,,,,,,,,,,,,,,,,,,,,,,,,,,,
"Volkswagen Golf 1.4 MT, 2012, 165 000 км","4,8",790000,"Липецкая обл., Липецк, Октябрьский округ",2012,Mk6 (2008—2012),165 000 км,10 записей в отчёте Автотеки,Дубликат,1,Не битый,1.4 TSI MT (122 л.с.),1.4 л,Бензин,Механика,Передний,R-Line,Хетчбек 5-дверный,Белый,Левый,WVWZ*************,Не интересует,,,,,Электрический,Климат-контроль многозонный,Обогрев,,,,,,,,,,,,,,Электростеклоподъемники,Электропривод,Салон,Кожаный руль,,,,,,,,,,,,,,,,,,,,,,,,,,,,,,,
"Volkswagen Polo 1.6 MT, 2016, 198 000 км","4,8",800000,"Воронежская обл., Россошанский р-н, городское поселение Россошь, Россошь, ул. Белинского",2016,V рестайлинг (2015—2020),198 000 км,12 записей в отчёте Автотеки,Дубликат,3,Не битый,1.6 MPI MT (90 л.с.),1.6 л,Бензин,Механика,Передний,Trendline,Седан,Белый,Левый,XW8Z*************,Не интересует,,,,,Гидравлический,Кондиционер,,,,,,,Фронтальные,,,Антиблокировка тормозов,,,,,,,,,,,,,,,,,,,,,,,,,,,,,,,,,,,,,,,
"Volkswagen Passat 2.0 MT, 1995, 120 000 км","4,8",230000,"Кировская обл., Киров, район Исторический Центр",1995,B4 (1993—1997),120 000 км,8 записей в отчёте Автотеки,Оригинал,1,Не битый,2.0 MT (115 л.с.),2 л,Бензин,Механика,Передний,Базовая,Седан,Белый,Левый,WVWE*************,Не интересует,,,,,,,,,,,,,,,,,,,,,,,,,,,,,,,,,,,,,,,,,,,,,,,,,,,,,,,
"Volkswagen Tiguan 2.0 AT, 2015, 155 281 км","4,8",1199000,"Москва, Фрунзенская наб., 22/2",2015,I рестайлинг (2011—2019),155 281 км,3 записи в отчёте Автотеки,Оригинал,1,Не битый,2.0 TSI 4Motion AT (170 л.с.),2 л,Бензин,Автомат,Полный,,Внедорожник 5-дверный,Серебряный,Левый,XW8Z*************,Не интересует,,,,,,,,,,,,,,,,,,,,,,,,,,,,,,,,,,,,,,,,,,,,,,,,,,,,,,,
"Volkswagen Tiguan 1.4 AMT, 2020, 25 373 км","4,8",3000000,"Санкт-Петербург, Замшина ул., 24",2020,II (2016—2020),25 373 км,6 записей в отчёте Автотеки,Электронный,3,Не битый,1.4 TSI DSG (150 л.с.),1.4 л,Бензин,Робот,Передний,,Внедорожник 5-дверный,Чёрный,Левый,XW8Z*************,Не интересует,,,,,Гидравлический,Климат-контроль многозонный,,,,,,,Фронтальные,,Активная безопасность,,,,,,,,,,Экстренное торможение,,,,,,,,,,,,,,,,,,,,,,,,,,,,,,
"Volkswagen Polo 1.4 MT, 2001, 200 000 км","4,7",180000,"Московская обл., г.о. Красногорск, с. Ангелово, Центральная ул.",2001,III рестайлинг (1999—2001),200 000 км,12 записей в отчёте Автотеки,Оригинал,2,Не битый,1.4 MT (75 л.с.),1.4 л,Бензин,Механика,Передний,Базовая,Хетчбек 5-дверный,Белый,Левый,WVWZ*************,Не интересует,Иммобилайзер,,,,Гидравлический,,,Ткань,,,,,Фронтальные,,,,,,,,,,,,,,,,,,,,,,,,,,,,,,,,,,,,,,,,,,
"Volkswagen Jetta 1.6 AMT, 2009, 305 000 км","4,8",530000,"Ленинградская обл., Ломоносовский р-н, Виллозское городское поселение, пос. Новогорелово, б-р Десантника Вадима Чугунова, 8к2",2009,V (2005—2011),305 000 км,14 записей в отчёте Автотеки,Оригинал,2,Не битый,1.6 DSG (102 л.с.),1.6 л,Бензин,Робот,Передний,Trendline,Седан,Серебряный,Левый,XW8Z*************,Не интересует,,,,,Электрический,Климат-контроль многозонный,,,,,,,,,,Антипробуксовка,,,,,,,,,,,,,,,,,,,,,,,,,,,,,,,,,,,,,,,
"Volkswagen Passat 1.8 MT, 1994, 300 000 км","4,5",139000,"Смоленская обл., Смоленск, Пригородная ул.",1994,B4 (1993—1997),300 000 км,3 записи в отчёте Автотеки,Оригинал,3,Не битый,1.8 MT (75 л.с.),1.8 л,Бензин,Механика,Передний,Базовая,Универсал,Серебряный,Левый,WVWZ*************,Возможен,,,,,,,,,,,,,,,,,,,,,,,,,,,,,,,,,,,,,,,,,,,,,,,,,,,,,,,
"Volkswagen LT, 1990","4,5",260000,"Белгородская обл., Ракитянский р-н, пгт. Пролетарский",1990,I (1975—1996),61 980 км,2 записи в отчёте Автотеки,Оригинал,3,Не битый,2.4 D MT (75 л.с.),,Дизель,Механика,Задний,Базовая,Пикап,Оранжевый,Левый,WV2Z*************,,,,,,,,,Кожа,,,,,,,,,,,,,,,,,,,,,,,,,,,,,,,,,,,,,,,,,,,,,,,
"Volkswagen Touareg 3.0 AT, 2008, 280 000 км","4,6",1098000,"Нижегородская обл., Нижний Новгород, Южный б-р, 17",2008,I рестайлинг (2006—2010),280 000 км,15 записей в отчёте Автотеки,Оригинал,4+,Не битый,3.0 V6 TDI AT (224 л.с.),3 л,Дизель,Автомат,Полный,Базовая,Внедорожник 5-дверный,Чёрный,Левый,WVGZ*************,Не интересует,,,,,,Климат-контроль многозонный,,,,,,,Фронтальные,Шторки,Боковые задние,,,,,,,,,,,,,,,,,,,,,,,,,,,,,,,,,,,,,,,,
"Volkswagen Polo 1.6 AT, 2017, 169 000 км","4,8",1150000,"Республика Дагестан, Махачкала, Лиственная ул.",2017,V рестайлинг (2015—2020),169 000 км,3 записи в отчёте Автотеки,Оригинал,2,Не битый,1.6 MPI AT (110 л.с.),1.6 л,Бензин,Автомат,Передний,Comfortline,Седан,Белый,Левый,XW8Z*************,Не интересует,,,,,Гидравлический,Климат-контроль однозонный,,,,,,,Фронтальные,,,Антиблокировка тормозов,,,,,,,,,,Боковые передние,,,,,,,,,,,,,,,,,,,,,,,,,,,,,
"Volkswagen Polo 1.6 MT, 2014, 146 000 км","4,8",825000,"Волгоградская обл., Волжский, пл. Труда, 10",2014,V (2009—2015),146 000 км,5 записей в отчёте Автотеки,Оригинал,3,Не битый,1.6 MPI MT (105 л.с.),1.6 л,Бензин,Механика,Передний,,Седан,Коричневый,Левый,XW8Z*************,Не интересует,,,,,Гидравлический,Кондиционер,,,Тёмный,,Передних сидений,,,,,,,,,,,,,,,,Передних сидений,Зеркал,,,,,,,,,,,,,,,,,,,,,,,,,,,
"Volkswagen Polo 1.6 MT, 2013, 179 900 км","4,8",725000,"Санкт-Петербург, Пулковское ш., 73к2",2013,V (2009—2015),179 900 км,9 записей в отчёте Автотеки,Оригинал,3,Не битый,1.6 MPI MT (105 л.с.),1.6 л,Бензин,Механика,Передний,Style,Седан,Серый,Левый,XW8Z*************,Не интересует,,,,,,,,,,,,,,,,,,,,,,,,,,,,,,,,,,,,,,,,,,,,,,,,,,,,,,,
"Volkswagen Polo 1.6 AT, 2020, 18 000 км","4,7",1650000,"Москва, Новомосковский административный округ, поселение Московский, д. Румянцево, Бизнес Парк Румянцево",2020,VI (2020—2023),18 000 км,Проверить в Автотеке,Электронный,1,Не битый,1.6 MPI AT (110 л.с.),1.6 л,Бензин,Автомат,Передний,Exclusive,Лифтбек,Белый,Левый,XW8Z*************,Не интересует,Центральный замок,,Шторки,,Электрический,Кондиционер,,,,,,,,,,,,,,,,,,,,,,,Подушки безопасности,,,,,,,,,,,,,,,,,,,,,,,,,,
"Volkswagen Golf 1.4 MT, 2012, 224 000 км","4,8",900000,"Краснодарский край, муниципальное образование Краснодар, садоводческое товарищество Радуга, Малиновая ул.",2012,Mk6 (2008—2012),224 000 км,8 записей в отчёте Автотеки,Оригинал,1,Не битый,1.4 TSI MT (122 л.с.),1.4 л,Бензин,Механика,Передний,Trendline,Хетчбек 5-дверный,Белый,Левый,WVWZ*************,Не интересует,,,,,,,,,,,,,,,,,,,,,,,,,,,,,,,,,,,,,,,,,,,,,,,,,,,,,,,
"Volkswagen Passat 1.8 MT, 2008, 197 000 км","4,8",650000,"Санкт-Петербург, пр-т Стачек, 92к1",2008,B6 (2005—2010),197 000 км,5 записей в отчёте Автотеки,,3,Не битый,1.8 TSI MT (160 л.с.),1.8 л,Бензин,Механика,Передний,Базовая,Седан,Синий,Левый,XW8Z*************,Не интересует,,,,Управление климатом,,,,,,,,,,,,,,,,,,,,,,,,,,Датчик дождя,Круиз-контроль,Усилитель руля,,,,,,,,,,,,,,,,,,,,,,,
"Volkswagen Polo 1.6 AT, 2014, 155 000 км","4,8",969000,"Московская обл., Красногорск, Красногорский б-р, 10",2014,V (2009—2015),155 000 км,13 записей в отчёте Автотеки,Оригинал,1,Не битый,1.6 MPI AT (105 л.с.),1.6 л,Бензин,Автомат,Передний,Comfortline,Седан,Белый,Левый,XW8Z*************,Не интересует,,,,,Электрический,Кондиционер,,,,,,,Фронтальные,,,Антиблокировка тормозов,,,,,,,,,,,,,,,,,,,,,,,,,,,,,,,,,,,,,,,
"Volkswagen Passat 1.8 MT, 1997, 190 000 км","4,6",230000,"Смоленская обл., Вяземский р-н, Вяземское городское поселение, Вязьма, ул. 25 Октября",1997,B5 (1996—2001),190 000 км,16 записей в отчёте Автотеки,Оригинал,4+,Не битый,1.8 MT (125 л.с.),1.8 л,Бензин,Механика,Передний,Базовая,Седан,Серебряный,Левый,WVWZ*************,Не интересует,,,,,,,,,,,,,,,,,,,,,,,,,,,,,,,,,,,,,,,,,,,,,,,,,,,,,,,
"Volkswagen Tiguan 2.0 AT, 2012, 99 000 км","4,8",1400000,"Самарская обл., Самара, пр-т Кирова, 435",2012,I рестайлинг (2011—2019),99 000 км,10 записей в отчёте Автотеки,Оригинал,1,Не битый,2.0 TSI 4Motion AT (170 л.с.),2 л,Бензин,Автомат,Полный,Sport&Style,Внедорожник 5-дверный,Чёрный,Левый,XW8Z*************,Не интересует,,,Боковые передние,,Гидравлический,Климат-контроль многозонный,,,,,,,,,,,,,,,,,,,,,,,,,,,Подушки безопасности,,,,,,,,,,,,,,,,,,,,,,
"Volkswagen Multivan 2.0 MT, 2011, 96 500 км","4,3",2300000,"Московская обл., Истра, мкр-н Южный, Охотничий пр., 7",2011,T5 рестайлинг (2009—2015),96 500 км,6 записей в отчёте Автотеки,Оригинал,3,Не битый,2.0 TDI MT (84 л.с.),2 л,Дизель,Механика,Передний,Startline,Минивэн,Серебряный,Левый,WV2Z*************,Не интересует,,,Коленные,,Гидравлический,Климат-контроль многозонный,Подушки безопасности,,,,,,,,,,,,,,,,,,,,,,,,,,,,,,,,,,,,,,,,,,,,,,,,
"Volkswagen Polo 1.6 AT, 2021, 150 000 км","4,7",1450000,"Чеченская Республика, Шалинский муниципальный р-н, Шалинское городское поселение, Шали",2021,VI (2020—2023),150 000 км,7 записей в отчёте Автотеки,Электронный,1,Не битый,1.6 MPI AT (110 л.с.),1.6 л,Бензин,Автомат,Передний,Respect,Лифтбек,Серый,Левый,XW8Z*************,Не интересует,,,,,Электрогидравлический,Климат-контроль многозонный,,,,,,,,,,,,,,,,,,,,,,,,,,,Активная безопасность,,,,,,,,,,,,,,,,,,,,,,
"Volkswagen Tiguan 2.0 AT, 2012, 150 890 км","4,8",1350000,"Чувашская Республика, Чебоксары, пр-т Тракторостроителей, 89",2012,I рестайлинг (2011—2019),150 890 км,35 записей в отчёте Автотеки,Оригинал,4+,Не битый,2.0 TSI 4Motion AT (170 л.с.),2 л,Бензин,Автомат,Полный,Track&Field,Внедорожник 5-дверный,Чёрный,Левый,XW8Z*************,Возможен,,,,,,,,,,,,,,,,,,,,,,,,,,,,,,,,,,,,,,,,,,,,,,,,,,,,,,,
"Volkswagen Polo 1.6 AT, 2014, 114 899 км","4,8",1050000,"Санкт-Петербург, Петродворцовый р-н, Петергоф, Бабигонское ш.",2014,V (2009—2015),114 899 км,3 записи в отчёте Автотеки,Оригинал,1,Не битый,1.6 MPI AT (105 л.с.),1.6 л,Бензин,Автомат,Передний,,Седан,Чёрный,Левый,XW8Z*************,Не интересует,,,,,,,,,,,,,,,,,,,,,,,,,,,,,,,,,,,,,,,,,,,,,,,,,,,,,,,
"Volkswagen Jetta 1.6 MT, 2014, 247 000 км","4,8",780000,"Архангельская обл., Северодвинск, Полярная ул.",2014,VI (2010—2015),247 000 км,14 записей в отчёте Автотеки,Оригинал,2,Не битый,1.6 MT (105 л.с.),1.6 л,Бензин,Механика,Передний,,Седан,Белый,Левый,XW8Z*************,Не интересует,,,,,Гидравлический,Кондиционер,,Ткань,,,,,,,,,,,,,,,,,,,,,,,,,,,,,,,,,,,,,,,,,,,,,,,
"Volkswagen Amarok 2.0 AT, 2012, 466 000 км","4,7",1400000,"Пермский край, Чернушинский г.о., Чернушка, ул. Ленина",2012,I (2010—2016),466 000 км,17 записей в отчёте Автотеки,Оригинал,1,Не битый,2.0 TDI 4Motion AT (180 л.с.),2 л,Дизель,Автомат,Полный,,Пикап,Белый,Левый,WV1Z*************,Не интересует,,,,,,,,,,,,,,,,,,,,,,,,,,,,,,,,,,,,,,,,,,,,,,,,,,,,,,,
"Volkswagen Polo 1.6 MT, 2020, 118 000 км","4,8",1179000,"Краснодарский край, Армавир, ул. Поветкина",2020,V рестайлинг (2015—2020),118 000 км,2 записи в отчёте Автотеки,Оригинал,2,Не битый,1.6 MPI MT (90 л.с.),1.6 л,Бензин,Механика,Передний,,Седан,Белый,Левый,XW8Z*************,Не интересует,,,,,Электрический,Кондиционер,,Ткань,,,,,,,,,,,,,,,,,,,,,,,,,,,,,,,,,,,,,,,,,,,,,,,
"Volkswagen Caddy 1.2 MT, 2011, 124 500 км","4,5",1025000,"Московская обл., Балашиха, Мирской пр., 3",2011,III рестайлинг (2010—2015),124 500 км,5 записей в отчёте Автотеки,Оригинал,3,Не битый,1.2 TSI MT (105 л.с.),1.2 л,Бензин,Механика,Передний,Comfortline,Минивэн,Чёрный,Левый,WV2Z*************,Не интересует,,,,,Гидравлический,,,,,,,,,,,,,,,,,,,,,,,,,,,,,,,,,,,,,,,,,,,,,,,,,,
"Volkswagen Touareg 3.0 AT, 2010, 258 234 км","4,9",1489000,"Санкт-Петербург, Фрунзенский район, муниципальный округ Волковское",2010,II (2010—2014),258 234 км,2 записи в отчёте Автотеки,,2,Не битый,3.0 TDI 4Motion AT (240 л.с.),3 л,Дизель,Автомат,Полный,Базовая,Внедорожник 5-дверный,Чёрный,Левый,WVGZ*************,,,,,,Электрический,Климат-контроль однозонный,,,,,,,,,,,,,,,,,,,,,,,,Датчик дождя,Парктроник передний,,,Круиз-контроль,,,,,,,,,,,,,,,,,,,,,
"Volkswagen Polo 1.6 MT, 2017, 252 000 км","4,8",847000,"Чеченская Республика, Урус-Мартановский р-н, Гехинское сельское поселение, с. Гехи, ул. Асланбека Шерипова",2017,V рестайлинг (2015—2020),252 000 км,4 записи в отчёте Автотеки,,2,Не битый,1.6 MPI MT (110 л.с.),1.6 л,Бензин,Механика,Передний,Life,Седан,Белый,Левый,XW8Z*************,Не интересует,,,,,,,Атермальное остекление,Кожаный руль,,,,,,,,,,,,,,,,,,,,,,Автоматический парковщик,Парктроник передний,,,,Датчик света,Управление климатом,,,,,,,,,,,,,,,,,,,
"Volkswagen Passat 1.8 AT, 2002, 199 000 км","4,7",350000,"Мурманская обл., Мурманск, ул. Папанина, 21",2002,B5 рестайлинг (2000—2005),199 000 км,7 записей в отчёте Автотеки,Дубликат,4+,Не битый,1.8 AT (170 л.с.),1.8 л,Бензин,Автомат,Передний,Базовая,Седан,Красный,Левый,WVWP*************,Возможен,,,,Управление климатом,,,,,,,,,Фронтальные,,,,,,,,,,,,,Боковые передние,,,,,,,,,,,Усилитель руля,,,,,,,,,,,,,,,,,,
"Volkswagen Polo 1.6 AT, 2018, 44 000 км","4,8",1490000,"Краснодарский край, Армавир, ул. Желябова, 98",2018,V рестайлинг (2015—2020),44 000 км,2 записи в отчёте Автотеки,Оригинал,1,Не битый,1.6 MPI AT (110 л.с.),1.6 л,Бензин,Автомат,Передний,Comfortline,Седан,Белый,Левый,XW8Z*************,Не интересует,,,,,,,,,,,,,,,,,,,,,,,,,,,,,,,,,,,,,,,,,,,,,,,,,,,,,,,
"Volkswagen Passat 1.6 MT, 1988, 200 000 км","4,7",70000,"Санкт-Петербург, пр-т Просвещения",1988,B3 (1988—1993),200 000 км,4 записи в отчёте Автотеки,,3,Не битый,1.6 MT (72 л.с.),1.6 л,Бензин,Механика,Передний,Базовая,Седан,Серый,Левый,WVWZ*************,Не интересует,,,,,Гидравлический,Кондиционер,,,,,,,,,,,,,,,,,,,,,,,,,,,Салон,,,,,,,,,,,,,,,,,,,,,,
"Volkswagen Polo 1.6 MT, 2014, 54 000 км","4,8",930000,"Пермский край, Пермь, Янаульская ул., 34",2014,V (2009—2015),54 000 км,2 записи в отчёте Автотеки,Оригинал,3,Не битый,1.6 MPI MT (105 л.с.),1.6 л,Бензин,Механика,Передний,,Седан,Белый,Левый,XW8Z*************,Не интересует,,,,,Электрический,Атермальное остекление,,,,,,,Фронтальные,,,Антиблокировка тормозов,,,,,,,,,,,,,,,,,,,,,,,,,,,,,,,,,,,,,,,
"Volkswagen Touareg 3.0 AT, 2008, 280 000 км","4,6",1098000,"Нижегородская обл., Нижний Новгород, Южный б-р, 17",2008,I рестайлинг (2006—2010),280 000 км,15 записей в отчёте Автотеки,Оригинал,4+,Не битый,3.0 V6 TDI AT (224 л.с.),3 л,Дизель,Автомат,Полный,Базовая,Внедорожник 5-дверный,Чёрный,Левый,WVGZ*************,Не интересует,,,,,,Климат-контроль многозонный,,,,,,,Фронтальные,Шторки,Боковые задние,,,,,,,,,,,,,,,,,,,,,,,,,,,,,,,,,,,,,,,,
"Volkswagen Polo 1.6 AT, 2014, 157 400 км","4,8",915000,"Оренбургская обл., Соль-Илецкий г.о., Соль-Илецк, Советская ул., 6/2",2014,V (2009—2015),157 400 км,8 записей в отчёте Автотеки,Оригинал,3,Не битый,1.6 MPI AT (105 л.с.),1.6 л,Бензин,Автомат,Передний,Trendline,Седан,Белый,Левый,XW8Z*************,Не интересует,,,,,Электрический,Кондиционер,,,,,,,Фронтальные,,,Антиблокировка тормозов,,,,,,,,,,,,,,,,,,,,,,,,,,,,,,,,,,,,,,,
"Volkswagen Jetta 2.0 AMT, 2020, 32 000 км","5,0",2270000,"Краснодарский край, Краснодар, Фестивальный мкр-н, ул. Тургенева, 62",2020,VII (2018—2021),32 000 км,3 записи в отчёте Автотеки,Электронный,1,Не битый,2.0 TSI DSG (230 л.с.),2 л,Бензин,Робот,Передний,GLI,Седан,Белый,Левый,3VW6*************,Не интересует,,,Шторки,,Электрический,Климат-контроль многозонный,Подушки безопасности,,,,,,,,Боковые задние,,,,,,,,,,,,,,,,,,,,,,,,,,,,,,,,,,,,,,,,
"Volkswagen Polo 1.6 AT, 2013, 163 500 км","4,8",1070000,"Ростовская обл., Каменск-Шахтинский, мкр-н Лиховской, Советская ул., 52",2013,V (2009—2015),163 500 км,15 записей в отчёте Автотеки,Оригинал,2,Не битый,1.6 MPI AT (105 л.с.),1.6 л,Бензин,Автомат,Передний,,Седан,Белый,Левый,XW8Z*************,,Сигнализация,Иммобилайзер,,,Гидравлический,Климат-контроль однозонный,,,,,,,,,,,,,,,,,,,,,,,,,,,,,,,,,,,,,,,,,,,,,,,,,
"Volkswagen Polo 1.6 AT, 2017, битый, 127 700 км","4,8",900000,"Республика Дагестан, Махачкала, ул. Митарова, 13",2017,V рестайлинг (2015—2020),127 700 км,11 записей в отчёте Автотеки,Оригинал,2,Битый,1.6 MPI AT (110 л.с.),1.6 л,Бензин,Автомат,Передний,Allstar,Седан,Бежевый,Левый,XW8Z*************,Не интересует,,,,,,,,,,,,,,,,,,,,,,,,Заднего стекла,,,Передних сидений,,,,,,,,,,,,,,,,,,,,,,,,,,,,
"Volkswagen Multivan 2.0 MT, 2010, 361 533 км","4,3",1725000,"Ярославская обл., Ярославль",2010,T5 рестайлинг (2009—2015),361 533 км,9 записей в отчёте Автотеки,Оригинал,3,Не битый,2.0 TDI MT (140 л.с.),2 л,Дизель,Механика,Передний,Highline,Минивэн,Белый,Левый,WV2Z*************,,,,,,,,,,,,,,,,,,,,,,,,,,,,,,,,,,,,,,,,,,,,,,,,,,,,,,,,
"Volkswagen Polo 1.6 MT, 2011, 188 100 км","4,8",825000,"Чувашская Республика, Чебоксары, пр-т Тракторостроителей, 76",2011,V (2009—2015),188 100 км,3 записи в отчёте Автотеки,Оригинал,2,Не битый,1.6 MPI MT (105 л.с.),1.6 л,Бензин,Механика,Передний,Highline,Седан,Серый,Левый,XW8Z*************,Не интересует,,,,,,,,,,,,,,,,,,,,,,,,,,,,,,,,,,,,,,,,,,,,,,,,,,,,,,,
"Volkswagen Polo 1.6 MT, 2012, 190 000 км","4,8",695000,"Тамбовская обл., Рассказово, Советская ул., 31А",2012,V (2009—2015),190 000 км,15 записей в отчёте Автотеки,Оригинал,3,Не битый,1.6 MPI MT (105 л.с.),1.6 л,Бензин,Механика,Передний,Базовая,Седан,Бежевый,Левый,XW8Z*************,Не интересует,,,,,Гидравлический,Атермальное остекление,,,,,,,Фронтальные,,,Антиблокировка тормозов,,,,,,,,,,,,,,,,,,,,,,,,,,,,,,,,,,,,,,,
"Volkswagen Polo 1.6 AT, 2012, 264 069 км","4,8",725000,"Республика Татарстан, Нижнекамский р-н, муниципальное образование Нижнекамск, Нижнекамск, ул. Сююмбике, 7",2012,V (2009—2015),264 069 км,Проверить в Автотеке,Оригинал,3,Не битый,1.6 MPI AT (105 л.с.),1.6 л,Бензин,Автомат,Передний,,Седан,Серый,Левый,XW8Z*************,Не интересует,Сигнализация,Подушки безопасности,Усилитель руля,Управление климатом,,,,,,,,,,,,,,,,,,,,,,,,,,,,,,,,,,,,,,,,,,,,,,,,,,,
"Volkswagen Golf 1.6 MT, 2006, 175 094 км","4,7",520000,"Архангельская обл., Архангельск, Стрелковая ул., 25к1",2006,Mk5 (2003—2009),175 094 км,9 записей в отчёте Автотеки,Дубликат,4+,Не битый,1.6 MT (102 л.с.),1.6 л,Бензин,Механика,Передний,,Хетчбек 5-дверный,Красный,Левый,WVWZ*************,Не интересует,Центральный замок,,,,Электрический,Климат-контроль многозонный,,,,,Зеркал,,,,,,,,,,,,,,,,,,,,,,,,,,,,,,,,,,,,,,,,,,,,
"Volkswagen Passat 2.0 MT, 1995, 120 000 км","4,8",230000,"Кировская обл., Киров, район Исторический Центр",1995,B4 (1993—1997),120 000 км,8 записей в отчёте Автотеки,Оригинал,1,Не битый,2.0 MT (115 л.с.),2 л,Бензин,Механика,Передний,Базовая,Седан,Белый,Левый,WVWE*************,Не интересует,,,,,,,,,,,,,,,,,,,,,,,,,,,,,,,,,,,,,,,,,,,,,,,,,,,,,,,
"Volkswagen Polo 1.4 MT, 2001, 238 300 км","4,7",325000,"Тульская обл., Тула, ул. Радищева, 4",2001,III рестайлинг (1999—2001),238 300 км,7 записей в отчёте Автотеки,Дубликат,4+,Не битый,1.4 MT (75 л.с.),1.4 л,Бензин,Механика,Передний,Базовая,Хетчбек 5-дверный,Синий,Левый,WVWZ*************,Не интересует,,,,,Гидравлический,Кондиционер,,,,,,,Фронтальные,,,Антиблокировка тормозов,,,,,,,,,,,,,,,,,,,,,,,,,,,,,,,,,,,,,,,
"Volkswagen Polo 1.6 AT, 2019, 81 000 км","4,8",1388000,"Рязанская обл., Рязань, Касимовское ш.",2019,V рестайлинг (2015—2020),81 000 км,10 записей в отчёте Автотеки,Оригинал,3,Не битый,1.6 MPI AT (110 л.с.),1.6 л,Бензин,Автомат,Передний,Football Edition,Седан,Красный,Левый,XW8Z*************,Не интересует,,,,,,,,,,,,,,,,,,,,,,,,,,,,,,,,,,,,,,,,,,,,,,,,,,,,,,,
"Volkswagen Polo 1.6 AT, 2019, 51 000 км","4,8",1300000,"Москва, ул. Васильцовский Стан, 13к1",2019,V рестайлинг (2015—2020),51 000 км,9 записей в отчёте Автотеки,Дубликат,2,Не битый,1.6 MPI AT (110 л.с.),1.6 л,Бензин,Автомат,Передний,Comfortline,Седан,Синий,Левый,XW8Z*************,Не интересует,,Подушки безопасности,Боковые передние,,Гидравлический,Кондиционер,Противоугонная система,,,,,,,,,,,,,,,,,,,,,,,,,,,,,,,,,,,,,,,,,,,,,,,,
"Volkswagen Jetta 2.0 AT, 1999, 196 000 км","4,9",350000,"Смоленская обл., Смоленск, пл. Желябова",1999,IV (1998—2005),196 000 км,9 записей в отчёте Автотеки,Оригинал,4+,Не битый,2.0 AT (116 л.с.),2 л,Бензин,Автомат,Передний,Базовая,Седан,Бордовый,Левый,3VWS*************,Не интересует,,,,,Гидравлический,Кондиционер,,,,,,,,,,,,,,,,,Электропривод,Рулевой колонки,,,,,,,,,Электростеклоподъемники,,,,,,,,,,,,,,,,,,,,,,
"Volkswagen Polo 1.4 MT, 2001, 200 000 км","4,7",180000,"Московская обл., г.о. Красногорск, с. Ангелово, Центральная ул.",2001,III рестайлинг (1999—2001),200 000 км,12 записей в отчёте Автотеки,Оригинал,2,Не битый,1.4 MT (75 л.с.),1.4 л,Бензин,Механика,Передний,Базовая,Хетчбек 5-дверный,Белый,Левый,WVWZ*************,Не интересует,Иммобилайзер,,,,Гидравлический,,,Ткань,,,,,Фронтальные,,,,,,,,,,,,,,,,,,,,,,,,,,,,,,,,,,,,,,,,,,
"Volkswagen Polo 1.6 MT, 2014, 170 000 км","4,8",785000,"Краснодарский край, Новороссийск, Мысхакское ш., 54",2014,V (2009—2015),170 000 км,14 записей в отчёте Автотеки,Оригинал,2,Не битый,1.6 MPI MT (105 л.с.),1.6 л,Бензин,Механика,Передний,Club,Седан,Белый,Левый,XW8Z*************,Не интересует,,,,,Электрический,Кондиционер,,,,,,,Фронтальные,,Активная безопасность,,,,,,,,,,Распред. тормозных усилий,,,,,,,,,,,,,,,,,,,,,,,,,,,,,,
"Volkswagen Jetta 1.6 AT, 2010, 237 000 км","4,8",765000,"Ставропольский край, Ставрополь, Уфимский пр.",2010,V (2005—2011),237 000 км,19 записей в отчёте Автотеки,Дубликат,4+,Не битый,1.6 AT (102 л.с.),1.6 л,Бензин,Автомат,Передний,Базовая,Седан,Чёрный,Левый,XW8Z*************,Не интересует,,,,,,,,,,,,,,,,,,,,,,,,,,,,,,,,,,,,,,,,,,,,,,,,,,,,,,,
"Volkswagen Polo 1.6 MT, 2020, 87 792 км","4,8",1220000,"Краснодарский край, Краснодар, Западный внутригородской округ, мкр-н Горгаз",2020,V рестайлинг (2015—2020),87 792 км,11 записей в отчёте Автотеки,Электронный,2,Не битый,1.6 MPI MT (90 л.с.),1.6 л,Бензин,Механика,Передний,Trendline,Седан,Белый,Левый,XW8Z*************,Возможен,,,,,,,,,,,,,,,,,,,,,,,,,,,,,,,,,,,,,,,,,,,,,,,,,,,,,,,
"Volkswagen Jetta 1.6 AT, 1985, 414 000 км","4,9",45000,"Новгородская обл., Парфинский р-н, Федорковское сельское поселение, д. Рудново, Новая ул.",1985,II (1984—1992),414 000 км,14 записей в отчёте Автотеки,Оригинал,2,Не битый,1.6 AT (72 л.с.),1.6 л,Бензин,Автомат,Передний,Базовая,Седан,Бордовый,Левый,WVWZ*************,Возможен,,,,,,,,Ткань,Светлый,,,,,,,,,,,,,,,,,,,,,,,,,,,,,,,,,,,,,,,,,,,,,,
"Volkswagen Passat 1.9 MT, 1992, 510 000 км","4,7",135000,"Москва, Кировоградская ул.",1992,B3 (1988—1993),510 000 км,4 записи в отчёте Автотеки,Оригинал,2,Не битый,1.9 MT (90 л.с.),1.9 л,Дизель,Механика,Передний,Базовая,Универсал,Серебряный,Левый,WVWZ*************,Не интересует,,,,,,,,,,,,,,,,,,,,,,,,,,,,,,,,,,,,,,,,,,,,,,,,,,,,,,,
"Volkswagen Golf 1.8 MT, 1993, 350 000 км","4,6",170000,"Санкт-Петербург, пр-т Просвещения, 100/121",1993,Mk3 (1991—2000),350 000 км,6 записей в отчёте Автотеки,Дубликат,4+,Не битый,1.8 MT (75 л.с.),1.8 л,Бензин,Механика,Передний,Базовая,Хетчбек 5-дверный,Пурпурный,Левый,WVWZ*************,Возможен,Сигнализация,Иммобилайзер,,,Гидравлический,Климат-контроль многозонный,Атермальное остекление,,,,,,,,,,,,,,,,,,,,,,,,,,,,,,,,,,,,,,,,,,,,,,,,
"Volkswagen Jetta 1.9 MT, 2008, 157 000 км","4,8",525000,"Санкт-Петербург, Комендантский пр-т, 21к2",2008,V (2005—2011),157 000 км,12 записей в отчёте Автотеки,Дубликат,4+,Не битый,1.9 TDI MT (105 л.с.),1.9 л,Дизель,Механика,Передний,Базовая,Седан,Синий,Левый,XW8Z*************,Возможен,,,,,Электрогидравлический,Климат-контроль многозонный,,Ткань,,,,,,,,,,,,,,,,,,,,,,,,,,,,,,Зимние шины в комплекте,,,,,,,,,,,,,,,,,
"Volkswagen Passat 1.8 AMT, 2011, 178 000 км","4,7",1250000,"Свердловская обл., Екатеринбург, пр-т Космонавтов, 108Д",2011,B7 (2010—2015),178 000 км,18 записей в отчёте Автотеки,Дубликат,3,Не битый,1.8 TSI DSG (152 л.с),1.8 л,Бензин,Робот,Передний,Highline,Седан,Чёрный,Левый,WVWZ*************,Не интересует,,,,,Электрический,Климат-контроль многозонный,,,,,,,Фронтальные,Шторки,Боковые задние,,,,,,,,,,,,,,,,,,,,,,,,,,,,,,,,,,,,,,,,
"Volkswagen Passat 1.8 MT, 2002, 316 304 км","4,7",290000,"Ставропольский край, Арзгирский муниципальный округ, с. Арзгир, Первомайская ул.",2002,B5 рестайлинг (2000—2005),316 304 км,6 записей в отчёте Автотеки,Дубликат,4+,Не битый,1.8 MT (150 л.с.),1.8 л,Бензин,Механика,Передний,Базовая,Седан,Серебряный,Левый,WVWZ*************,Возможен,,,,,Гидравлический,Климат-контроль однозонный,,,,,,,,,,,,,,,,,,,,,,,,,,,,,,,,,,,,,,,,,,,,,,,,,
"Volkswagen Passat 1.8 AMT, 2011, 246 000 км","4,7",950000,"Брянская обл., Брянск, ул. Крахмалёва, 8",2011,B7 (2010—2015),246 000 км,17 записей в отчёте Автотеки,Оригинал,3,Не битый,1.8 TSI DSG (152 л.с),1.8 л,Бензин,Робот,Передний,Style,Седан,Белый,Левый,WVWZ*************,Возможен,Центральный замок,,,,Гидравлический,Климат-контроль многозонный,Атермальное остекление,,,,,,,,,,,,,,,,,,,,,,,,,,,,,,,,,,,,,,,,,,,,,,,,
"Volkswagen Passat 2.0 MT, 2006, 219 545 км","4,6",690000,"Москва, ул. Академика Королёва, 32",2006,B6 (2005—2010),219 545 км,15 записей в отчёте Автотеки,Оригинал,4+,Не битый,2.0 TDI MT (140 л.с.),2 л,Дизель,Механика,Передний,Highline,Универсал,Чёрный,Левый,WVWZ*************,Не интересует,Сигнализация,Иммобилайзер,,,Электрогидравлический,Климат-контроль многозонный,,,,,,,,,,,,,,,,,,,,,,,,,,,,,,,,,,,,,,,,,,,,,,,,,
"Volkswagen Tiguan 2.0 AMT, 2018, 76 590 км","4,8",3095000,"Воронежская обл., Воронеж, ул. Остужева, 41",2018,II (2016—2020),76 590 км,18 записей в отчёте Автотеки,,2,Не битый,2.0 TSI 4MOTION DSG (220 л.с.),2 л,Бензин,Робот,Полный,,Внедорожник 5-дверный,Белый,Левый,XW8Z*************,,Центральный замок,,,,,Климат-контроль многозонный,,Кожа,,,,,,,,Антиблокировка тормозов,Курсовая устойчивость,,,,,,,,,,,,,,,,,,,,,,Люк,,,,,,,,,,,,,,,,
"Volkswagen Golf 1.6 MT, 2002, 310 000 км","4,7",299000,"Воронежская обл., Воронеж, ул. Димитрова, 55",2002,Mk4 (1997—2006),310 000 км,6 записей в отчёте Автотеки,Оригинал,4+,Не битый,1.6 MT (101 л.с.),1.6 л,Бензин,Механика,Передний,Базовая,Хетчбек 5-дверный,Чёрный,Левый,WVWZ*************,Не интересует,,,,,Гидравлический,,,,Тёмный,,,,,,,,,,,,,,,,,,,,,,,,,,,,,,,Аудиосистема8+ колонок,,,,,,,,,,,,,,,
"Volkswagen Polo 1.4 MT, 2010, 220 411 км","4,9",629000,"Кировская обл., Киров, ул. Ломоносова, 3",2010,V (2009—2015),220 411 км,10 записей в отчёте Автотеки,Оригинал,3,Не битый,1.4 MT (85 л.с.),1.4 л,Бензин,Механика,Передний,Style,Хетчбек 5-дверный,Синий,Левый,WVWZ*************,Возможен,,,,,Гидравлический,Кондиционер,Атермальное остекление,,,,,,Фронтальные,,,Антиблокировка тормозов,,,,,,,,,,,,,,,,,,,,,,,,,,,,,,,,,,,,,,,
"Volkswagen Polo 1.6 MT, 2011, 196 720 км","4,8",600000,"Костромская обл., Кострома, 8-й Окружной пр.",2011,V (2009—2015),196 720 км,6 записей в отчёте Автотеки,Оригинал,3,Не битый,1.6 MPI MT (105 л.с.),1.6 л,Бензин,Механика,Передний,Trendline,Седан,Синий,Левый,XW8Z*************,,Центральный замок,,,,,,,,,,,,,,,,Усилитель руля,,,,,,,,,,,,Активная безопасность,,,,,,,,,,,,Управление климатом,,,,,,,,,,,,,,
"Volkswagen Jetta 1.6 AT, 2016, 125 000 км","4,9",1330000,"Волгоградская обл., г.о. Волгоград, Краснооктябрьский район",2016,VI рестайлинг (2014—2019),125 000 км,12 записей в отчёте Автотеки,Оригинал,2,Не битый,1.6 MPI AT (110 л.с.),1.6 л,Бензин,Автомат,Передний,Highline,Седан,Серебряный,Левый,XW8Z*************,Возможен,,,,,Гидравлический,Климат-контроль однозонный,Атермальное остекление,Комбинированный,,,,,,,,,,,,,,,,,,,,,,,,,,,,,,,,,,,,,,,,,,,,,,,
"Volkswagen Tiguan 2.0 AT, 2011, 140 000 км","4,7",1169000,"Нижегородская обл., Нижний Новгород, ул. Пискунова",2011,I (2007—2011),140 000 км,4 записи в отчёте Автотеки,Оригинал,3,Не битый,2.0 TSI 4Motion AT (170 л.с.),2 л,Бензин,Автомат,Полный,,Внедорожник 5-дверный,Серебряный,Левый,XW8Z*************,Не интересует,,,,,Гидравлический,Климат-контроль однозонный,,Кожа,Тёмный,Передние и задние,Передних сидений,,,,,,,,,,,,,Заднего стекла,,,Передних сидений,,,,,,,,,,,,,,,,,,,,,,,,,,,,
"Volkswagen Tiguan 2.0 AT, 2014, 157 000 км","4,8",1489900,"Самарская обл., г.о. Самара, Октябрьский район",2014,I рестайлинг (2011—2019),157 000 км,23 записи в отчёте Автотеки,,3,Не битый,2.0 TDI 4Motion AT (140 л.с.),2 л,Дизель,Автомат,Полный,,Внедорожник 5-дверный,Чёрный,Левый,XW8Z*************,Возможен,,,,,,Климат-контроль многозонный,,Кожаный руль,,,,,Фронтальные,Шторки,Боковые задние,,,,,,,,,,,,,,,,,,,,,,,,,,,,,,,,,,,,,,,,
"Volkswagen Polo 1.6 AT, 2013, 257 000 км","4,8",620000,"Москва, Кировоградская ул., 22",2013,V (2009—2015),257 000 км,10 записей в отчёте Автотеки,Дубликат,4+,Не битый,1.6 MPI AT (105 л.с.),1.6 л,Бензин,Автомат,Передний,Sochi Edition,Седан,Белый,Левый,XW8Z*************,Не интересует,Центральный замок,,,,Гидравлический,Кондиционер,,,,,,,Фронтальные,,,,,,,,,,,,,,,,,,,,,,,,,,,,,,,,,,,,,,,,,,
"Volkswagen Tiguan 2.0 AT, 2011, 129 000 км","4,8",1600000,"Санкт-Петербург, Лиговский пр-т, 259М",2011,I рестайлинг (2011—2019),129 000 км,6 записей в отчёте Автотеки,Оригинал,2,Не битый,2.0 TDI 4Motion AT (140 л.с.),2 л,Дизель,Автомат,Полный,Cup,Внедорожник 5-дверный,Белый,Левый,XW8Z*************,Не интересует,,,,,,,,,,,,,,,,Антиблокировка тормозов,Курсовая устойчивость,Экстренное торможение,,,,,,,,,,,,,,,,,,,,,,,Управление климатом,Усилитель руля,Управление на руле,,,,,,,,,,,,
"Volkswagen Jetta 1.6 MT, 1987, 150 000 км","4,9",75000,"Смоленская обл., Рославльский р-н, Рославльское городское поселение, Рославль, пл. Ленина",1987,II (1984—1992),150 000 км,3 записи в отчёте Автотеки,Оригинал,3,Не битый,1.6 MT (75 л.с.),1.6 л,Бензин,Механика,Передний,Базовая,Седан,Синий,Левый,WVWG*************,Не интересует,,,,,,,,,,,,,,,,,,,,,,,,,,,,,,,,,,,,,,,,,,,,,,,,,,,,,,,
"Volkswagen Tiguan 1.4 MT, 2012, 202 000 км","4,8",1000000,"Ленинградская обл., Всеволожский р-н, Муринское городское поселение, Мурино, Оборонная ул., 26",2012,I рестайлинг (2011—2019),202 000 км,14 записей в отчёте Автотеки,Оригинал,2,Не битый,1.4 TSI MT (122 л.с.),1.4 л,Бензин,Механика,Передний,,Внедорожник 5-дверный,Синий,Левый,XW8Z*************,Не интересует,,,,,,Климат-контроль многозонный,,Ткань,,,,,,,,,,,,,,,,,,,,,,,,,,,,,,,Противоугонная система,,,,,,,,,,,,,,,,
"Volkswagen Polo 1.6 MT, 2013, 123 000 км","4,8",890000,"Пермский край, Пермь, ул. Чкалова, 15",2013,V (2009—2015),123 000 км,10 записей в отчёте Автотеки,Оригинал,3,Не битый,1.6 MPI MT (105 л.с.),1.6 л,Бензин,Механика,Передний,Sochi Edition,,Серебряный,Левый,XW8Z*************,Возможен,,,,,,,,,,,,,,,,,,,,,,,,,,,,,,,,,,,,,,,,,,,,,,,,,,,,,,,
"Volkswagen Passat 1.8 MT, 1999, 287 800 км","4,7",410000,"Москва, Варшавское ш. (дублёр)",1999,B5 (1996—2001),287 800 км,15 записей в отчёте Автотеки,Оригинал,3,Не битый,1.8 MT (150 л.с.),1.8 л,Бензин,Механика,Передний,Базовая,Универсал,Синий,Левый,WVWZ*************,Не интересует,,,,,,,,,,,,,,,,,,,,,,,,,,,,,,,,,,,,,,,,,,,,,,,,,,,,,,,
"Volkswagen Polo 1.6 AT, 2011, 150 000 км","4,8",900000,"Ставропольский край, Предгорный муниципальный округ, станица Ессентукская, ул. Павлова, 10Ак2",2011,V (2009—2015),150 000 км,15 записей в отчёте Автотеки,Оригинал,4+,Не битый,1.6 MPI AT (105 л.с.),1.6 л,Бензин,Автомат,Передний,Style,Седан,Серебряный,Левый,XW8Z*************,Не интересует,,,,,,,,Ткань,,Передние и задние,,,,,,,,,,,,,,Заднего стекла,,,Передних сидений,,,,,,,,,,,,Усилитель руля,,Управление климатом,,,,,,,,,,,,,,
"Volkswagen Touareg 2.5 AT, 2006, 324 000 км","4,7",950000,"Макеевский городской совет, Макеевка, Солнечный мкр-н",2006,I (2002—2006),324 000 км,14 записей в отчёте Автотеки,Дубликат,3,Не битый,2.5 TDI AT (174 л.с.),2.5 л,Дизель,Автомат,Полный,Базовая,Внедорожник 5-дверный,Серый,Левый,WVGZ*************,Не интересует,,,,,,,,,,,,,,,,,,,,,,,,,,,,,,,,,,,,,,,,,,,,,,,,,,,,,,,
"Volkswagen Polo 1.6 MT, 2013, 179 900 км","4,8",725000,"Санкт-Петербург, Пулковское ш., 73к2",2013,V (2009—2015),179 900 км,9 записей в отчёте Автотеки,Оригинал,3,Не битый,1.6 MPI MT (105 л.с.),1.6 л,Бензин,Механика,Передний,Style,Седан,Серый,Левый,XW8Z*************,Не интересует,,,,,,,,,,,,,,,,,,,,,,,,,,,,,,,,,,,,,,,,,,,,,,,,,,,,,,,
"Volkswagen Tiguan 1.4 AMT, 2021, битый, 19 573 км","4,9",1650000,"Москва, 6-я Радиальная ул., 5к5",2021,II рестайлинг (2020—2024),19 573 км,Проверить в Автотеке,Электронный,1,Битый,1.4 TSI DSG (150 л.с.),1.4 л,Бензин,Робот,Передний,Respect Plus,Внедорожник 5-дверный,Бежевый,Левый,XW8Z*************,Не интересует,,,,,Гидравлический,Климат-контроль многозонный,Противоугонная система,,,,,,,,,,,,,,,,,,,,,,,,,,,,,,,,,,,,,Центральный замок,,,,,,,,,,,
"Volkswagen Passat 1.8 MT, 1995, 410 000 км","4,8",195000,"Брянская обл., г.о. Клинцы, с. Займище, Клинцовская ул.",1995,B4 (1993—1997),410 000 км,9 записей в отчёте Автотеки,Оригинал,4+,Не битый,1.8 MT (90 л.с.),1.8 л,Бензин,Механика,Передний,Базовая,Седан,Зелёный,Левый,WVWZ*************,Не интересует,Центральный замок,,,,Гидравлический,,,Ткань,Тёмный,Передние и задние,Зеркал,,,,,,,,,,,,,,,,,,,,,,,,,,,Зимние шины в комплекте,,,,,,,Радио,,,,,,,,,,
"Volkswagen Golf 2.0 AT, 2007, 168 000 км","4,7",685000,"Челябинская обл., Челябинск, ул. Художника Русакова",2007,Mk5 (2003—2009),168 000 км,12 записей в отчёте Автотеки,Дубликат,4+,Не битый,2.0 FSI AT (150 л.с.),2 л,Бензин,Автомат,Передний,GT,Хетчбек 5-дверный,Чёрный,Левый,WVWZ*************,Не интересует,,,,,Гидравлический,Климат-контроль многозонный,,,,,,,,,,,,,,,,,,,Антипробуксовка,,,,,,,,Активная безопасность,,,,,,,,,,,,,Распред. тормозных усилий,,,,,,,,,
"Volkswagen Polo 1.6 MT, 2014, 206 000 км","4,8",1100000,"Республика Крым, Симферополь, Хвойный пер., 80",2014,V (2009—2015),206 000 км,6 записей в отчёте Автотеки,Оригинал,1,Не битый,1.6 MPI MT (105 л.с.),1.6 л,Бензин,Механика,Передний,Comfortline,Седан,Коричневый,Левый,XW8Z*************,Не интересует,Центральный замок,,,,Гидравлический,Кондиционер,,,,,,,Фронтальные,,,,,,,,,,,,,,,,,,,,,,,,,,,,,,,,,,,,,,,,,,
"Volkswagen Jetta 1.6 AT, 2008, 232 000 км","4,8",640000,"Санкт-Петербург, пр-т Наставников, 5к1",2008,V (2005—2011),232 000 км,6 записей в отчёте Автотеки,Оригинал,4+,Не битый,1.6 AT (102 л.с.),1.6 л,Бензин,Автомат,Передний,Базовая,Седан,Серый,Левый,XW8Z*************,Возможен,Сигнализация,Иммобилайзер,,,Электрогидравлический,Климат-контроль многозонный,Атермальное остекление,,,,,,,,,,,,,,,,,,,,,,,,,,,,,,,,,,,,,,,,,,,,,,,,
"Volkswagen Polo 1.6 AT, 2014, 234 000 км","4,8",895000,"Ставропольский край, Невинномысск, ул. Гагарина, 1Б",2014,V (2009—2015),234 000 км,7 записей в отчёте Автотеки,Оригинал,2,Не битый,1.6 MPI AT (105 л.с.),1.6 л,Бензин,Автомат,Передний,Highline,Седан,Белый,Левый,XW8Z*************,Не интересует,,,,,,,,,,,,,,,,,,,,,,,,,,,,,,,,,,,,,,,,,,,,,,,,,,,,,,,
"Volkswagen Touareg 3.0 AT, 2008, 290 000 км","4,6",750000,"Московская обл., Чехов, ул. Гагарина, 43",2008,I рестайлинг (2006—2010),290 000 км,12 записей в отчёте Автотеки,Оригинал,4+,Не битый,3.0 V6 TDI AT (240 л.с.),3 л,Дизель,Автомат,Полный,R-Line,Внедорожник 5-дверный,Бордовый,Левый,WVGZ*************,Возможен,,,,,,,,,,,,,,,,,,,,,,,,,,,,,,,,,,,,,,,,,,,,,,,,,,,,,,,
"Volkswagen Polo 1.6 MT, 2018, 157 000 км","4,8",825000,"Свердловская обл., Екатеринбург, ул. Машинистов, 14",2018,V рестайлинг (2015—2020),157 000 км,4 записи в отчёте Автотеки,Оригинал,2,Не битый,1.6 MPI MT (90 л.с.),1.6 л,Бензин,Механика,Передний,,Седан,Белый,Левый,XW8Z*************,Не интересует,,,,,,,,,,,,,,,,,,,,,,,,,,,,,,,,,,,,,,,,,,,,,,,,,,,,,,,
"Volkswagen Polo 1.6 MT, 2011, 121 000 км","4,8",780000,"Москва, Чертановская ул., 54к2",2011,V (2009—2015),121 000 км,12 записей в отчёте Автотеки,Оригинал,2,Не битый,1.6 MPI MT (105 л.с.),1.6 л,Бензин,Механика,Передний,Highline,Седан,Чёрный,Левый,XW8Z*************,Не интересует,,,,,Электрический,Климат-контроль однозонный,Атермальное остекление,,,,,,Фронтальные,Шторки,Боковые задние,,,,,,,,,,,,,,,,,,,,,,,,,,,,,,,,,,,,,,,,
"Volkswagen Passat 1.4 AMT, 2018, 126 000 км","4,9",2050000,"Республика Адыгея, Майкоп, пл. Ленина",2018,B8 (2014—2020),126 000 км,11 записей в отчёте Автотеки,Оригинал,3,Не битый,1.4 TSI DSG (150 л.с.),1.4 л,Бензин,Робот,Передний,Trendline,Седан,Белый,Левый,WVWZ*************,Не интересует,,,,,,,,,,,,,,,,,,,,,,,,,,,,,,,,,,,,,,,,,,,,,,,,,,,,,,,
"Volkswagen Jetta 1.4 AT, 2020, 115 000 км","5,0",1850000,"Краснодарский край, Крымский р-н, Крымское городское поселение, Крымск, ул. Свердлова, 111",2020,VII (2018—2021),115 000 км,2 записи в отчёте Автотеки,Электронный,1,Не битый,1.4 TSI AT (150 л.с.),1.4 л,Бензин,Автомат,Передний,Status,Седан,Белый,Левый,3VWC*************,Не интересует,,,,,Электрогидравлический,Климат-контроль многозонный,,,,,,,Фронтальные,Шторки,Боковые задние,,,,,,,,,,,,,,,,,,,,,,,,,,,,,,,,,,,,,,,,
"Volkswagen Jetta 1.6 AT, 2015, 162 100 км","4,9",1270000,"Республика Башкортостан, Октябрьский, ул. Космонавтов, 30В",2015,VI рестайлинг (2014—2019),162 100 км,5 записей в отчёте Автотеки,Оригинал,2,Не битый,1.6 MPI AT (105 л.с.),1.6 л,Бензин,Автомат,Передний,,Седан,Белый,Левый,XW8Z*************,Не интересует,,,,,Электрический,Кондиционер,,,,,,,Фронтальные,,,,,,,,,,,,,,,,,,,,,,,,,,,,,,,,,,,,,,,,,,
"Volkswagen Jetta 1.6 AT, 2013, 178 000 км","4,8",900000,"Нижегородская обл., Нижний Новгород",2013,VI (2010—2015),178 000 км,18 записей в отчёте Автотеки,Оригинал,1,Не битый,1.6 AT (105 л.с.),1.6 л,Бензин,Автомат,Передний,Comfortline,Седан,Чёрный,Левый,XW8Z*************,,,,,,,,,,,,,,,,,,,,,,,,,,,,,,,,,,,,,,,,,,,,,,,,,,,,,,,,
"Volkswagen Polo 1.4 AT, 2003, 197 000 км","4,5",435000,"Ростовская обл., Ростов-на-Дону, ул. Оганова, 1",2003,IV (2001—2005),197 000 км,10 записей в отчёте Автотеки,Дубликат,4+,Не битый,1.4 AT (75 л.с.),1.4 л,Бензин,Автомат,Передний,Базовая,Хетчбек 5-дверный,Серый,Левый,WVWZ*************,Не интересует,,,,,Гидравлический,,,,,Только передние,,,,,,,,,,,,,,,,,,,,,,,,,,,,,,,,,,,,,РадиоAUXBluetooth,,,,,,,,
"Volkswagen Passat 1.8 MT, 2008, 197 000 км","4,8",650000,"Санкт-Петербург, пр-т Стачек, 92к1",2008,B6 (2005—2010),197 000 км,5 записей в отчёте Автотеки,,3,Не битый,1.8 TSI MT (160 л.с.),1.8 л,Бензин,Механика,Передний,Базовая,Седан,Синий,Левый,XW8Z*************,Не интересует,,,,Управление климатом,,,,,,,,,,,,,,,,,,,,,,,,,,Датчик дождя,Круиз-контроль,Усилитель руля,,,,,,,,,,,,,,,,,,,,,,,
"Volkswagen Polo 1.6 MT, 2013, 280 000 км","4,8",750000,"Ставропольский край, Кисловодск",2013,V (2009—2015),280 000 км,16 записей в отчёте Автотеки,,4+,Не битый,1.6 MPI MT (105 л.с.),1.6 л,Бензин,Механика,Передний,,Седан,Чёрный,Левый,XW8Z*************,Не интересует,,,,,,,,,,,,,,,,,,,,,,,,,,,,,,,,,,,,,,,,,,,,,,,,,,,,,,,
"Volkswagen Tiguan 2.0 AT, 2011, 169 000 км","4,8",1489000,"Самарская обл., Самара, Дачная ул., 26",2011,I рестайлинг (2011—2019),169 000 км,20 записей в отчёте Автотеки,Оригинал,2,Не битый,2.0 TSI 4Motion AT (180 л.с.),2 л,Бензин,Автомат,Полный,Club,Внедорожник 5-дверный,Белый,Левый,XW8Z*************,Возможен,Центральный замок,,,,Гидравлический,Управление на руле,,,,,,,,,,,,,,,,,,,,,,,,,,,,,,,,,,,,,,,,,,,,,,,,,
"Volkswagen Tiguan 1.4 MT, 2011, 195 000 км","4,8",1190000,"Санкт-Петербург, пр-т Ветеранов, 109к1",2011,I рестайлинг (2011—2019),195 000 км,6 записей в отчёте Автотеки,Оригинал,2,Не битый,1.4 TSI MT (122 л.с.),1.4 л,Бензин,Механика,Передний,Trend&Fun,Внедорожник 5-дверный,Чёрный,Левый,XW8Z*************,Не интересует,Центральный замок,,,,Электрический,Климат-контроль многозонный,,,,,,,,,,,,,,,,,,,,,,,,,,,,,,,,,,,,,,,,,,,,,,,,,
"Volkswagen Polo 1.6 AT, 2013, 198 000 км","4,8",770000,"Воронежская обл., Воронеж, ул. Любы Шевцовой, 36А",2013,V (2009—2015),198 000 км,16 записей в отчёте Автотеки,Оригинал,1,Не битый,1.6 MPI AT (105 л.с.),1.6 л,Бензин,Автомат,Передний,Comfortline,Седан,Чёрный,Правый,XW8Z*************,Не интересует,,,,,,,,,,,,,,,,Антиблокировка тормозов,Курсовая устойчивость,Усилитель руля,,,,,,,,,,,,,,,,,,,,,,,Управление климатом,,,,,,,,,,,,,,
"Volkswagen Tiguan 2.0 AMT, 2019, 80 000 км","4,8",3050000,"Самарская обл., г.о. Тольятти, Автозаводский район",2019,II (2016—2020),80 000 км,12 записей в отчёте Автотеки,Оригинал,3,Не битый,2.0 TSI 4MOTION DSG (180 л.с.),2 л,Бензин,Робот,Полный,Sportline,Внедорожник 5-дверный,Серый,Левый,XW8Z*************,Не интересует,Сигнализация,Иммобилайзер,,,Электрический,Климат-контроль многозонный,Атермальное остекление,,,,,,,,,,,,,,,,,,,,,,,,,,,,,,,,,,,,,,,,,,,,,,,,
"Volkswagen Golf 1.4 MT, 2011, 141 000 км","4,8",700000,"Пермский край, Пермь, ул. Карпинского, 67",2011,Mk6 (2008—2012),141 000 км,13 записей в отчёте Автотеки,Оригинал,1,Не битый,1.4 MT (80 л.с.),1.4 л,Бензин,Механика,Передний,,Хетчбек 5-дверный,Чёрный,Левый,WVWZ*************,Возможен,,,,,Гидравлический,,,,,,,,,,,,,,,,,,,,,,,,,,,,,,,,,,,,,,,,,,,,,,,,,,
"Volkswagen Passat 1.8 AMT, 2010, 310 000 км","4,8",655000,"Свердловская обл., Асбестовский г.о., Асбест, ул. Мира, 5/2",2010,B6 (2005—2010),310 000 км,13 записей в отчёте Автотеки,Оригинал,4+,Не битый,1.8 TSI DSG (152 л.с.),1.8 л,Бензин,Робот,Передний,Comfortline,Седан,Серебряный,Левый,XW8Z*************,Возможен,,,,,,,,,,,,,,,,,,,,,,,,,,,,,,,,,,,,,,,,,,,,,,,,,,,,,,,
"Volkswagen Polo 1.6 AT, 2018, 280 000 км","4,8",970000,"Краснодарский край, Отрадненский р-н, Отрадненское сельское поселение, станица Отрадная, ул. Толстого, 301",2018,V рестайлинг (2015—2020),280 000 км,5 записей в отчёте Автотеки,Оригинал,2,Не битый,1.6 MPI AT (110 л.с.),1.6 л,Бензин,Автомат,Передний,,Седан,Белый,Левый,XW8Z*************,Не интересует,,,Боковые передние,,Электрический,Кондиционер,,,,,,,,,,,,,,,,,,,,,,,,,,,Подушки безопасности,,,,,,,,,,,,,,,,,,,,,,
"Volkswagen Polo 1.6 MT, 2013, 139 001 км","4,8",849000,"Брянская обл., Брянск, Базарная ул., 1",2013,V (2009—2015),139 001 км,10 записей в отчёте Автотеки,Оригинал,2,Не битый,1.6 MPI MT (105 л.с.),1.6 л,Бензин,Механика,Передний,Trendline,Седан,Белый,Левый,XW8Z*************,Не интересует,,,,,,,,,,,,,,,,,,,,,,,,,,,,,,,,,,,,,,,,,,,,,,,,,,,,,,,
"Volkswagen Caddy 2.0 MT, 2017, 153 000 км","4,6",2200000,"Санкт-Петербург, территория Пороховые",2017,IV (2015—2020),153 000 км,2 записи в отчёте Автотеки,,1,Не битый,2.0 TDI MT (140 л.с.),2 л,Дизель,Механика,Передний,,Минивэн,Серый,Левый,WV2Z*************,Не интересует,,,,,,,,,,,,,,,,,,,,,,,,,,,,,,,,,,,,,,,,,,,,,,,,,,,,,,,
"Volkswagen Jetta 1.6 MT, 2008, 350 000 км","4,8",600000,"Смоленская обл., Рославльский р-н, Рославльское городское поселение, Рославль, пл. Ленина",2008,V (2005—2011),350 000 км,21 запись в отчёте Автотеки,Оригинал,2,Не битый,1.6 MT (102 л.с.),1.6 л,Бензин,Механика,Передний,Trendline,Седан,Серебряный,Левый,XW8Z*************,Не интересует,Центральный замок,,,,Электрический,Климат-контроль многозонный,Атермальное остекление,,,,,,,,,,,,,,,,,,,,,,,,,,,,,,,,,,,,,,,,,,,,,,,,
"Volkswagen Golf 1.4 AMT, 2011, 135 000 км","4,8",425000,"Нижегородская обл., Дзержинск, ул. Терешковой, 62А",2011,Mk6 (2008—2012),135 000 км,10 записей в отчёте Автотеки,Оригинал,2,Не битый,1.4 TSI DSG (122 л.с.),1.4 л,Бензин,Робот,Передний,,Хетчбек 3-дверный,Серый,Левый,WVWZ*************,Не интересует,,,,,Гидравлический,Климат-контроль однозонный,,,,,,,Фронтальные,Шторки,Боковые задние,,,,,,,,,,,,,,,,,,,,,,,,,,,,,,,,,,,,,,,,
"Volkswagen Polo 1.6 AT, 2012, 109 000 км","4,8",820000,"Омская обл., Омск, мкр-н Городок Нефтяников, ул. Энтузиастов, 37/1",2012,V (2009—2015),109 000 км,8 записей в отчёте Автотеки,Оригинал,4+,Не битый,1.6 MPI AT (105 л.с.),1.6 л,Бензин,Автомат,Передний,Comfortline,Седан,Чёрный,Левый,XW8Z*************,Возможен,,,,,Электрический,Климат-контроль однозонный,,Ткань,,,,,,,,,,,,,Электростеклоподъемники,,Электропривод,,,,,,,,,,,,,,,,Цвет салона,,,,,,,,,Обогрев,,,,,,,
"Volkswagen Polo 1.6 AT, 2020, 144 396 км","4,8",950000,"Москва, ул. Мичуринский Проспект, Олимпийская Деревня, 4к1",2020,V рестайлинг (2015—2020),144 396 км,4 записи в отчёте Автотеки,Электронный,2,Не битый,1.6 MPI AT (110 л.с.),1.6 л,Бензин,Автомат,Передний,Trendline,Седан,Белый,Левый,XW8Z*************,Не интересует,,,,,Гидравлический,Кондиционер,,,,,,,Фронтальные,,,Антиблокировка тормозов,,,,,,,,,,,,,,,,,,,,,,,,,,,,,,,,,,,,,,,
"Volkswagen Polo 1.6 MT, 2020, 20 637 км","4,8",1550000,"Челябинская обл., Миасс, ул. Степана Разина",2020,V рестайлинг (2015—2020),20 637 км,3 записи в отчёте Автотеки,Электронный,1,Не битый,1.6 MPI MT (90 л.с.),1.6 л,Бензин,Механика,Передний,Connect,Седан,Белый,Левый,XW8Z*************,Не интересует,,,,,Электрический,Климат-контроль однозонный,Атермальное остекление,,,,,,Фронтальные,,,,,,,,,,,,,,,,,,,,,,,,,,,,,,,,,,,,,,,,,,
"Volkswagen Polo 1.6 MT, 2011, 247 000 км","4,8",650000,"Пермский край, Пермь, ул. Василия Васильева, 1Б",2011,V (2009—2015),247 000 км,8 записей в отчёте Автотеки,Оригинал,2,Не битый,1.6 MPI MT (85 л.с.),1.6 л,Бензин,Механика,Передний,Club,Седан,Серый,Левый,XW8Z*************,Не интересует,,,,,,,,,,,,,,,,,,,,,,,,,,,,,,,,,,,,,,,,,,,,,,,,,,,,,,,
"Volkswagen Polo 1.6 AT, 2017, 165 500 км","4,8",1200000,"Ставропольский край, Ставрополь, ул. Тухачевского, 30",2017,V рестайлинг (2015—2020),165 500 км,27 записей в отчёте Автотеки,Оригинал,2,Не битый,1.6 MPI AT (110 л.с.),1.6 л,Бензин,Автомат,Передний,Select,Седан,Чёрный,Левый,XW8Z*************,Не интересует,,,,,,Управление на руле,,,,,,,,,,,,,,,,,,,,,,,,,,,Электростеклоподъемники,,,,,,,,,,,,,,,,,,,,,,
"Volkswagen Jetta 1.4 AT, 2017, 132 749 км","4,9",1390000,"Ростовская обл., Аксайский р-н, Аксайское городское поселение, Аксай, Аксайский пр-т, 15",2017,VI рестайлинг (2014—2019),132 749 км,Проверить в Автотеке,,1,Не битый,1.4 TSI AT (150 л.с.),1.4 л,Бензин,Автомат,Передний,Base,Седан,Серый,Левый,3VWD*************,,,,,,,,,,,,,,,,,,,,,,,,,,,,,,,,,,,,,,,,,,,,,,,,,,,,,,,,
"Volkswagen Tiguan 2.0 AT, 2015, 137 920 км","4,8",1090000,"Москва, Северо-Восточный административный округ, Останкинский район, Выставка достижений народного хозяйства",2015,I рестайлинг (2011—2019),137 920 км,11 записей в отчёте Автотеки,Оригинал,2,Не битый,2.0 TDI 4Motion AT (140 л.с.),2 л,Дизель,Автомат,Полный,Cup,Внедорожник 5-дверный,Серебряный,Левый,XW8Z*************,,,,,,,,,,,,,,,,,,,,Т,Есть сервисная книжка,,,,,,,,,,,,,,,,,,,,,,,,,,,,,На гарантии,,,,,,
"Volkswagen Golf 1.2 MT, 2013, 176 000 км","4,8",840000,"Республика Карелия, Петрозаводский г.о., Петрозаводск, пл. Ленина",2013,Mk7 (2012—2017),176 000 км,14 записей в отчёте Автотеки,Оригинал,2,Не битый,1.2 TSI MT (105 л.с.),1.2 л,Бензин,Механика,Передний,Comfortline,Хетчбек 5-дверный,Чёрный,Левый,WVWZ*************,Не интересует,,,,,Электрический,Климат-контроль многозонный,,,,,,,Фронтальные,Шторки,Боковые задние,,,,,,,,,,,,,,,,,,,,,,,,,,,,,,,,,,,,,,,,
"Volkswagen Touareg 2.5 AT, 2005, 345 000 км","4,7",850000,"Ростовская обл., Ростов-на-Дону, ул. Малиновского, 73",2005,I (2002—2006),345 000 км,14 записей в отчёте Автотеки,,4+,Не битый,2.5 TDI AT (174 л.с.),2.5 л,Дизель,Автомат,Полный,Базовая,Внедорожник 5-дверный,Серый,Левый,WVGZ*************,Возможен,,,,,,,,,,,,,,,,,,,,,,,,,,,,,,,,,,,,,,,,,,,,,,,,,,,,,,,
"Volkswagen Polo 1.6 AT, 2017, 99 000 км","4,8",1220000,"Волгоградская обл., Волгоград, ул. Джамбула Джабаева, 3",2017,V рестайлинг (2015—2020),99 000 км,14 записей в отчёте Автотеки,Оригинал,2,Не битый,1.6 MPI AT (110 л.с.),1.6 л,Бензин,Автомат,Передний,,Седан,Белый,Левый,XW8Z*************,Не интересует,,,,,,,,,,,,,,,,,,,,,,,,,,,,,,,,,,,,,,,,,,,,,,,,,,,,,,,
"Volkswagen Passat 1.4 AMT, 2015, 152 786 км","4,9",1450000,"Московская обл., г.о. Красногорск, д. Путилково, территория Гринвуд, с31",2015,B8 (2014—2020),152 786 км,17 записей в отчёте Автотеки,Оригинал,2,Не битый,1.4 TSI DSG (150 л.с.),1.4 л,Бензин,Робот,Передний,Business,Седан,Чёрный,Левый,WVWZ*************,Не интересует,,,,,,,,,,,,,,,,,,,,,,,,,,,,,,,,,,,,,,,,,,,,,,,,,,,,,,,
"Volkswagen Passat 1.9 MT, 1999, 242 000 км","4,6",450000,"Краснодарский край, Новороссийск, пр-т Дзержинского, 220",1999,B5 (1996—2001),242 000 км,2 записи в отчёте Автотеки,Оригинал,3,Не битый,1.9 TDI MT (110 л.с.),1.9 л,Дизель,Механика,Передний,Базовая,Седан,Синий,Левый,WVWZ*************,Не интересует,,,,,,,,,,,,,,,,,,,,,,,,,,,,,,,,,,,,,,,,,,,,,,,,,,,,,,,
"Volkswagen Tiguan 2.0 AMT, 2020, 35 200 км","4,8",3300000,"Самарская обл., Самара, Ново-Садовая ул., 347А",2020,II (2016—2020),35 200 км,3 записи в отчёте Автотеки,Оригинал,2,Не битый,2.0 TDI 4MOTION DSG (150 л.с.),2 л,Дизель,Робот,Полный,Sportline,Внедорожник 5-дверный,Коричневый,Левый,XW8Z*************,Возможен,Сигнализация,Иммобилайзер,,,Гидравлический,Климат-контроль многозонный,Атермальное остекление,,,,,,,,,,,,,,,,,,,,,,,,,,,,,,,,,,,,,,,,,,,,,,,,
"Volkswagen Polo 1.6 MT, 2019, 70 000 км","4,8",1250000,"Тульская обл., Щёкинский р-н, муниципальное образование Щёкино, Щёкино, ул. Болдина",2019,V рестайлинг (2015—2020),70 000 км,5 записей в отчёте Автотеки,Оригинал,2,Не битый,1.6 MPI MT (110 л.с.),1.6 л,Бензин,Механика,Передний,Select,Седан,Синий,Левый,XW8Z*************,Возможен,Сигнализация,,,,Гидравлический,Кондиционер,,,,,,,Фронтальные,,,,,,,,,,,,,,,,,,,,,,,,,,,,,,,,,,,,,,,,,,
"Volkswagen Golf 1.4 AMT, 2011, 218 000 км","4,8",700000,"Республика Крым, г.о. Симферополь, пгт. Аграрное, Парковая ул.",2011,Mk6 (2008—2012),218 000 км,18 записей в отчёте Автотеки,Оригинал,4+,Не битый,1.4 TSI DSG (122 л.с.),1.4 л,Бензин,Робот,Передний,Style,Хетчбек 5-дверный,Серебряный,Левый,WVWZ*************,Не интересует,,,,,,,,,,,,,,,,,,,,,,,,,,,,,,,,,,,,,,,,,,,,,,,,,,,,,,,
"Volkswagen Polo 1.6 MT, 2013, 123 000 км","4,8",890000,"Пермский край, Пермь, ул. Чкалова, 15",2013,V (2009—2015),123 000 км,10 записей в отчёте Автотеки,Оригинал,3,Не битый,1.6 MPI MT (105 л.с.),1.6 л,Бензин,Механика,Передний,Sochi Edition,,Серебряный,Левый,XW8Z*************,Возможен,,,,,,,,,,,,,,,,,,,,,,,,,,,,,,,,,,,,,,,,,,,,,,,,,,,,,,,
"Volkswagen Passat 1.6 MT, 2000, 335 000 км","4,6",300000,"Смоленская обл., Смоленск, ул. Октябрьской Революции",2000,B5 (1996—2001),335 000 км,8 записей в отчёте Автотеки,,4+,Не битый,1.6 MT (101 л.с.),1.6 л,Бензин,Механика,Передний,Базовая,Седан,Синий,Левый,WVWZ*************,Не интересует,,,,,Электрический,,,,,,,,,,,,,,,,,"Шины и диски15""",,,,,Зеркал,,,,,,,,,,,,,,,,,,,,,,,,,,,,
"Volkswagen Jetta 1.6 MT, 1985, 150 000 км","4,9",195000,"Ставропольский край, Ставрополь, Шпаковская ул., 98",1985,II (1984—1992),150 000 км,11 записей в отчёте Автотеки,Оригинал,2,Не битый,1.6 MT (60 л.с.),1.6 л,Дизель,Механика,Передний,Базовая,Седан,Серый,Левый,WVWZ*************,Не интересует,,,,,,,,,,,,,,,,,,,,,,,,,,,,,,,,,,,,,,,,,,,,,,,,,,,,,,,
"Volkswagen Tiguan 2.0 AT, 2009, 179 345 км","4,7",1250000,"Мурманская обл., Мурманск, Ледокольный пр., 11",2009,I (2007—2011),179 345 км,7 записей в отчёте Автотеки,Оригинал,3,Не битый,2.0 TSI 4Motion AT (170 л.с.),2 л,Бензин,Автомат,Полный,Sport&Style,Внедорожник 5-дверный,Серый,Левый,XW8Z*************,Не интересует,,,,,,,,,,,,,,,,,,,,,,,,,,,,,,,,,,,,,,,,,,,,,,,,,,,,,,,
"Volkswagen Polo 1.6 AT, 2011, битый, 152 000 км","4,8",320000,"Московская обл., Егорьевск, ул. Красной Армии, 26",2011,V (2009—2015),152 000 км,8 записей в отчёте Автотеки,Оригинал,2,Битый,1.6 MPI AT (105 л.с.),1.6 л,Бензин,Автомат,Передний,Comfortline,Седан,Серебряный,Левый,XW8Z*************,Не интересует,,,,,,,,,,,,,,,,,,,,,,,,,,,,,,,,,,,,,,,,,,,,,,,,,,,,,,,
"Volkswagen Golf 1.6 AMT, 2010, 237 000 км","4,8",880000,"Республика Крым, Кировский р-н, городское поселение Старый Крым, Старый Крым, Красная пл.",2010,Mk6 (2008—2012),237 000 км,18 записей в отчёте Автотеки,Дубликат,4+,Не битый,1.6 DSG (102 л.с.),1.6 л,Бензин,Робот,Передний,Trendline,Хетчбек 5-дверный,Серебряный,Левый,XW8Z*************,Не интересует,,,,,Электрический,Климат-контроль многозонный,,,,,,,,,,,,,,,,,,,Антипробуксовка,,,,,,,,Активная безопасность,,,,,,,,,,,,,Распред. тормозных усилий,,,,,,,,,
"Volkswagen Polo 1.6 MT, 2017, 106 000 км","4,8",890000,"Пермский край, Пермь, ул. Спешилова, 109",2017,V рестайлинг (2015—2020),106 000 км,8 записей в отчёте Автотеки,,2,Не битый,1.6 MPI MT (90 л.с.),1.6 л,Бензин,Механика,Передний,Life,Седан,Синий,Левый,XW8Z*************,,,Иммобилайзер,,,,Кондиционер,,Ткань,,,,,Фронтальные,,,,,,,,,,,,,,,,,,,,,,,,,,Противоугонная система,,,,,,,,,,,,,,,,
"Volkswagen Passat 1.6 MT, 1991, 250 000 км","4,7",125000,"Санкт-Петербург, пр-т Ветеранов, 173к7",1991,B3 (1988—1993),250 000 км,8 записей в отчёте Автотеки,Дубликат,4+,Не битый,1.6 MT (80 л.с.),1.6 л,Дизель,Механика,Передний,Базовая,Седан,Пурпурный,Левый,WVWZ*************,Возможен,,,,,,,,,,,,,,,,,,,,,,,,,,,,,,,,,,,,,,,,,,,,,,,,,,,,,,,
"Volkswagen Golf 1.6 AMT, 2009, 280 000 км","4,8",650000,"Воронежская обл., Новоусманский р-н, с. Новая Усмань, пл. Мира",2009,Mk6 (2008—2012),280 000 км,14 записей в отчёте Автотеки,Дубликат,3,Не битый,1.6 DSG (102 л.с.),1.6 л,Бензин,Робот,Передний,Trendline,Хетчбек 5-дверный,Красный,Левый,XW8Z*************,Возможен,,,,,Гидравлический,,,Ткань,,,,,,,,,,,,,,,,,Антипробуксовка,,,,,,,,,,,,,,Активная безопасность,,,,,,,,,,,,,,,,
"Volkswagen Polo 1.6 AT, 2020, 18 000 км","4,7",1650000,"Москва, Новомосковский административный округ, поселение Московский, д. Румянцево, Бизнес Парк Румянцево",2020,VI (2020—2023),18 000 км,Проверить в Автотеке,Электронный,1,Не битый,1.6 MPI AT (110 л.с.),1.6 л,Бензин,Автомат,Передний,Exclusive,Лифтбек,Белый,Левый,XW8Z*************,Не интересует,Центральный замок,,Шторки,,Электрический,Кондиционер,,,,,,,,,,,,,,,,,,,,,,,Подушки безопасности,,,,,,,,,,,,,,,,,,,,,,,,,,
"Volkswagen Passat 1.8 AT, 1998, 350 000 км","4,6",260000,"Республика Крым, Феодосия, б-р Старшинова",1998,B5 (1996—2001),350 000 км,Проверить в Автотеке,Дубликат,4+,Не битый,1.8 AT (125 л.с.),1.8 л,Бензин,Автомат,Передний,Базовая,Седан,Серый,Левый,WVWZ*************,,,,,,Гидравлический,Кондиционер,,Ткань,,Передние и задние,,,,,,,,,,,,,,,,,,,,,,,,,,,,,,,,,,,,,,,,,,,,,
"Volkswagen Passat 2.0 AMT, 2008, 203 500 км","4,8",730000,"Тверская обл., Тверь, ул. Левитана, 58",2008,B6 (2005—2010),203 500 км,12 записей в отчёте Автотеки,Оригинал,3,Не битый,2.0 TDI DSG (140 л.с.),2 л,Дизель,Робот,Передний,Highline,Седан,Чёрный,Левый,WVWZ*************,Не интересует,,,,,,,,,,,,,,,,,,,,,,,,,,,,,,,,,,,,,,,,,,,,,,,,,,,,,,,
"Volkswagen Polo 1.6 MT, 2020, 52 000 км","4,7",1784000,"Новгородская обл., Новгородский р-н, Ермолинское сельское поселение, д. Лешино, 2В",2020,VI (2020—2023),52 000 км,9 записей в отчёте Автотеки,Электронный,1,Не битый,1.6 MPI MT (110 л.с.),1.6 л,Бензин,Механика,Передний,Exclusive,Лифтбек,Серебряный,Левый,XW8Z*************,Не интересует,,,,,Электрический,Климат-контроль однозонный,Атермальное остекление,,,,,,Фронтальные,,,,,,,,,,,,,Боковые передние,,,,,,,,,,,,,,,,,,,,,,,,,,,,,
"Volkswagen Jetta 1.4 MT, 2014, 168 742 км","4,8",970000,"Белгородская обл., Белгород, Соборная пл.",2014,VI (2010—2015),168 742 км,11 записей в отчёте Автотеки,Дубликат,4+,Не битый,1.4 TSI MT (122 л.с.),1.4 л,Бензин,Механика,Передний,Style,Седан,Серебряный,Левый,XW8Z*************,Не интересует,,,,,Гидравлический,Климат-контроль многозонный,,,,,,,,,,,,,,,,,,,Антипробуксовка,,,,,,,,Активная безопасность,,,,,,,,,,,,,,,,,,,,,,
"Volkswagen Polo 1.6 AT, 2013, 198 000 км","4,8",770000,"Воронежская обл., Воронеж, ул. Любы Шевцовой, 36А",2013,V (2009—2015),198 000 км,16 записей в отчёте Автотеки,Оригинал,1,Не битый,1.6 MPI AT (105 л.с.),1.6 л,Бензин,Автомат,Передний,Comfortline,Седан,Чёрный,Правый,XW8Z*************,Не интересует,,,,,,,,,,,,,,,,Антиблокировка тормозов,Курсовая устойчивость,Усилитель руля,,,,,,,,,,,,,,,,,,,,,,,Управление климатом,,,,,,,,,,,,,,
"Volkswagen Tiguan 2.0 AMT, 2018, 76 590 км","4,8",3095000,"Воронежская обл., Воронеж, ул. Остужева, 41",2018,II (2016—2020),76 590 км,18 записей в отчёте Автотеки,,2,Не битый,2.0 TSI 4MOTION DSG (220 л.с.),2 л,Бензин,Робот,Полный,,Внедорожник 5-дверный,Белый,Левый,XW8Z*************,,Центральный замок,,,,,Климат-контроль многозонный,,Кожа,,,,,,,,Антиблокировка тормозов,Курсовая устойчивость,,,,,,,,,,,,,,,,,,,,,,Люк,,,,,,,,,,,,,,,,
"Volkswagen Passat 1.8 AT, 2002, 189 594 км","4,7",545000,"Республика Крым, Красногвардейский р-н, Красногвардейское сельское поселение, пгт. Красногвардейское, Красногвардейская ул.",2002,B5 рестайлинг (2000—2005),189 594 км,8 записей в отчёте Автотеки,Оригинал,2,Не битый,1.8 AT (170 л.с.),1.8 л,Бензин,Автомат,Передний,Базовая,Седан,Серебряный,Левый,WVWP*************,Возможен,,,,,Гидравлический,Кондиционер,,,,,Задних сидений,,,,,,,,,,,,,,,,,,,,,,,,,,,,,,,,,,,,,,,,,,,,
"Volkswagen Passat 1.8 AMT, 2010, 310 000 км","4,8",655000,"Свердловская обл., Асбестовский г.о., Асбест, ул. Мира, 5/2",2010,B6 (2005—2010),310 000 км,13 записей в отчёте Автотеки,Оригинал,4+,Не битый,1.8 TSI DSG (152 л.с.),1.8 л,Бензин,Робот,Передний,Comfortline,Седан,Серебряный,Левый,XW8Z*************,Возможен,,,,,,,,,,,,,,,,,,,,,,,,,,,,,,,,,,,,,,,,,,,,,,,,,,,,,,,
"Volkswagen Passat 1.9 MT, 1993, 245 000 км","4,7",370000,"Калининградская обл., Советский г.о., Советск, Калининградское ш., 1А",1993,B3 (1988—1993),245 000 км,Проверить в Автотеке,Оригинал,1,Не битый,1.9 MT (75 л.с.),1.9 л,Дизель,Механика,Передний,Базовая,Универсал,Красный,Левый,WVWZ*************,Не интересует,,,,,Гидравлический,,,Ткань,Тёмный,,Зеркал,,,,,,,,,,,,,,,,,,,,,,,,,,,,,,,,,,Радио,,,,,,,,,,
"Volkswagen Tiguan 2.0 AMT, 2020, 35 200 км","4,8",3300000,"Самарская обл., Самара, Ново-Садовая ул., 347А",2020,II (2016—2020),35 200 км,3 записи в отчёте Автотеки,Оригинал,2,Не битый,2.0 TDI 4MOTION DSG (150 л.с.),2 л,Дизель,Робот,Полный,Sportline,Внедорожник 5-дверный,Коричневый,Левый,XW8Z*************,Возможен,Сигнализация,Иммобилайзер,,,Гидравлический,Климат-контроль многозонный,Атермальное остекление,,,,,,,,,,,,,,,,,,,,,,,,,,,,,,,,,,,,,,,,,,,,,,,,
"Volkswagen Golf 1.4 AMT, 2011, 218 000 км","4,8",700000,"Республика Крым, г.о. Симферополь, пгт. Аграрное, Парковая ул.",2011,Mk6 (2008—2012),218 000 км,18 записей в отчёте Автотеки,Оригинал,4+,Не битый,1.4 TSI DSG (122 л.с.),1.4 л,Бензин,Робот,Передний,Style,Хетчбек 5-дверный,Серебряный,Левый,WVWZ*************,Не интересует,,,,,,,,,,,,,,,,,,,,,,,,,,,,,,,,,,,,,,,,,,,,,,,,,,,,,,,
"Volkswagen Jetta 1.6 MT, 2016, 110 000 км","4,9",1325000,"Белгородская обл., Новооскольский г.о., Новый Оскол, Белгородская ул.",2016,VI рестайлинг (2014—2019),110 000 км,23 записи в отчёте Автотеки,Оригинал,2,Не битый,1.6 MPI MT (110 л.с.),1.6 л,Бензин,Механика,Передний,,Седан,Чёрный,Левый,XW8Z*************,Не интересует,,,,,Электрический,Атермальное остекление,,,,,,,,,,Антиблокировка тормозов,,,,,,,,,,,,,,,,,,,,,,,,,,,,,,,,,,,,,,,
"Volkswagen Tiguan 2.0 AT, 2008, 240 000 км","4,7",1180000,"Самарская обл., Самара, ул. Авроры",2008,I (2007—2011),240 000 км,13 записей в отчёте Автотеки,Оригинал,4+,Не битый,2.0 TDI 4Motion AT (140 л.с.),2 л,Дизель,Автомат,Полный,Sport&Style,Внедорожник 5-дверный,Чёрный,Левый,WVGZ*************,Возможен,Центральный замок,,,,Электрический,Климат-контроль многозонный,,,,,,,,,,,,,,,,,,,,,,,,,,,,,,,,,,,,,,,,,,,,,,,,,
"Volkswagen Polo 1.6 AT, 2020, 86 000 км","4,7",1650000,"Ставропольский край, Минераловодский муниципальный округ, Минеральные Воды, пр-т 22-го Партсъезда",2020,VI (2020—2023),86 000 км,5 записей в отчёте Автотеки,Электронный,3,Не битый,1.6 MPI AT (110 л.с.),1.6 л,Бензин,Автомат,Передний,,Лифтбек,Белый,Левый,XW8Z*************,Не интересует,,,,,,,,,,,,,,,,,,,,,,,,,,,,,,,,,,,,,,,,,,,,,,,,,,,,,,,
"Volkswagen Polo 1.6 AT, 2012, 109 000 км","4,8",820000,"Омская обл., Омск, мкр-н Городок Нефтяников, ул. Энтузиастов, 37/1",2012,V (2009—2015),109 000 км,8 записей в отчёте Автотеки,Оригинал,4+,Не битый,1.6 MPI AT (105 л.с.),1.6 л,Бензин,Автомат,Передний,Comfortline,Седан,Чёрный,Левый,XW8Z*************,Возможен,,,,,Электрический,Климат-контроль однозонный,,Ткань,,,,,,,,,,,,,Электростеклоподъемники,,Электропривод,,,,,,,,,,,,,,,,Цвет салона,,,,,,,,,Обогрев,,,,,,,
"Volkswagen Jetta 1.6 MT, 2015, 150 000 км","4,9",825000,"Московская обл., Одинцовский г.о., рп. Новоивановское, Можайское ш., вл168",2015,VI рестайлинг (2014—2019),150 000 км,10 записей в отчёте Автотеки,,1,Не битый,1.6 MPI MT (105 л.с.),1.6 л,Бензин,Механика,Передний,,Седан,Чёрный,Левый,XW8Z*************,,,,,,,,,,,,,,,,,,,,,,,,,,,,,,,,,,,,Датчик света,,,,,,,,,,,,,,,Фары,Управление климатом,Помощь при вождении,,,
"Volkswagen Polo 1.6 MT, 2011, 174 074 км","4,8",730000,"Орловская обл., Орёл, Московское ш., 56",2011,V (2009—2015),174 074 км,11 записей в отчёте Автотеки,Оригинал,2,Не битый,1.6 MPI MT (105 л.с.),1.6 л,Бензин,Механика,Передний,Базовая,Седан,Чёрный,Левый,XW8Z*************,Не интересует,Сигнализация,,,,Электрический,,,Ткань,,,,,,,,,,,,,,,,,,,,,,,,,,,,,,,,,,,,,,,,,,,,,,,
"Volkswagen Polo 1.6 MT, 2020, 20 637 км","4,8",1550000,"Челябинская обл., Миасс, ул. Степана Разина",2020,V рестайлинг (2015—2020),20 637 км,3 записи в отчёте Автотеки,Электронный,1,Не битый,1.6 MPI MT (90 л.с.),1.6 л,Бензин,Механика,Передний,Connect,Седан,Белый,Левый,XW8Z*************,Не интересует,,,,,Электрический,Климат-контроль однозонный,Атермальное остекление,,,,,,Фронтальные,,,,,,,,,,,,,,,,,,,,,,,,,,,,,,,,,,,,,,,,,,
"Volkswagen Polo 1.6 MT, 2011, 247 000 км","4,8",650000,"Пермский край, Пермь, ул. Василия Васильева, 1Б",2011,V (2009—2015),247 000 км,8 записей в отчёте Автотеки,Оригинал,2,Не битый,1.6 MPI MT (85 л.с.),1.6 л,Бензин,Механика,Передний,Club,Седан,Серый,Левый,XW8Z*************,Не интересует,,,,,,,,,,,,,,,,,,,,,,,,,,,,,,,,,,,,,,,,,,,,,,,,,,,,,,,
"Volkswagen Touareg 3.0 AT, 2008, 185 000 км","4,6",1725000,"Ростовская обл., Ростов-на-Дону, мкр-н Северный, Орбитальная ул., 42",2008,I рестайлинг (2006—2010),185 000 км,17 записей в отчёте Автотеки,,2,Не битый,3.0 V6 TDI AT (240 л.с.),3 л,Дизель,Автомат,Полный,,Внедорожник 5-дверный,Бордовый,Левый,WVGZ*************,Возможен,,,Коленные,,,Управление на руле,,,,,,,,,,,,,,,,,,,,,,,,,,,Салон,,,,,,Подушки безопасности,,,,,,,,,,,,,,,,
"Volkswagen Passat 1.8 MT, 2000, 387 147 км","4,6",312000,"Санкт-Петербург, Пушкинский р-н, пос. Шушары, территория Пулковское, 31",2000,B5 (1996—2001),387 147 км,8 записей в отчёте Автотеки,Дубликат,4+,Не битый,1.8 MT (125 л.с.),1.8 л,Бензин,Механика,Передний,Базовая,Седан,Серый,Левый,WVWZ*************,Не интересует,Сигнализация,,,,Гидравлический,Климат-контроль однозонный,,,,Передние и задние,,,,,,,,,,,,,,,,,,,,Круиз-контроль,,,,,,,,,,,,,,,,,,,,,,,,,
"Volkswagen Passat 1.9 MT, 1996, 278 000 км","4,8",127000,"Республика Карелия, Петрозаводский г.о., Петрозаводск, Лососинская ул., 14",1996,B4 (1993—1997),278 000 км,12 записей в отчёте Автотеки,Дубликат,4+,Не битый,1.9 TDI MT (90 л.с.),1.9 л,Дизель,Механика,Передний,Базовая,Седан,Чёрный,Левый,WVWZ*************,Возможен,,,,,Гидравлический,Климат-контроль однозонный,,,,,,,,,,Антиблокировка тормозов,,,,,,,,,,,,,,,,,,,,,,,,,,,,,,,,,,,,,,,
"Volkswagen Polo 1.6 AT, 2017, 148 000 км","4,8",1220000,"Брянская обл., Дятьковский р-н, Дятьково, ул. Ленина, 56",2017,V рестайлинг (2015—2020),148 000 км,4 записи в отчёте Автотеки,Оригинал,1,Не битый,1.6 MPI AT (110 л.с.),1.6 л,Бензин,Автомат,Передний,Highline,Седан,Серый,Левый,XW8Z*************,Не интересует,,,,,,,,,,,,,,,,,,,,,,,,,,,,,,,,,,,,,,,,,,,,,,,,,,,,,,,
"Volkswagen Golf 1.2 MT, 2013, 176 000 км","4,8",840000,"Республика Карелия, Петрозаводский г.о., Петрозаводск, пл. Ленина",2013,Mk7 (2012—2017),176 000 км,14 записей в отчёте Автотеки,Оригинал,2,Не битый,1.2 TSI MT (105 л.с.),1.2 л,Бензин,Механика,Передний,Comfortline,Хетчбек 5-дверный,Чёрный,Левый,WVWZ*************,Не интересует,,,,,Электрический,Климат-контроль многозонный,,,,,,,Фронтальные,Шторки,Боковые задние,,,,,,,,,,,,,,,,,,,,,,,,,,,,,,,,,,,,,,,,
"Volkswagen Passat 2.0 MT, 2005, 155 000 км","4,8",599000,"Воронежская обл., Воронеж, Ленинский пр-т, 124Б",2005,B6 (2005—2010),155 000 км,15 записей в отчёте Автотеки,Дубликат,4+,Не битый,2.0 TDI MT (140 л.с.),2 л,Дизель,Механика,Передний,Highline,Седан,Синий,Левый,WVWZ*************,Не интересует,,,,,Гидравлический,Климат-контроль многозонный,Атермальное остекление,,,,,,,,,Антиблокировка тормозов,Курсовая устойчивость,Блок. дифференциала,,,,,,,,,,,,,,,,,,,,,,,,,,,,,,,,,,,,,
"Volkswagen Tiguan 2.0 AT, 2011, 169 000 км","4,8",1489000,"Самарская обл., Самара, Дачная ул., 26",2011,I рестайлинг (2011—2019),169 000 км,20 записей в отчёте Автотеки,Оригинал,2,Не битый,2.0 TSI 4Motion AT (180 л.с.),2 л,Бензин,Автомат,Полный,Club,Внедорожник 5-дверный,Белый,Левый,XW8Z*************,Возможен,Центральный замок,,,,Гидравлический,Управление на руле,,,,,,,,,,,,,,,,,,,,,,,,,,,,,,,,,,,,,,,,,,,,,,,,,
"Volkswagen Polo 1.6 MT, 2013, 302 000 км","4,8",640000,"Санкт-Петербург, Октябрьская наб., 34к5",2013,V (2009—2015),302 000 км,18 записей в отчёте Автотеки,Дубликат,4+,Не битый,1.6 MPI MT (105 л.с.),1.6 л,Бензин,Механика,Передний,Trendline,Седан,Серый,Левый,XW8Z*************,Возможен,,,,,Электрический,,,,,,,,,,,,,,,,,,,,,,,,,,,,,,,,,,,,,,,,,,,,,,,,,,
"Volkswagen Passat 2.0 MT, 2014, 261 000 км","4,9",1240000,"Ярославская обл., Ростовский р-н, городское поселение Ростов, Ростов, ул. Декабристов, 74",2014,B7 (2010—2015),261 000 км,6 записей в отчёте Автотеки,Оригинал,1,Не битый,2.0 TDI MT (140 л.с),2 л,Дизель,Механика,Передний,Базовая,Универсал,Серебряный,Левый,WVWZ*************,Возможен,,,Коленные,,Электрогидравлический,Климат-контроль многозонный,,,,,,,,,,,,,,,,,,,,Боковые передние,,,,,,,Подушки безопасности,,,,,,,,,,,,,,,,,,,,,,
"Volkswagen Passat 1.9 MT, 1999, 242 000 км","4,6",450000,"Краснодарский край, Новороссийск, пр-т Дзержинского, 220",1999,B5 (1996—2001),242 000 км,2 записи в отчёте Автотеки,Оригинал,3,Не битый,1.9 TDI MT (110 л.с.),1.9 л,Дизель,Механика,Передний,Базовая,Седан,Синий,Левый,WVWZ*************,Не интересует,,,,,,,,,,,,,,,,,,,,,,,,,,,,,,,,,,,,,,,,,,,,,,,,,,,,,,,
"Volkswagen Tiguan 1.4 MT, 2012, 130 000 км","4,8",1080000,"Санкт-Петербург, Шлиссельбургский пр-т, 12к1",2012,I рестайлинг (2011—2019),130 000 км,16 записей в отчёте Автотеки,Оригинал,3,Не битый,1.4 TSI MT (122 л.с.),1.4 л,Бензин,Механика,Передний,Avenue,Внедорожник 5-дверный,Чёрный,Левый,XW8Z*************,Не интересует,,,,,Гидравлический,Климат-контроль многозонный,,,,,,,Фронтальные,,,,,,,,,,,,,,,,,,,,,,,,,,,,,,,,,,,,,,,,,,
"Volkswagen Caddy 1.9 MT, 1999, 300 000 км","5,0",300000,"Калининградская обл., Калининград, ул. Олега Кошевого, 33",1999,II (1995—2004),300 000 км,5 записей в отчёте Автотеки,Оригинал,2,Не битый,1.9 TDI MT (90 л.с.),1.9 л,Дизель,Механика,Передний,Базовая,Фургон,Зелёный,Левый,VSSZ*************,Не интересует,,,,,Гидравлический,,,Ткань,,,,,,,,,,,,,,,,,,,,,,,,,,,,,,,Мультимедиа и навигация,,,,,,,,,,,,,,Аудиосистема4 колонки,,
"Volkswagen Passat 1.8 AT, 2008, 358 000 км","4,8",750000,"Челябинская обл., Озерский г.о., Озерск, пр-т Ленина",2008,B6 (2005—2010),358 000 км,3 записи в отчёте Автотеки,Оригинал,2,Не битый,1.8 TSI AT (160 л.с.),1.8 л,Бензин,Автомат,Передний,Highline,Седан,Синий,Левый,WVWZ*************,Возможен,,,,,,Климат-контроль многозонный,,,Тёмный,Передние и задние,,,,,,,,,,,,,,Заднего стекла,,,Передних сидений,,,,,,,,,,,,,,,,,,,,,,,,,,,,
"Volkswagen Polo 1.6 MT, 2013, 123 000 км","4,8",890000,"Пермский край, Пермь, ул. Чкалова, 15",2013,V (2009—2015),123 000 км,10 записей в отчёте Автотеки,Оригинал,3,Не битый,1.6 MPI MT (105 л.с.),1.6 л,Бензин,Механика,Передний,Sochi Edition,,Серебряный,Левый,XW8Z*************,Возможен,,,,,,,,,,,,,,,,,,,,,,,,,,,,,,,,,,,,,,,,,,,,,,,,,,,,,,,
"Volkswagen Passat 2.0 AT, 2007, 198 000 км","4,8",800000,"Москва, ул. Твардовского, 11",2007,B6 (2005—2010),198 000 км,20 записей в отчёте Автотеки,Оригинал,2,Не битый,2.0 FSI AT (150 л.с.),2 л,Бензин,Автомат,Передний,Highline,Седан,Синий,Левый,WVWZ*************,Не интересует,,,,,Электрический,Климат-контроль многозонный,,,,,,,Фронтальные,Шторки,Боковые задние,,,,,,,,,,,,,,,,,,,,,,,,,,,,,,,,,,,,,,,,
"Volkswagen Golf 1.4 AT, 2019, 107 000 км","5,0",1720000,"Республика Крым, Евпатория, Театральная пл.",2019,Mk7 рестайлинг (2017—2021),107 000 км,4 записи в отчёте Автотеки,Электронный,2,Не битый,1.4 TSI AT (149 л.с.),1.4 л,Бензин,Автомат,Передний,Базовая,Хетчбек 5-дверный,Серый,Левый,3VWG*************,Возможен,,,,,Электрогидравлический,Климат-контроль однозонный,Атермальное остекление,,,,,,Фронтальные,Шторки,Боковые задние,,,,,,,,,,,,,,,,,,,,,,,,,,,,,,,,,,,,,,,,
"Volkswagen Jetta 1.4 AMT, 2017, 83 000 км","4,9",1440000,"Краснодарский край, Краснодар, ул. Героя Владислава Посадского, 24",2017,VI рестайлинг (2014—2019),83 000 км,3 записи в отчёте Автотеки,Оригинал,1,Не битый,1.4 TSI DSG (125 л.с.),1.4 л,Бензин,Робот,Передний,,Седан,Белый,Левый,XW8Z*************,,,,,,,,,,,,,,,,,,,,Т,Есть сервисная книжка,,,,,,,,,,,,,,,,,,,,,,,,,,,,,,,,,,,
"Volkswagen Jetta 1.6 AT, 2008, 234 000 км","4,8",450000,"Севастополь, ул. Людмилы Бобковой, 3/4",2008,V (2005—2011),234 000 км,12 записей в отчёте Автотеки,,4+,Не битый,1.6 AT (102 л.с.),1.6 л,Бензин,Автомат,Передний,Базовая,Седан,Чёрный,Левый,XW8Z*************,Не интересует,,,,,Гидравлический,Климат-контроль многозонный,,,Тёмный,,,,,,,,,,,,,Электростеклоподъемники,Электропривод,Противоугонная система,,,Передних сидений,,,,,,,,,,,,,,,,,,,,,,,,,,,,
"Volkswagen Polo 1.6 MT, 2013, 170 000 км","4,8",625000,"Московская обл., г.о. Пушкинский, Пушкино, Советская пл.",2013,V (2009—2015),170 000 км,17 записей в отчёте Автотеки,Дубликат,4+,Не битый,1.6 MPI MT (105 л.с.),1.6 л,Бензин,Механика,Передний,,Седан,Синий,Левый,XW8Z*************,Не интересует,,,,,Электрический,Кондиционер,,,,,,,Фронтальные,,,Антиблокировка тормозов,,,,,,,,,,,,,,,,,,,,,,,,,,,,,,,,,,,,,,,
"Volkswagen Jetta 1.4 MT, 2012, 158 000 км","4,8",999000,"Самарская обл., Самара, Московское ш., 27А",2012,VI (2010—2015),158 000 км,6 записей в отчёте Автотеки,Оригинал,3,Не битый,1.4 TSI MT (122 л.с.),1.4 л,Бензин,Механика,Передний,,Седан,Чёрный,Левый,WVWZ*************,Не интересует,,,,,,Климат-контроль многозонный,Салон,,,,,,,,,Антипробуксовка,,,,,,,,,,,,,,,,,,,,,,,,,,,,,,,,,,,,,,Кожаный руль,
"Volkswagen Golf 1.6 MT, 1999, 270 000 км","4,7",270000,"Челябинская обл., Челябинск, Свердловский тракт, 24А/3",1999,Mk4 (1997—2006),270 000 км,6 записей в отчёте Автотеки,Дубликат,1,Не битый,1.6 MT (101 л.с.),1.6 л,Бензин,Механика,Передний,Базовая,Хетчбек 5-дверный,Зелёный,Левый,WVWZ*************,Не интересует,,,,,,,,,,,,,,,,,,,,,,,,,,,,,,,,,,,,,,,,,,,,,,,,,,,,,,,
"Volkswagen Passat 1.8 MT, 1999, 150 000 км","4,6",270000,"Московская обл., Коломна, Спортивная ул.",1999,B5 (1996—2001),150 000 км,7 записей в отчёте Автотеки,Оригинал,2,Не битый,1.8 MT (125 л.с.),1.8 л,Бензин,Механика,Передний,Базовая,Седан,Голубой,Левый,WVWZ*************,Не интересует,,,,,Гидравлический,Кондиционер,,,,,,,Фронтальные,,,,,,,,,,,,Распред. тормозных усилий,Активная безопасность,,,,,,,,,,,,,,,,,,,,,,,,,,,,,
"Volkswagen Polo 1.6 MT, 2017, 106 000 км","4,8",890000,"Пермский край, Пермь, ул. Спешилова, 109",2017,V рестайлинг (2015—2020),106 000 км,8 записей в отчёте Автотеки,,2,Не битый,1.6 MPI MT (90 л.с.),1.6 л,Бензин,Механика,Передний,Life,Седан,Синий,Левый,XW8Z*************,,,Иммобилайзер,,,,Кондиционер,,Ткань,,,,,Фронтальные,,,,,,,,,,,,,,,,,,,,,,,,,,Противоугонная система,,,,,,,,,,,,,,,,
"Volkswagen Polo 1.6 AT, 2017, 99 000 км","4,8",1220000,"Волгоградская обл., Волгоград, ул. Джамбула Джабаева, 3",2017,V рестайлинг (2015—2020),99 000 км,14 записей в отчёте Автотеки,Оригинал,2,Не битый,1.6 MPI AT (110 л.с.),1.6 л,Бензин,Автомат,Передний,,Седан,Белый,Левый,XW8Z*************,Не интересует,,,,,,,,,,,,,,,,,,,,,,,,,,,,,,,,,,,,,,,,,,,,,,,,,,,,,,,
"Volkswagen Phaeton 3.0 AT, 2007, 365 100 км","5,0",900000,"Московская обл., Серпухов, пл. Ленина",2007,I (2002—2010),365 100 км,12 записей в отчёте Автотеки,Оригинал,1,Не битый,3.0 TDI 4Motion AT (233 л.с.),3 л,Дизель,Автомат,Полный,Базовая,Седан,Белый,Левый,WVWZ*************,Не интересует,Центральный замок,,,,Гидравлический,Климат-контроль многозонный,Атермальное остекление,,,,,,,,,,,,,,,,,,,,,,,,,,,,,,,,,,,,,,,,,,,,,,,,
"Volkswagen Polo 1.6 MT, 2021, 3 000 км","4,7",1450000,"Краснодарский край, Краснодар, Прикубанский округ",2021,VI (2020—2023),3 000 км,5 записей в отчёте Автотеки,Электронный,1,Не битый,1.6 MPI MT (110 л.с.),1.6 л,Бензин,Механика,Передний,,Лифтбек,Белый,Левый,XW8Z*************,Не интересует,,,,,,,,Ткань,,Передние и задние,,,,,,,,,,,,,,Заднего стекла,,,Передних сидений,,,,,,,,,,,,,,,,,,,,,,,,,,,,
"Volkswagen Passat 1.8 AMT, 2015, 163 483 км","4,9",1765000,"Калужская обл., Калуга, ул. Кирова",2015,B8 (2014—2020),163 483 км,16 записей в отчёте Автотеки,Оригинал,3,Не битый,1.8 TSI DSG (180 л.с.),1.8 л,Бензин,Робот,Передний,Business,Седан,Белый,Левый,WVWZ*************,Не интересует,,,,,Гидравлический,Климат-контроль многозонный,,,,,,,Фронтальные,Шторки,Боковые задние,,,,,,,,,,,,,,,,,,,,,,,,,,,,,,,,,,,,,,,,
"Volkswagen Golf 1.4 MT, 2009, 276 911 км","4,8",740000,"Оренбургская обл., Оренбург, ул. Джангильдина, 20",2009,Mk6 (2008—2012),276 911 км,10 записей в отчёте Автотеки,Дубликат,3,Не битый,1.4 TSI MT (160 л.с.),1.4 л,Бензин,Механика,Передний,Базовая,Хетчбек 5-дверный,Чёрный,Левый,WVWZ*************,Не интересует,Центральный замок,,,,Электрический,Климат-контроль многозонный,,,,,,,,,,Антиблокировка тормозов,Курсовая устойчивость,,,,,,,,,,,,,,,,,,,,,,,,,,,,,,,,,,,,,,
"Volkswagen Jetta 1.4 AT, 2017, 138 000 км","4,9",1540000,"Ростовская обл., Шахты, ул. Толбухина, 4А",2017,VI рестайлинг (2014—2019),138 000 км,3 записи в отчёте Автотеки,Электронный,1,Не битый,1.4 TSI AT (150 л.с.),1.4 л,Бензин,Автомат,Передний,Base,Седан,Серый,Левый,3VWD*************,Не интересует,,,,,Гидравлический,Кондиционер,,,,,,,Фронтальные,,,,,,,,,,,,Экстренное торможение,Активная безопасность,,,,,,,,,,,,,,,,,,,,,,,,,,,,,
"Volkswagen Jetta 1.6 AT, 2008, 232 000 км","4,8",640000,"Санкт-Петербург, пр-т Наставников, 5к1",2008,V (2005—2011),232 000 км,6 записей в отчёте Автотеки,Оригинал,4+,Не битый,1.6 AT (102 л.с.),1.6 л,Бензин,Автомат,Передний,Базовая,Седан,Серый,Левый,XW8Z*************,Возможен,Сигнализация,Иммобилайзер,,,Электрогидравлический,Климат-контроль многозонный,Атермальное остекление,,,,,,,,,,,,,,,,,,,,,,,,,,,,,,,,,,,,,,,,,,,,,,,,
"Volkswagen Passat 1.8 MT, 2008, 203 229 км","4,8",550000,"Нижегородская обл., Нижний Новгород, Сормовский район, жилой комплекс Корабли",2008,B6 (2005—2010),203 229 км,24 записи в отчёте Автотеки,Дубликат,4+,Не битый,1.8 TSI MT (160 л.с.),1.8 л,Бензин,Механика,Передний,Базовая,Седан,Синий,Левый,WVWZ*************,Не интересует,,,,,Электрический,Климат-контроль многозонный,Электропривод,,,,,,,,,,,,,,,,,Противоугонная система,,,,,,,,,,,,,,,,,,,,Центральный замок,,,,,,,,,,,
"Volkswagen Caddy 1.6 MT, 2006, 265 258 км","4,8",650000,"Калининградская обл., Калининград, Центральная пл.",2006,III (2004—2010),265 258 км,11 записей в отчёте Автотеки,Дубликат,1,Не битый,1.6 MT (102 л.с.),1.6 л,Бензин,Механика,Передний,Базовая,Минивэн,Зелёный,Левый,WV2Z*************,Не интересует,,,,Управление климатом,,,,,,,,,,,,,,,,,,,,,,,,,,,,,,,,,,,,,,,,,,,Радио,,,,,,,,Усилитель руля
"Volkswagen Polo 1.6 MT, 2014, 150 400 км","4,8",887000,"Пензенская обл., Пенза, Железнодорожный район, мкр-н Пенза-3",2014,V (2009—2015),150 400 км,3 записи в отчёте Автотеки,Оригинал,1,Не битый,1.6 MPI MT (105 л.с.),1.6 л,Бензин,Механика,Передний,Highline,Седан,Белый,Левый,XW8Z*************,Не интересует,Сигнализация,Иммобилайзер,,,Гидравлический,Климат-контроль многозонный,Атермальное остекление,,,,,,,,,,,,,,,,,,,,,,,,,,,,,,,,,,,,,,,,,,,,,,,,
"Volkswagen Polo 1.6 AT, 2021, 41 820 км","4,7",1590000,"Вологодская обл., Вологда, ул. Гоголя",2021,VI (2020—2023),41 820 км,5 записей в отчёте Автотеки,Электронный,1,Не битый,1.6 MPI AT (110 л.с.),1.6 л,Бензин,Автомат,Передний,Exclusive,Лифтбек,Белый,Левый,XW8Z*************,Не интересует,Центральный замок,,,,Электрогидравлический,Климат-контроль однозонный,Атермальное остекление,,,,,,,,,,,,,,,,,,,,,,,,,,,,,,,,,,,,,,,,,,,,,,,,
