Название авто,Рейтинг,Цена,Расположение,Год выпуска,Поколение,Пробег,История пробега,ПТС,Владельцев по ПТС,Состояние,Модификация,Объём двигателя,Тип двигателя,Коробка передач,Привод,Комплектация,Тип кузова,Цвет,Руль,VIN или номер кузова,Обмен,Усилитель руля,Салон,Мультимедиа и навигация,Аудиосистема2 колонки,Галогенные,Цвет салона,Обогрев,Мультимедиа и навигацияMP3,Фары,"Шины и диски16""",Сигнализация,Управление климатом,Электростеклоподъемники,Люк,Мультимедиа и навигацияMP3USBAUX,Электропривод,ВидеоUSBAUXBluetoothGPS-навигатор,Гидравлический,Климат-контроль однозонный,Комбинированный,Тёмный,Зеркал,Только передние,Противоугонная система,Центральный замок,Управление на руле,Мультимедиа и навигацияCD/DVD/Blu-ray,Антипробуксовка,Мультимедиа и навигацияCD/DVD/Blu-rayMP3,Аудиосистема4 колонки,Светодиодные,Мультимедиа и навигацияMP3USBAUXBluetooth,Ткань,Кожаный руль,Зимние шины в комплекте,Мультимедиа и навигацияUSBAUXBluetooth,Активная безопасность,Атермальное остекление,Мультимедиа и навигацияMP3USB,Подушки безопасности,Боковые передние,Антиблокировка тормозов,Данные о ,О,Мультимедиа и навигацияUSB,Память настроек,Рулевой колонки,Передних сидений,Светлый,Блок. дифференциала
"ГАЗ ГАЗель 3302 2.9 MT, 2010, 170 000 км","4,5",800777,"Свердловская обл., Тугулымский г.о., пос. Луговской",2010,II (2010—2024),170 000 км,4 записи в отчёте Автотеки,Оригинал,3,Не битый,2.9 MT (107 л.с.),2.9 л,Бензин,Механика,Задний,Базовая,Фургон,Белый,Левый,X963*************,Возможен,Гидравлический,Ткань,РадиоUSBAUXBluetooth,Фары,"Шины и диски16""",Тёмный,,,,,,,,,,,,,,,,,,,,,,,,,,,,,,,,,,,,,,,,,,,,
"ГАЗ ГАЗель 3302 2.4 MT, 2013, 170 000 км","4,5",899000,"Пермский край, Пермь, Псковская ул., 21",2013,II (2010—2024),170 000 км,9 записей в отчёте Автотеки,Оригинал,4+,Не битый,2.4 MT (140 л.с.),2.4 л,Бензин,Механика,Задний,Базовая,Фургон,Белый,Левый,X961*************,Не интересует,Гидравлический,,,,,,Зеркал,РадиоAUX,Противотуманные,Противоугонная система,Центральный замок,,,,,,,,,,,,,,,,,,,,,,,,,,,,,,,,,,,,,,,
"ГАЗ ГАЗель 2747 2.9 MT, 2007, 330 000 км","4,4",800000,"Астраханская обл., Астрахань, пл. имени Ленина",2007,I (2000—2014),330 000 км,Проверить в Автотеке,Оригинал,1,Не битый,2.9 MT (107 л.с.),2.9 л,Бензин,Механика,Задний,Базовая,Фургон,Белый,Левый,X3X2*************,Не интересует,,,,,,,,,,,,,,,,,,,,,,,,,,,,,,,,,,,,,,,,,,,,,,,,,,
"ГАЗ ГАЗель 3302 2.3 MT, 2000, 200 000 км","4,6",420000,"Чеченская Республика, Грозный, Камышинская ул., 10",2000,I (1994—2003),200 000 км,Проверить в Автотеке,Оригинал,1,Не битый,2.3 MT (110 л.с.),2.3 л,Бензин,Механика,Задний,Базовая,Фургон,Серый,Левый,XTH3*************,Не интересует,Гидравлический,,,,,,,,,,,Климат-контроль многозонный,Только передние,,,,,,,,,,,,,,,,,,,,,,,,,,,,,,,,,,,,,
"ГАЗ ГАЗель 33023 2.9 MT, 2008, 120 000 км","4,7",1090000,"Республика Башкортостан, Стерлитамак, пр-т Октября",2008,I рестайлинг (2003—2010),120 000 км,7 записей в отчёте Автотеки,Оригинал,1,Не битый,2.9 MT (110 л.с.),2.9 л,Бензин,Механика,Задний,Базовая,Фургон,Синий,Левый,X963*************,Не интересует,,,,,,,,,,,,,,,,,,,,,,,,,,,,,,,,,,,,,,,,,,,,,,,,,,
"ГАЗ ГАЗель Next 2.5 MT, 2015, 888 888 км","4,6",1100000,"Москва, ул. Декабристов, 45Ас2",2015,III (2013—2024),888 888 км,6 записей в отчёте Автотеки,Оригинал,3,Не битый,2.5 D MT (150 л.с.),2.5 л,Дизель,Механика,Задний,Базовая,Фургон,Белый,Левый,Z783*************,Не интересует,Гидравлический,,,,,,,,,,,Управление на руле,,,,,,,,,,,,,,,,,,,,,,,,,,,,,,,,,,,,,,
"ГАЗ ГАЗель 3221 2.3 MT, 2003, 87 000 км","4,6",390000,"Краснодарский край, г.о. Сочи, с. Алексеевское, Кронштадтский пер., 17",2003,I рестайлинг (2003—2010),87 000 км,Проверить в Автотеке,Оригинал,2,Не битый,2.3 MT (98 л.с.),2.3 л,Бензин,Механика,Задний,Базовая,Микроавтобус,Белый,Левый,X783*************,Не интересует,Гидравлический,Люк,,,,,,,,,,,Только передние,,,,,,,,,,,,,,,,,,,,,,,,,,,,,,,,,,,,,
"ГАЗ Соболь 2752 2.3 MT, 2005, 68 000 км","4,4",300000,"Республика Дагестан, Курахский р-н, с. Курах, ул. Гагарина",2005,I рестайлинг (2003—2010),68 000 км,5 записей в отчёте Автотеки,Дубликат,3,Не битый,2.3 MT (98 л.с.),2.3 л,Бензин,Механика,Задний,Базовая,Фургон,Синий,Левый,X926*************,Не интересует,Гидравлический,Ткань,,,,,,,,,,,,Фары,,,,,,,,,,,,,,,,,,,,,,,,,,,,,,,,,,,,
"ГАЗ ГАЗель 2705 2.4 MT, 2001, 300 000 км","4,4",175000,"Саратовская обл., Саратов, 3-й пр. имени Ф.А. Блинова",2001,I (1994—2003),300 000 км,3 записи в отчёте Автотеки,,4+,Не битый,2.4 MT (100 л.с.),2.4 л,Бензин,Механика,Задний,Базовая,Фургон,Белый,Левый,X1A2*************,Не интересует,,,,,,,,,,,,,,,,,,,,,,,,,,,,,,,,,,,,,,,,,,,,,,,,,,
"ГАЗ ГАЗель 2705 2.3 MT, 2009, 250 000 км","4,5",220000,"Новгородская обл., Новгородский р-н, Ермолинское сельское поселение, садово-огородное товарищество Колос, Клубничная ул., 2",2009,I рестайлинг (2003—2010),250 000 км,2 записи в отчёте Автотеки,Дубликат,4+,Не битый,2.3 MT (110 л.с.),2.3 л,Бензин,Механика,Задний,Базовая,Фургон,Синий,Левый,X962*************,,Гидравлический,Ткань,,,,,,,,,,,,,,,,,,,,,,,,,,,,,,,,,,,,,,,,,,,,,,,,
"ГАЗ ГАЗель 3302 2.5 MT, 2006, 406 500 км","4,5",470000,"Санкт-Петербург, пос. Парголово, Тихоокеанская ул.",2006,I рестайлинг (2003—2010),406 500 км,8 записей в отчёте Автотеки,Дубликат,4+,Не битый,2.5 MT (140 л.с.),2.5 л,Бензин,Механика,Задний,Базовая,Фургон,Белый,Левый,XSU2*************,Не интересует,Гидравлический,,,,,Тёмный,,,,,,,,,"Шины и диски16""",,,,,,,,,,,,,,,,,,,,,,,,,,,,,,,,,,,
"ГАЗ ГАЗель 2705 2.4 MT, 2007, 144 000 км","4,5",400000,"Волгоградская обл., Волгоград, Шахтинская ул., 123",2007,I рестайлинг (2003—2010),144 000 км,4 записи в отчёте Автотеки,,1,Не битый,2.4 MT (140 л.с.),2.4 л,Бензин,Механика,Задний,Базовая,Фургон,Серебряный,Левый,X962*************,Не интересует,,,,,,,,,,,,,,,,,,,,,,,,,,,,,,,,,,,,,,,,,,,,,,,,,,
"ГАЗ ГАЗель 3302 2.9 MT, 2012, 150 000 км","4,5",900000,"Астраханская обл., Приволжский р-н, с. Килинчи, ул. Ленина",2012,II (2010—2024),150 000 км,4 записи в отчёте Автотеки,Оригинал,1,Не битый,2.9 MT (107 л.с.),2.9 л,Бензин,Механика,Задний,Базовая,Фургон,Белый,Левый,X963*************,Не интересует,Гидравлический,,,,,,,,,,,,,,,,,,,,,,,,,,,,,,,,,,,,,,,,,,,,,,,,,
"ГАЗ 3102 Волга 2.4 MT, 2006, 10 000 км","4,5",30000,"Свердловская обл., Полевской г.о., с. Курганово, Весенняя ул.",2006,I (1982—2009),10 000 км,7 записей в отчёте Автотеки,,1,Не битый,2.4 MT (137 л.с.),2.4 л,Бензин,Механика,Задний,Базовая,Седан,Чёрный,Левый,X963*************,Возможен,Гидравлический,Кожа,,,,Тёмный,,,,,,Кондиционер,,,,Зеркал,,,,,,,,,,,,,,,,,,,,,,,,,,,,,,,,,,
"ГАЗ ГАЗель 3302 2.5 MT, 2008, 170 000 км","4,5",1170000,"Ставропольский край, Кировский муниципальный округ, Новопавловск, пл. Ленина",2008,I рестайлинг (2003—2010),170 000 км,Проверить в Автотеке,,3,Не битый,2.5 MT (124 л.с.),2.5 л,Бензин,Механика,Задний,Базовая,Фургон,Белый,Левый,X963*************,Не интересует,Гидравлический,,,,,,,,,,,,,,,,,,,,,,,,,,,,,,,,,,,,,,,,,,,,,,,,,
"ГАЗ 24 Волга 2.5 MT, 1973, 250 000 км","4,9",65000,"Московская обл., г.о. Пушкинский, рп. Лесной, Центральная ул., 5",1973,24 (1968—1987),250 000 км,,Дубликат,4+,Не битый,2.5 MT (95 л.с.),2.5 л,Бензин,Механика,Задний,Базовая,Седан,Чёрный,Левый,QEYU***********,Возможен,,,,,,,,,,,,,,,,,,,,,,,,,,,,,,,,,,,,,,,,,,,,,,,,,,
"ГАЗ ГАЗель 3302 2.4 MT, 2004, 52 151 км","4,5",485000,"Чеченская Республика, Гудермесский р-н",2004,I рестайлинг (2003—2010),52 151 км,5 записей в отчёте Автотеки,,3,Не битый,2.4 MT (137 л.с.),2.4 л,Бензин,Механика,Задний,Базовая,Фургон,Белый,Левый,XTH3*************,Не интересует,Гидравлический,,,,,,,,,,,,,,,,,,,,,,,,,,,,,,,,,,,,,,,,,,,,,,,,,
"ГАЗ ГАЗель Next 2.7 MT, 2018, 420 000 км","4,6",1450000,"Краснодарский край, Армавир, ул. Советской Армии, 214",2018,III (2013—2024),420 000 км,3 записи в отчёте Автотеки,Оригинал,1,Не битый,2.7 MT (107 л.с.),2.7 л,Бензин,Механика,Задний,Базовая,Фургон,Белый,Левый,XU42*************,Не интересует,Гидравлический,,,,,Тёмный,Зеркал,,,,,,Только передние,,,Зеркал,,,,,,,,,,,,,,,,,,,,,,,,,,,,,,,,,,
"ГАЗ ГАЗель 3302 2.9 MT, 2009, 500 000 км","4,5",900000,"Брянская обл., Брянск, Московский мкр-н, 44А",2009,I рестайлинг (2003—2010),500 000 км,6 записей в отчёте Автотеки,Оригинал,3,Не битый,2.9 MT (110 л.с.),2.9 л,Бензин,Механика,Задний,Базовая,Фургон,Фиолетовый,Левый,X843*************,Не интересует,,,,,,,,,,,,,,,,,,,,,,,,,,,,,,,,,,,,,,,,,,,,,,,,,,
"ГАЗ ГАЗель 3302 2.3 MT, 2006, 200 000 км","4,7",500000,"Республика Дагестан, Махачкала, Газопроводная ул., 50",2006,I рестайлинг (2003—2010),200 000 км,3 записи в отчёте Автотеки,Оригинал,3,Не битый,2.3 MT (98 л.с.),2.3 л,Бензин,Механика,Задний,Базовая,Пикап,Белый,Левый,X963*************,Возможен,,,,,,,,,,,,,,,,,,,,,,,,,,,,,,,,,,,,,,,,,,,,,,,,,,
"ГАЗ ГАЗель 3302 2.4 MT, 2001, 555 555 км","4,6",120000,"Краснодарский край, г.о. Сочи, Адлерский район",2001,I (1994—2003),555 555 км,Проверить в Автотеке,Оригинал,1,Не битый,2.4 MT (90 л.с.),2.4 л,Бензин,Механика,Задний,Базовая,Фургон,Бежевый,Левый,XTH3*************,Возможен,,,,,,,,,,,,,,,,,,,,,,,,,,,,,,,,,,,,,,,,,,,,,,,,,,
"ГАЗ ГАЗель 3302 2.5 MT, 2006, 420 000 км","4,5",500000,"Московская обл., Подольск, мкр-н Силикатная-2",2006,I рестайлинг (2003—2010),420 000 км,6 записей в отчёте Автотеки,Дубликат,3,Не битый,2.5 MT (140 л.с.),2.5 л,Бензин,Механика,Задний,Базовая,Фургон,Белый,Левый,XSU2*************,Не интересует,,,,,,,,,,,,,,,,,,,,,,,,,,,,,,,,,,,,,,,,,,,,,,,,,,
"ГАЗ ГАЗель 2705 2.5 MT, 2008, 300 000 км","4,5",400000,"Волгоградская обл., Урюпинский р-н, Ольшанское сельское поселение, хутор Попов",2008,I рестайлинг (2003—2010),300 000 км,4 записи в отчёте Автотеки,Оригинал,2,Не битый,2.5 4WD MT (140 л.с.),2.5 л,Бензин,Механика,Полный,Базовая,Фургон,Белый,Левый,X962*************,Не интересует,Гидравлический,,,,,,,,,,,,,,,,,,,,,,,,,,,,,,,,,,,,,,,,,,,,,,,,,
"ГАЗ ГАЗель 3302 2.8 MT, 2012, 163 859 км","4,5",1050000,"Республика Татарстан, Казань, Актайская ул., 7А",2012,II (2010—2024),163 859 км,7 записей в отчёте Автотеки,Дубликат,4+,Не битый,2.8 D MT (120 л.с.),2.8 л,Дизель,Механика,Задний,Базовая,Фургон,Синий,Левый,Z783*************,Не интересует,Гидравлический,,,,,,,,,,,Атермальное остекление,Только передние,,,,,,,,,,,,,,,,,,,,,,,,,,,,,,,,,,,,,
"ГАЗ ГАЗель 3302 2.5 MT, 2006, 330 000 км","4,7",620000,"Тульская обл., Тула, ул. 9 Мая, 16",2006,I рестайлинг (2003—2010),330 000 км,10 записей в отчёте Автотеки,Оригинал,3,Не битый,2.5 MT (140 л.с.),2.5 л,Бензин,Механика,Задний,Базовая,Пикап,Жёлтый,Левый,X963*************,Не интересует,,,,,,,,,,,,,,,,,,,,,,,,,,,,,,,,,,,,,,,,,,,,,,,,,,
"ГАЗ ГАЗель 2705 2.8 MT, 2013, 215 000 км","4,2",3050000,"Нижегородская обл., Нижний Новгород, посёлок Парышево, Зеленхозовская ул., 4АУ",2013,II (2010—2024),215 000 км,11 записей в отчёте Автотеки,Дубликат,2,Не битый,2.8 D MT (120 л.с.),2.8 л,Дизель,Механика,Задний,Базовая,Фургон,Белый,Левый,X962*************,Не интересует,,,,,,,,РадиоTV,,,,,,,,,Усилитель руля,Управление климатом,Салон,Кожаный руль,,,,,,,,,,,,,,,,,,,,,,,,,,,,,,
"ГАЗ ГАЗель 3302 2.3 MT, 2002, 100 000 км","4,6",155000,"Брянская обл., Брянск, ул. Есенина",2002,I (1994—2003),100 000 км,2 записи в отчёте Автотеки,Оригинал,2,Не битый,2.3 MT (110 л.с.),2.3 л,Бензин,Механика,Задний,Базовая,Фургон,Белый,Левый,X6N3*************,Не интересует,,Ткань,,,,Тёмный,,,,,,,,,,,,,,,,,,,,,,,,,,,,,,,,,,,,,,,,,,,,
"ГАЗ ГАЗель 3302 2.4 MT, 2001, битый, 62 000 км","4,6",260000,"Чеченская Республика, Шалинский муниципальный р-н, Дуба-Юртовское сельское поселение, с. Дуба-Юрт, 13-я Новая ул.",2001,I (1994—2003),62 000 км,3 записи в отчёте Автотеки,Оригинал,3,Битый,2.4 MT (90 л.с.),2.4 л,Бензин,Механика,Задний,Базовая,Фургон,Бежевый,Левый,XTH3*************,Возможен,,,,,,,,,,,,,,,,,,,,,,,,,,,,,,,,,,,,,,,,,,,,,,,,,,
"ГАЗ ГАЗель 3302 2.5 MT, 2008, 222 000 км","4,5",585000,"Ставропольский край, Минераловодский г.о., Минеральные Воды, Ставропольская ул., 47",2008,I рестайлинг (2003—2010),222 000 км,3 записи в отчёте Автотеки,,3,Не битый,2.5 MT (124 л.с.),2.5 л,Бензин,Механика,Задний,Базовая,,Белый,Левый,X5J2*************,Не интересует,,,,,,,,,,,,,,,,,,,,,,,,,,,,,,,,,,,,,,,,,,,,,,,,,,
"ГАЗ ГАЗель 3302 2.9 MT, 2020, 70 000 км","4,5",1700000,"Республика Адыгея, Тахтамукайский р-н, Яблоновское городское поселение, пгт. Яблоновский",2020,II (2010—2024),70 000 км,3 записи в отчёте Автотеки,Электронный,2,Не битый,2.9 MT (107 л.с.),2.9 л,Бензин,Механика,Задний,Базовая,Фургон,Белый,Левый,XU42*************,Возможен,Гидравлический,,,,,,Зеркал,,,,,,,,,,,,,,,,,,,,,,,,,,,,,,,,,,,,,,,,,,,
"ГАЗ ГАЗель 33023 2.9 MT, 2007, 220 862 км","4,7",750000,"Москва, пр-т Вернадского",2007,I рестайлинг (2003—2010),220 862 км,6 записей в отчёте Автотеки,Оригинал,2,Не битый,2.9 MT (152 л.с.),2.9 л,Бензин,Механика,Задний,Базовая,Фургон,Синий,Левый,X963*************,Не интересует,,,,,,,,,,,,,,,,,,,,,,,,,,,,,,,,,,,,,,,,,,,,,,,,,,
"ГАЗ Соболь 2217 2.3 MT, 2004, 200 000 км","4,3",477777,"Пермский край, Пермь, ул. Мира, 41/1",2004,I рестайлинг (2003—2010),200 000 км,8 записей в отчёте Автотеки,Дубликат,4+,Не битый,2.3 MT (98 л.с.),2.3 л,Бензин,Механика,Задний,Базовая,Микроавтобус,Синий,Левый,XTH2*************,Не интересует,Гидравлический,Ткань,,,,,,,,,Мультимедиа и навигацияCD/DVD/Blu-ray,,,Цвет салона,,,,,,,Обогрев,Электростеклоподъемники,Противоугонная система,,,,,,,,,,,,,,,,,,,,,,,,,,,
"ГАЗ ГАЗель 3302 2.3 MT, 1999, 150 000 км","4,6",270000,"Ростовская обл., Шахты, пр-т Победа Революции",1999,I (1994—2003),150 000 км,4 записи в отчёте Автотеки,Оригинал,3,Не битый,2.3 MT (98 л.с.),2.3 л,Бензин,Механика,Задний,Базовая,Фургон,Белый,Левый,XTH3*************,Не интересует,,,,,,,,,,,,,,,,,,,,,,,,,,,,,,,,,,,,,,,,,,,,,,,,,,
"ГАЗ ГАЗель 3302 2.3 MT, 2003, 290 000 км","4,5",320000,"Ярославская обл., Ярославль, Дядьковская ул., 48",2003,I рестайлинг (2003—2010),290 000 км,5 записей в отчёте Автотеки,Оригинал,4+,Не битый,2.3 MT (98 л.с.),2.3 л,Бензин,Механика,Задний,Базовая,Фургон,Белый,Левый,XTH3*************,Не интересует,,,,,,,,,Галогенные,,,,Только передние,,,,,,,,,,,Сигнализация,Мультимедиа и навигацияMP3,,,,,,,,,,,,,,,,,,,,,,,,,
"ГАЗ ГАЗель Next 2.8 MT, 2015, 329 000 км","4,6",2170000,"Воронежская обл., Воронеж, ул. Хользунова, 122",2015,III (2013—2024),329 000 км,10 записей в отчёте Автотеки,Оригинал,2,Не битый,2.8 D MT (120 л.с.),2.8 л,Дизель,Механика,Задний,Базовая,Фургон,Серый,Левый,X96A*************,Не интересует,Гидравлический,,,,,,,,,,,Кондиционер,,,,,,,,,,,,Сигнализация,Иммобилайзер,Атермальное остекление,,,,,,,,,,,,,,,,,,,,,,,,
"ГАЗ ГАЗель 3302 2.7 MT, 2019, 108 000 км","4,5",1374958,"Краснодарский край, Краснодар, Кореновская ул., 3",2019,II (2010—2024),108 000 км,4 записи в отчёте Автотеки,,1,Не битый,2.7 MT (107 л.с.),2.7 л,Бензин,Механика,Задний,Базовая,Фургон,Белый,Левый,Z0D1*************,,,,,,,,,,,,,,,,,,,,,,,,,,,,,,,,,,,,,,,,,,,,,,,,,,,
"ГАЗ ГАЗель 3302 2.3 MT, 1998, 300 000 км","4,6",180000,"Нижегородская обл., Княгининский муниципальный округ, с. Ананье",1998,I (1994—2003),300 000 км,Проверить в Автотеке,Дубликат,4+,Не битый,2.3 MT (110 л.с.),2.3 л,Бензин,Механика,Задний,Базовая,Фургон,Белый,Левый,XTH3*************,Не интересует,,,,,,,,,,,,,,,,,,,,,,,,,,,,,,,,,,,,,,,,,,,,,,,,,,
"ГАЗ ГАЗель 3302 2.3 MT, 2004, 190 000 км","4,5",365000,"Республика Татарстан, Балтасинский р-н, Шишинерское сельское поселение, с. Ура, ул. М. Джалиля",2004,I рестайлинг (2003—2010),190 000 км,Проверить в Автотеке,Оригинал,4+,Не битый,2.3 MT (98 л.с.),2.3 л,Бензин,Механика,Задний,Базовая,Фургон,Белый,Левый,X6F3*************,Не интересует,,,,,,,,,,,,,,,,,,,,,,,,,,,,,,,,,,,,,,,,,,,,,,,,,,
"ГАЗ ГАЗель 3302 2.4 MT, 2000, 380 000 км","4,6",300000,"Самарская обл., Самара, Красноглинский район",2000,I (1994—2003),380 000 км,6 записей в отчёте Автотеки,,3,Не битый,2.4 MT (90 л.с.),2.4 л,Бензин,Механика,Задний,Базовая,Фургон,Серебряный,Левый,X5S2*************,Не интересует,,,,,,,,,,,,,,,,,,,,,,,,,,,,,,,,,,,,,,,,,,,,,,,,,,
"ГАЗ Соболь 2217 2.7 MT, 2010, 400 000 км","4,2",370000,"Нижегородская обл., Дзержинск",2010,II (2010—2024),400 000 км,10 записей в отчёте Автотеки,Оригинал,4+,Не битый,2.7 MT (107 л.с.),2.7 л,Бензин,Механика,Задний,Базовая,Микроавтобус,Серебряный,Левый,X962*************,Возможен,Гидравлический,Ткань,,,,,,,,,,,,Мультимедиа и навигацияBluetooth,,,,,,,,,,,,,,,,,,,,,,,,,,,,,,,,,,,,
"ГАЗ 3102 Волга 2.4 MT, 2007, 258 000 км","4,5",305000,"Санкт-Петербург, Курортный р-н, Сестрорецк, пл. Свободы, 1",2007,I (1982—2009),258 000 км,8 записей в отчёте Автотеки,Дубликат,4+,Не битый,2.4 MT (137 л.с.),2.4 л,Бензин,Механика,Задний,Базовая,Седан,Чёрный,Левый,X963*************,Не интересует,Гидравлический,,,,,,,,,,,Климат-контроль однозонный,,,,,,,,,,,,Центральный замок,,,Радио,,,,,,,,,,,,,,,,,,,,,,,
"ГАЗ ГАЗель 3302 2.3 MT, 2002, 150 000 км","4,6",250000,"Республика Мордовия, Лямбирский р-н, с. Лямбирь, ул. Ленина",2002,I (1994—2003),150 000 км,5 записей в отчёте Автотеки,Оригинал,3,Не битый,2.3 MT (98 л.с.),2.3 л,Бензин,Механика,Задний,Базовая,Фургон,Белый,Левый,XTH3*************,Не интересует,,,,,,,,,,,,,,,,,,,,,,,,,,,,,,,,,,,,,,,,,,,,,,,,,,
"ГАЗ ГАЗель 3302 2.4 MT, 1994, 100 000 км","4,1",200000,"Челябинская обл., Челябинск, Черкасская ул., 15",1994,I (1994—2003),100 000 км,7 записей в отчёте Автотеки,Оригинал,2,Не битый,2.4 MT (90 л.с.),2.4 л,Бензин,Механика,Задний,Базовая,Пикап,Серый,Левый,XTH3*************,Не интересует,,,,,,,,,,,,,,,,,,,,,,,,,,,,,,,,,,,,,,,,,,,,,,,,,,
"ГАЗ ГАЗель 33023 2.5 MT, 2017, 150 000 км","4,6",2555000,"Нижегородская обл., Нижний Новгород, ул. Дьяконова",2017,II (2010—2024),150 000 км,4 записи в отчёте Автотеки,Оригинал,2,Не битый,2.5 MT (123 л.с.),2.5 л,Бензин,Механика,Задний,Базовая,Фургон,Серый,Левый,XU42*************,Не интересует,Электрический,Кожаный руль,,,,Тёмный,Зеркал,,,,,,,,,,,,,,,,,,,,,,,,,,,,,,,,,,,,,,,,,,,
"ГАЗ Соболь 2217 2.9 MT, 2010, 264 000 км","4,2",420000,"Омская обл., Омск, посёлок Амурский, 4-я ул. Челюскинцев",2010,II (2010—2024),264 000 км,10 записей в отчёте Автотеки,Оригинал,4+,Не битый,2.9 MT (107 л.с.),2.9 л,Бензин,Механика,Задний,Базовая,Микроавтобус,Голубой,Левый,X962*************,Не интересует,,,,,,,,РадиоAUX,,Активная безопасность,,,,Цвет салона,,,,Салон,,,,,,,,,,Усилитель руля,,,,,,,,,,,,,,,,,,,,,,
"ГАЗ ГАЗель 2705 2.4 MT, 2008, 250 000 км","4,5",500000,"Республика Дагестан, Дербент, пл. Свободы",2008,I рестайлинг (2003—2010),250 000 км,Проверить в Автотеке,Оригинал,4+,Не битый,2.4 MT (140 л.с.),2.4 л,Бензин,Механика,Задний,Базовая,Фургон,Серый,Левый,X962*************,Не интересует,,,,,,,,,,,,,,,,,,,,,,,,,,,,,,,,,,,,,,,,,,,,,,,,,,
"ГАЗ ГАЗель 2705 2.7 MT, 2010, 180 000 км","4,2",670000,"Краснодарский край, Горячий Ключ, ул. Революции, 4",2010,II (2010—2024),180 000 км,5 записей в отчёте Автотеки,Оригинал,2,Не битый,2.7 MT (107 л.с.),2.7 л,Бензин,Механика,Задний,Базовая,Фургон,Белый,Левый,X962*************,Не интересует,Гидравлический,Люк,,,,,,,,,,,,,,,,,,,,,,,,,,,РадиоTVUSBAUXBluetooth,,,,,,,,,,,,,,,,,,,,,
"ГАЗ ГАЗель 3302 2.4 MT, 2006, 300 000 км","4,5",750000,"Республика Адыгея, Майкопский р-н, Каменномостское сельское поселение, пос. Каменномостский, ул. Ленина, 38",2006,I рестайлинг (2003—2010),300 000 км,5 записей в отчёте Автотеки,Оригинал,2,Не битый,2.4 MT (140 л.с.),2.4 л,Бензин,Механика,Задний,Базовая,Фургон,Белый,Левый,XU42*************,Не интересует,,,,,,,,,,,Центральный замок,,,,,,,Салон,,,,,Противоугонная система,,,,,,,Фары,Противотуманные,Усилитель руля,Электростеклоподъемники,,,,,,,,,,,,,,,,,
"ГАЗ ГАЗель Next 2.7 MT, 2014, 384 673 км","4,6",1450000,"Калужская обл., Калуга, Московская ул.",2014,III (2013—2024),384 673 км,2 записи в отчёте Автотеки,Оригинал,3,Не битый,2.7 MT (107 л.с.),2.7 л,Бензин,Механика,Задний,Базовая,Фургон,Белый,Левый,X96A*************,Не интересует,Гидравлический,,,,Противотуманные,,Зеркал,,,,,,,,,,,,,,,,,,,,,,,Фары,,,,,,,,,,,,,,,,,,,,
"ГАЗ ГАЗель 2747 2.9 MT, 2010, 78 000 км","4,4",639000,"Республика Дагестан, Хасавюртовский р-н, с. Эндирей",2010,I (2000—2014),78 000 км,5 записей в отчёте Автотеки,Дубликат,1,Не битый,2.9 MT (107 л.с.),2.9 л,Бензин,Механика,Задний,Базовая,Фургон,Белый,Левый,X3X2*************,Не интересует,,,,,,,,,,,,,,,,,,,,,,,,,,,,,,,,,,,,,,,,,,,,,,,,,,
"ГАЗ ГАЗель 2705 2.4 MT, 2004, 400 000 км","4,5",300000,"Республика Дагестан, Хасавюрт, Махачкалинское ш., 78А",2004,I рестайлинг (2003—2010),400 000 км,5 записей в отчёте Автотеки,Оригинал,4+,Не битый,2.4 MT (140 л.с.),2.4 л,Бензин,Механика,Задний,Базовая,Фургон,Белый,Левый,XTH2*************,Не интересует,,,,,,,,,,,,,,,,,,,,,,,,,,,,,,,,,,,,,,,,,,,,,,,,,,
"ГАЗ ГАЗель Next 2.7 MT, 2020, 98 000 км","4,6",1995000,"Москва, Красноярская ул., 5/36",2020,III (2013—2024),98 000 км,Проверить в Автотеке,Электронный,3,Не битый,2.7 MT (107 л.с.),2.7 л,Бензин,Механика,Задний,Базовая,Фургон,Белый,Левый,X96A*************,,,,,,,,,,,,,,,,,,,,,,,,,,,,,,,,,,,,,,,,,,,,,,,,,,,
"ГАЗ ГАЗель 3302 2.4 MT, 2004, 52 151 км","4,5",485000,"Чеченская Республика, Гудермесский р-н",2004,I рестайлинг (2003—2010),52 151 км,5 записей в отчёте Автотеки,,3,Не битый,2.4 MT (137 л.с.),2.4 л,Бензин,Механика,Задний,Базовая,Фургон,Белый,Левый,XTH3*************,Не интересует,Гидравлический,,,,,,,,,,,,,,,,,,,,,,,,,,,,,,,,,,,,,,,,,,,,,,,,,
"ГАЗ ГАЗель Next 3.0 MT, 2018, 300 000 км","4,3",1450000,"Кабардино-Балкарская Республика, Нальчик, ул. Кирова, 145",2018,III (2013—2024),300 000 км,11 записей в отчёте Автотеки,Оригинал,2,Не битый,3.0 MT (120 л.с.) CNG,3 л,Газ,Механика,Задний,Базовая,Микроавтобус,Белый,Левый,X96A*************,Не интересует,Гидравлический,Кожа,,,,,,,,,,Кондиционер,,,,,,,,,,,,,,,,,,,,,,Люк,,,,,,,,,,,,,,,,
"ГАЗ Соболь 2752 2.5 MT, 2008, 94 000 км","4,4",415000,"Республика Татарстан, Набережные Челны, ​69-й комплекс, 20",2008,I рестайлинг (2003—2010),94 000 км,7 записей в отчёте Автотеки,Оригинал,2,Не битый,2.5 4WD MT (140 л.с.),2.5 л,Бензин,Механика,Полный,Базовая,Фургон,Серебряный,Левый,X962*************,Не интересует,,,,,,,,,,,,,,,,,,,,,,,,,,,,,,,,,,,,,,,,,,,,,,,,,,
"ГАЗ ГАЗель Next 2.5 MT, 2015, 888 888 км","4,6",1100000,"Москва, ул. Декабристов, 45Ас2",2015,III (2013—2024),888 888 км,6 записей в отчёте Автотеки,Оригинал,3,Не битый,2.5 D MT (150 л.с.),2.5 л,Дизель,Механика,Задний,Базовая,Фургон,Белый,Левый,Z783*************,Не интересует,Гидравлический,,,,,,,,,,,Управление на руле,,,,,,,,,,,,,,,,,,,,,,,,,,,,,,,,,,,,,,
"ГАЗ ГАЗель 3302 2.5 MT, 2006, 406 500 км","4,5",470000,"Санкт-Петербург, пос. Парголово, Тихоокеанская ул.",2006,I рестайлинг (2003—2010),406 500 км,8 записей в отчёте Автотеки,Дубликат,4+,Не битый,2.5 MT (140 л.с.),2.5 л,Бензин,Механика,Задний,Базовая,Фургон,Белый,Левый,XSU2*************,Не интересует,Гидравлический,,,,,Тёмный,,,,,,,,,"Шины и диски16""",,,,,,,,,,,,,,,,,,,,,,,,,,,,,,,,,,,
"ГАЗ ГАЗель 3302 2.5 MT, 2006, 450 000 км","4,5",400000,"Республика Татарстан, Елабужский р-н, муниципальное образование Елабуга, Елабуга",2006,I рестайлинг (2003—2010),450 000 км,6 записей в отчёте Автотеки,Дубликат,3,Не битый,2.5 MT (124 л.с.),2.5 л,Бензин,Механика,Задний,Базовая,Фургон,Синий,Левый,X963*************,Не интересует,,,Радио,,,,,,,,,,,,,,,,,,,,,,,,,,,,,,,,,,,,,,,,,,,,,,,
"ГАЗ ГАЗель 2705 2.3 MT, 2003, 173 000 км","4,5",170000,"Воронежская обл., Воронеж, Ленинский пр-т",2003,I рестайлинг (2003—2010),173 000 км,,Дубликат,1,Не битый,2.3 MT (98 л.с.),2.3 л,Бензин,Механика,Задний,Базовая,Фургон,Зелёный,Левый,2705**********,Не интересует,,,,,,,,,,,,,,,,,,,,,,,,,,,,,,,,,,,,,,,,,,,,,,,,,,
"ГАЗ ГАЗель 2747 2.5 MT, 2008, 115 000 км","4,4",700000,"Москва, ул. Николая Химушина, 5с3",2008,I (2000—2014),115 000 км,3 записи в отчёте Автотеки,Оригинал,1,Не битый,2.5 MT (140 л.с.),2.5 л,Бензин,Механика,Задний,Базовая,Фургон,Белый,Левый,X3X2*************,Не интересует,Гидравлический,,,,,Светлый,,,,,,Климат-контроль многозонный,,,,,,,,,,,,,,,,,,,,,,,,,,,,,,,,,,,,,,
"ГАЗ ГАЗель 3302 2.4 MT, 2001, 82 000 км","4,6",350000,"Нижегородская обл., Лысковский муниципальный округ, Лысково, ул. Нестерова",2001,I (1994—2003),82 000 км,5 записей в отчёте Автотеки,Дубликат,1,Не битый,2.4 MT (100 л.с.),2.4 л,Бензин,Механика,Задний,Базовая,Фургон,Зелёный,Левый,XTH3*************,Не интересует,,Ткань,,,,Тёмный,,РадиоUSBAUXBluetooth,,,,,,,,,,,,,,,,,,,,,,Фары,"Шины и диски16""",,,,Помощь при вождении,,,,,,,,,,,,,,,
"ГАЗ ГАЗель 3302 2.4 MT, 2012, 16 000 км","4,5",1400000,"Самарская обл., Самара, ул. Дзержинского, 9А",2012,II (2010—2024),16 000 км,6 записей в отчёте Автотеки,,3,Не битый,2.4 MT (140 л.с.),2.4 л,Бензин,Механика,Задний,Базовая,Фургон,Коричневый,Левый,X962*************,Не интересует,Гидравлический,,,,,,,,,,,,,,,,,,,,,,,,,,,,,,,,,,,,,,,,,,,,,,,,,
"ГАЗ ГАЗель Next 2.7 MT, 2014, 280 000 км","4,6",1450000,"Самарская обл., Самара, ул. Авроры (дублёр)",2014,III (2013—2024),280 000 км,Проверить в Автотеке,Оригинал,4+,Не битый,2.7 MT (107 л.с.),2.7 л,Бензин,Механика,Задний,Базовая,Фургон,Серый,Левый,X96A*************,Не интересует,Гидравлический,,,,,,,,,,,,,,,,,,,,,,,,,,,,,,,,,,,,,,,,,,,,,,,,,
"ГАЗ ГАЗель Next 2.7 MT, 2015, 380 000 км","4,6",1490000,"Ставропольский край, Ессентуки, мкр-н Белый Уголь, Ясный пер., 16",2015,III (2013—2024),380 000 км,2 записи в отчёте Автотеки,Оригинал,1,Не битый,2.7 MT (107 л.с.),2.7 л,Бензин,Механика,Задний,Базовая,Фургон,Белый,Левый,X96A*************,Не интересует,,,,Цвет салона,,,,Радио,,,,,,,,,,Салон,,,Электростеклоподъемники,,Усилитель руля,,,,,,,,,,"Шины и диски16""",,,,,,,,,,,,,,,,,
"ГАЗ ГАЗель 3302 2.8 MT, 2012, 150 000 км","4,5",985000,"Москва, Покровская ул.",2012,II (2010—2024),150 000 км,5 записей в отчёте Автотеки,Оригинал,2,Не битый,2.8 D MT (120 л.с.),2.8 л,Дизель,Механика,Задний,Базовая,Фургон,Белый,Левый,X722*************,Не интересует,,,,,,,,,,,,,,,,,,,,,,,,,,,,,,,,,,,,,,,,,,,,,,,,,,
"ГАЗ ГАЗель 33023 2.4 MT, 2008, 127 532 км","4,7",970000,"Удмуртская Республика, Можга, Центральная пл.",2008,I рестайлинг (2003—2010),127 532 км,Проверить в Автотеке,Оригинал,1,Не битый,2.4 MT (137 л.с.),2.4 л,Бензин,Механика,Задний,Базовая,Фургон,Синий,Левый,X8B2*************,Не интересует,Гидравлический,,,,,,,,,,,,,,,,,,,,,,,,,,,,,,,,,,,,,,,,,,,,,,,,,
"ГАЗ ГАЗель 3302 2.7 MT, 2012, 314 000 км","4,5",700000,"Московская обл., Ступино, ул. Андропова, 61/11",2012,II (2010—2024),314 000 км,8 записей в отчёте Автотеки,Оригинал,3,Не битый,2.7 MT (107 л.с.),2.7 л,Бензин,Механика,Задний,Базовая,Фургон,Белый,Левый,Z741*************,Не интересует,,,,,,,,,,,,,,,,,,,,,,,,,,,,,,,,,,,,,,,,,,,,,,,,,,
"ГАЗ М-20 Победа 2.1 MT, 1949, 50 000 км","4,5",270000,"Брянская обл., Новозыбков, мкр-н РОС",1949,I (1946—1958),50 000 км,,Оригинал,1,Не битый,2.1 MT (52 л.с.),2.1 л,Бензин,Механика,Задний,Базовая,Хетчбек 5-дверный,Коричневый,Левый,9453**,Возможен,Гидравлический,,,,,,,,,,,,,,,,,,,,,,,,,,,,,,,,,,,,,,,,,,,,,,,,,
"ГАЗ ГАЗель 3302 2.4 MT, 2013, 195 000 км","4,5",1289000,"Ставропольский край, Невинномысск, ул. Калинина",2013,II (2010—2024),195 000 км,10 записей в отчёте Автотеки,,3,Не битый,2.4 MT (140 л.с.),2.4 л,Бензин,Механика,Задний,Базовая,Фургон,Белый,Левый,XU42*************,Не интересует,Гидравлический,,,,,,,,,,,,,,,,,,,,,,,,,,,,,,,,,,,,,,,,,,,,,,,,,
"ГАЗ ГАЗель 3302 2.9 MT, 2009, 250 000 км","4,5",525000,"Нижегородская обл., Нижний Новгород, пр-т Бусыгина, 22А",2009,I рестайлинг (2003—2010),250 000 км,7 записей в отчёте Автотеки,Оригинал,3,Не битый,2.9 MT (110 л.с.),2.9 л,Бензин,Механика,Задний,Базовая,Фургон,Бежевый,Левый,X963*************,Не интересует,,,,,,,,,,,,,,,,,,,,,,,,,,,,,,,,,,,,,,,,,,,,,,,,,,
"ГАЗ ГАЗель Next 2.8 MT, 2013, 400 000 км","4,6",1179000,"Ярославская обл., Ярославль",2013,III (2013—2024),400 000 км,8 записей в отчёте Автотеки,Дубликат,4+,Не битый,2.8 D MT (120 л.с.),2.8 л,Дизель,Механика,Задний,Базовая,Фургон,Зелёный,Левый,X96A*************,Возможен,,,,,,,,,,,,,,,,,,,,,,,,,,,,,,,,,,,,,,,,,,,,,,,,,,
"ГАЗ ГАЗель 3302 2.4 MT, 1997, 35 000 км","4,6",165000,"Ярославская обл., Любимский р-н, городское поселение Любим, Любим, Октябрьская ул., 43",1997,I (1994—2003),35 000 км,Проверить в Автотеке,Дубликат,2,Не битый,2.4 MT (100 л.с.),2.4 л,Бензин,Механика,Задний,Базовая,Фургон,Белый,Левый,XTH3*************,Не интересует,,,,,,,,,,,,,,,,,,,,,,,,,,,,,,,,,,,,,,,,,,,,,,,,,,
"ГАЗ ГАЗель 3302 2.3 MT, 1996, 77 777 км","4,6",315000,"Карачаево-Черкесская Республика, Карачаевск, пл. Канамата Боташева",1996,I (1994—2003),77 777 км,4 записи в отчёте Автотеки,Дубликат,4+,Не битый,2.3 MT (110 л.с.),2.3 л,Бензин,Механика,Задний,Базовая,Фургон,Синий,Левый,XTH3*************,Не интересует,,,,,,,,,,,,,,,,,,,,,,,,,,,,,,,,,,,,,,,,,,,,,,,,,,
"ГАЗ ГАЗель 2705 2.7 MT, 2013, 100 000 км","4,2",830000,"Республика Дагестан, Хасавюртовский р-н, с. Кокрек, ул. Гагарина",2013,II (2010—2024),100 000 км,2 записи в отчёте Автотеки,,2,Не битый,2.7 MT (107 л.с.),2.7 л,Бензин,Механика,Задний,Базовая,Фургон,Белый,Левый,X962*************,Возможен,Гидравлический,,,,,,,,,,,,,,,,,,,,,,,,,,,,,,,,,,,,,,,,,,,,,,,,,
"ГАЗ ГАЗель 2705 2.4 MT, 2001, 14 314 км","4,4",145000,"Удмуртская Республика, Ижевск, ул. Дзержинского, 24",2001,I (1994—2003),14 314 км,3 записи в отчёте Автотеки,Оригинал,4+,Не битый,2.4 MT (100 л.с.),2.4 л,Бензин,Механика,Задний,Базовая,Фургон,Белый,Левый,XTH2*************,Не интересует,,,,,,,,,,,,,,,,,,,,,,,,,,,,,,,,,,,,,,,,,,,,,,,,,,
"ГАЗ ГАЗель Next 2.7 MT, 2018, 248 000 км","4,3",1630000,"Оренбургская обл., Орск, Орский пр-т",2018,III (2013—2024),248 000 км,10 записей в отчёте Автотеки,,1,Не битый,2.7 MT (107 л.с.),2.7 л,Бензин,Механика,Задний,Базовая,Микроавтобус,Белый,Левый,X96A*************,Не интересует,,,,,,,,,,,,,,,,,,,,,,,,,,,,,,,,,,,,,,,,,,,,,,,,,,
"ГАЗ ГАЗель 3302 2.5 MT, 2006, 200 000 км","4,5",499999,"Пермский край, Пермский муниципальный округ, с. Фролы, Сибирская ул.",2006,I рестайлинг (2003—2010),200 000 км,Проверить в Автотеке,Оригинал,3,Не битый,2.5 MT (140 л.с.),2.5 л,Бензин,Механика,Задний,Базовая,Фургон,Белый,Левый,XSU2*************,Не интересует,Гидравлический,,,,,,,,Противотуманные,,,Кондиционер,,,,,,,,,,,,,,,,,Радио,,,,,,,,,,,,,,,,,,,,,
"ГАЗ ГАЗель 33023 2.8 MT, 2012, 324 000 км","4,6",1498000,"Самарская обл., Тольятти, Южное ш., 10/2",2012,II (2010—2024),324 000 км,7 записей в отчёте Автотеки,Оригинал,1,Не битый,2.8 D MT (120 л.с.),2.8 л,Дизель,Механика,Задний,Базовая,Фургон,Синий,Левый,X892*************,Не интересует,,,,,,,,,,,,,,,,,,,,,,,,,,,,,,,,,,,,,,,,,,,,,,,,,,
"ГАЗ ГАЗель 3221 2.5 MT, 2009, 150 000 км","4,6",250000,"Волгоградская обл., Светлоярский р-н, Кировское сельское поселение, СНТ Якорь-3, 3-я линия, 117",2009,I рестайлинг (2003—2010),150 000 км,10 записей в отчёте Автотеки,Дубликат,3,Не битый,2.5 MT (140 л.с.),2.5 л,Бензин,Механика,Задний,Базовая,Микроавтобус,Белый,Левый,X963*************,Не интересует,,Ткань,,,,,,,,,,,,Цвет салона,,,,,,,"Шины и диски16""",,,,,,,,,,,,,,,,,,,,,,,,,,,,,
"ГАЗ ГАЗель 2747 2.5 MT, 2008, 100 000 км","4,4",800000,"Волгоградская обл., Волгоград, ул. Расула Гамзатова",2008,I (2000—2014),100 000 км,9 записей в отчёте Автотеки,Оригинал,4+,Не битый,2.5 MT (140 л.с.),2.5 л,Бензин,Механика,Задний,Базовая,Фургон,Белый,Левый,XU42*************,Не интересует,,,,,,,Зеркал,,,,,,Только передние,,,,,,,,,,,,,,,,,,,,,,,,,,,,,,,,,,,,,
"ГАЗ Соболь 2217 2.5 MT, 2005, битый, 151 600 км","4,3",400000,"Краснодарский край, Сочи, мкр-н Донская, ул. Новая Заря",2005,I рестайлинг (2003—2010),151 600 км,4 записи в отчёте Автотеки,Дубликат,4+,Битый,2.5 MT (140 л.с.),2.5 л,Бензин,Механика,Задний,Базовая,Микроавтобус,Серебряный,Левый,X962*************,Возможен,Гидравлический,Ткань,,,,,,,Галогенные,,,,,Аудиосистема4 колонки,,,,,,,,,,,,,,,,,,,,,,,,,,,,,,,,,,,,
"ГАЗ ГАЗель 3302 2.9 MT, 2010, 116 000 км","4,5",550000,"Вологодская обл., Череповец, ул. Белинского, 41",2010,I рестайлинг (2003—2010),116 000 км,8 записей в отчёте Автотеки,Оригинал,3,Не битый,2.9 MT (110 л.с.),2.9 л,Бензин,Механика,Задний,Базовая,Фургон,Белый,Левый,X963*************,Не интересует,Гидравлический,Ткань,,,,,,,,Цвет салона,,,,,,,,,,,,,,,,,,,,,,,,,,Аудиосистема2 колонки,,,,,,,,,,,,,,
"ГАЗ Соболь 2752 2.5 MT, 2008, 280 000 км","4,4",275000,"Московская обл., Ленинский г.о., пос. Битца, Нагорная ул.",2008,I рестайлинг (2003—2010),280 000 км,8 записей в отчёте Автотеки,Оригинал,3,Не битый,2.5 MT (124 л.с.),2.5 л,Бензин,Механика,Задний,Базовая,Фургон,Серебряный,Левый,X962*************,Не интересует,,,,,,,,,,,,,,,,,,,,,,,,,,,,,,,,,,,,,,,,,,,,,,,,,,
"ГАЗ ГАЗель 2705 2.9 MT, 2010, 325 000 км","4,2",620000,"Республика Дагестан, Кизляр, Пушкинская пл.",2010,II (2010—2024),325 000 км,7 записей в отчёте Автотеки,Оригинал,2,Не битый,2.9 MT (107 л.с.),2.9 л,Бензин,Механика,Задний,Базовая,Фургон,Серый,Левый,X962*************,Не интересует,Гидравлический,,,,,,,,,,,,,,,,,,,,,,,,,,,,,,,,,,,,,,,,,,,,,,,,,
"ГАЗ ГАЗель 3302 2.4 MT, 2001, 250 000 км","4,6",175000,"Московская обл., Реутов, ул. Некрасова, 14",2001,I (1994—2003),250 000 км,Проверить в Автотеке,Оригинал,2,Не битый,2.4 MT (90 л.с.),2.4 л,Бензин,Механика,Задний,Базовая,Фургон,Белый,Левый,XTH3*************,Не интересует,,,,,,,,,,,,,,,,,,,,,,,,,,,,,,,,,,,,,,,,,,,,,,,,,,
"ГАЗ ГАЗель 3221 2.9 MT, 2015, 185 483 км","4,3",335000,"Московская обл., г.о. Люберцы, М-5 Урал, 23-й километр",2015,II (2010—2024),185 483 км,10 записей в отчёте Автотеки,Оригинал,2,Не битый,2.9 4WD MT (107 л.с.),2.9 л,Бензин,Механика,Полный,Базовая,Микроавтобус,Белый,Левый,X963*************,Не интересует,Гидравлический,Ткань,,,,Тёмный,,,,,,,,,,,,,,,,,,,,,,,,,,,,,,,,,,,,,,,,,,,,
"ГАЗ ГАЗель Next 2.7 MT, 2017, 107 000 км","4,6",1870000,"Краснодарский край, Краснодар, 03К-001, 2-й километр",2017,III (2013—2024),107 000 км,2 записи в отчёте Автотеки,Оригинал,1,Не битый,2.7 MT (107 л.с.),2.7 л,Бензин,Механика,Задний,Базовая,Фургон,Белый,Левый,Z783*************,Не интересует,,,,,,,,,,,,,,,,,,,,,,,,,,,,,,,,,,,,,,,,,,,,,,,,,,
"ГАЗ ГАЗель 3221 2.9 MT, 2011, 51 000 км","4,3",470000,"Самарская обл., Тольятти, Центральный район",2011,II (2010—2024),51 000 км,Проверить в Автотеке,Оригинал,2,Не битый,2.9 MT (107 л.с.),2.9 л,Бензин,Механика,Задний,Базовая,Микроавтобус,Белый,Левый,X963*************,Не интересует,Гидравлический,Люк,,,,,,,,,,,,,,,,,,,,,,,,,,,,,,,,,,,Антиблокировка тормозов,,,,,,,,,,,,,
"ГАЗ 3102 Волга 2.4 MT, 2008, 177 777 км","4,5",250000,"Москва, Большая Серпуховская ул., 12/11с2",2008,I (1982—2009),177 777 км,10 записей в отчёте Автотеки,Дубликат,3,Не битый,2.4 MT (137 л.с.),2.4 л,Бензин,Механика,Задний,Базовая,Седан,Серебряный,Левый,X963*************,Возможен,Гидравлический,,,,,,,,,,,Климат-контроль однозонный,,,,,,,,,,,,,,,,,,,,,,,,,,Мультимедиа и навигацияUSBAUXBluetooth,,,,,,,,,,,,
"ГАЗ ГАЗель 3302 2.9 MT, 2011, 187 000 км","4,5",757000,"Ростовская обл., Ростов-на-Дону, Травяная ул., 2/24",2011,II (2010—2024),187 000 км,5 записей в отчёте Автотеки,Оригинал,2,Не битый,2.9 MT (107 л.с.),2.9 л,Бензин,Механика,Задний,Базовая,Фургон,Синий,Левый,Z741*************,Не интересует,,,,,,,,,,,,,,,,,,,,,,,,,,,,,,,,,,,,,,,,,,,,,,,,,,
"ГАЗ ГАЗель 3302 2.5 MT, 2007, 64 000 км","4,5",1100000,"Ставропольский край, Кировский муниципальный округ, Новопавловск, пл. Ленина",2007,I рестайлинг (2003—2010),64 000 км,4 записи в отчёте Автотеки,Оригинал,1,Не битый,2.5 MT (140 л.с.),2.5 л,Бензин,Механика,Задний,Базовая,Фургон,Синий,Левый,X5J2*************,Не интересует,,,,,,,,,,,,,,,,,,,,,,,,,,,,,,,,,,,,,,,,,,,,,,,,,,
"ГАЗ ГАЗель 3302 2.3 MT, 2003, 200 000 км","4,5",200000,"Московская обл., Красногорск, Оптический пр.",2003,I рестайлинг (2003—2010),200 000 км,5 записей в отчёте Автотеки,Оригинал,2,Не битый,2.3 MT (98 л.с.),2.3 л,Бензин,Механика,Задний,Базовая,Фургон,Белый,Левый,XTH3*************,Не интересует,Гидравлический,,,,,,,,,,,,,,,,,,,,,,,,,,,,,,,,,,,,,,,,,,,,,,,,,
"ГАЗ ГАЗель Next 2.7 MT, 2021, 98 173 км","4,6",2480000,"Нижегородская обл., Нижний Новгород, ул. Аркадия Гайдара, 73",2021,III (2013—2024),98 173 км,4 записи в отчёте Автотеки,Оригинал,1,Не битый,2.7 MT (107 л.с.),2.7 л,Бензин,Механика,Задний,Базовая,Фургон,Белый,Левый,Z783*************,Не интересует,,,,,,,,,,,,,,,,,,,,,,,,,,,,,,,,,,,,,,,,,,,,,,,,,,
"ГАЗ ГАЗель 33023 2.9 MT, 2013, 80 853 км","4,6",1000000,"Свердловская обл., Екатеринбург, пл. 1905 года",2013,II (2010—2024),80 853 км,12 записей в отчёте Автотеки,Дубликат,4+,Не битый,2.9 MT (107 л.с.),2.9 л,Бензин,Механика,Задний,Базовая,Фургон,Синий,Левый,X8B2*************,Возможен,Гидравлический,,,,,,,РадиоUSBAUXBluetooth,,,,Климат-контроль однозонный,,,,,,,,,,,,,,,,,,,,,,,,,,,,,,,,,,,,,,
"ГАЗ ГАЗель Next 2.8 MT, 2016, 114 700 км","4,6",1985000,"Краснодарский край, Усть-Лабинский р-н, Воронежское сельское поселение, станица Воронежская, Садовая ул., 5А",2016,III (2013—2024),114 700 км,5 записей в отчёте Автотеки,Дубликат,2,Не битый,2.8 D MT (150 л.с.),2.8 л,Дизель,Механика,Задний,Базовая,Фургон,Белый,Левый,Z0D1*************,Не интересует,,,,,,,,,,,,,,,,,,,,,,,,,,,,,,,,,,,,,,,,,,,,,,,,,,
"ГАЗ ГАЗель Next 2.7 MT, 2017, 126 420 км","4,3",1890000,"Ростовская обл., Ростов-на-Дону, пр-т Стачки, 91",2017,III (2013—2024),126 420 км,7 записей в отчёте Автотеки,Оригинал,2,Не битый,2.7 MT (107 л.с.),2.7 л,Бензин,Механика,Задний,Базовая,Микроавтобус,Белый,Левый,X96A*************,Возможен,,,,,,,,,,,,,,,,,,,,,,,,,,,,,,,,,,,,,,,,,,,,,,,,,,
"ГАЗ ГАЗель 2705 2.4 MT, 2007, 208 790 км","4,5",330000,"Санкт-Петербург, пр-т Энгельса, 162Р",2007,I рестайлинг (2003—2010),208 790 км,9 записей в отчёте Автотеки,Дубликат,2,Не битый,2.4 MT (140 л.с.),2.4 л,Бензин,Механика,Задний,Базовая,Фургон,Белый,Левый,X962*************,,,,,,,,,,,,,,,,,,,,,,,,,,,,,,,,,,,,,,,,Фары,,,,,,,,,,,
"ГАЗ ГАЗель 3302 2.8 MT, 2012, 200 000 км","4,5",900000,"Санкт-Петербург, Уральская ул., 29к1",2012,II (2010—2024),200 000 км,6 записей в отчёте Автотеки,Оригинал,4+,Не битый,2.8 D MT (120 л.с.),2.8 л,Дизель,Механика,Задний,Базовая,Фургон,Белый,Левый,X963*************,Не интересует,Гидравлический,,,,,Светлый,,,,,,Климат-контроль однозонный,,,,,,,,,,,,Сигнализация,Подушки безопасности,Салон,,,,,,,Кожаный руль,,,,,,,,,,,,,,,,,
"ГАЗ ГАЗель 3302 2.9 MT, 2014, 305 000 км","4,5",1350000,"Самарская обл., Самара, 3-й пр.",2014,II (2010—2024),305 000 км,7 записей в отчёте Автотеки,Оригинал,1,Не битый,2.9 MT (107 л.с.),2.9 л,Бензин,Механика,Задний,Базовая,Фургон,Белый,Левый,Z783*************,Не интересует,Гидравлический,,,Фары,,,,,,,,,Только передние,,,,,,,,,,,,,,,,,,,,,,,,,,,,,,,,,,,,,
"ГАЗ ГАЗель 2705 2.5 MT, 2008, 300 000 км","4,5",400000,"Волгоградская обл., Урюпинский р-н, Ольшанское сельское поселение, хутор Попов",2008,I рестайлинг (2003—2010),300 000 км,4 записи в отчёте Автотеки,Оригинал,2,Не битый,2.5 4WD MT (140 л.с.),2.5 л,Бензин,Механика,Полный,Базовая,Фургон,Белый,Левый,X962*************,Не интересует,Гидравлический,,,,,,,,,,,,,,,,,,,,,,,,,,,,,,,,,,,,,,,,,,,,,,,,,
"ГАЗ ГАЗель 33023 2.3 MT, 2005, 5 000 км","4,7",450000,"Нижегородская обл., Нижний Новгород, ул. Героя Советского Союза Прыгунова, 7",2005,I рестайлинг (2003—2010),5 000 км,5 записей в отчёте Автотеки,Оригинал,3,Не битый,2.3 MT (98 л.с.),2.3 л,Бензин,Механика,Задний,Базовая,Фургон,Белый,Левый,X892*************,Не интересует,,Люк,,,,Тёмный,,,,,,,,,,,,,,,,,,,,,,,,,,,,,,,,,,,,,,,,,,,,
"ГАЗ Соболь 2752 2.5 MT, 2007, 300 000 км","4,4",170000,"Москва, Зеленоград, Центральный пр-т",2007,I рестайлинг (2003—2010),300 000 км,5 записей в отчёте Автотеки,,4+,Не битый,2.5 MT (140 л.с.),2.5 л,Бензин,Механика,Задний,Базовая,Фургон,Серебряный,Левый,X962*************,Не интересует,Гидравлический,,,,,,,,,,,,,,,,,,,,,,,,,,,,,,,,,,,,,,,,,,,,,,,,,
"ГАЗ ГАЗель 3302 2.4 MT, 2001, 250 000 км","4,6",175000,"Московская обл., Реутов, ул. Некрасова, 14",2001,I (1994—2003),250 000 км,Проверить в Автотеке,Оригинал,2,Не битый,2.4 MT (90 л.с.),2.4 л,Бензин,Механика,Задний,Базовая,Фургон,Белый,Левый,XTH3*************,Не интересует,,,,,,,,,,,,,,,,,,,,,,,,,,,,,,,,,,,,,,,,,,,,,,,,,,
"ГАЗ ГАЗель 3302 2.5 MT, 2008, 300 000 км","4,5",840000,"Краснодарский край, Краснодар, Центральный внутригородской округ, мкр-н Центральный, Индустриальная ул.",2008,I рестайлинг (2003—2010),300 000 км,7 записей в отчёте Автотеки,Дубликат,4+,Не битый,2.5 MT (124 л.с.),2.5 л,Бензин,Механика,Задний,Базовая,Фургон,Синий,Левый,X9R2*************,Не интересует,,,,,,,,,,,,,,,,,,,,,,,,,,,,,,,,,,,,,,,,,,,,,,,,,,
"ГАЗ ГАЗель 33023 2.4 MT, 2007, 223 000 км","4,7",745000,"Рязанская обл., Рязань, Кальная ул., 14",2007,I рестайлинг (2003—2010),223 000 км,5 записей в отчёте Автотеки,Оригинал,3,Не битый,2.4 MT (140 л.с.),2.4 л,Бензин,Механика,Задний,Базовая,Фургон,Синий,Левый,X963*************,Возможен,,Люк,,,,,,,,,,,,,,,,,,,,,,,,,,,,,,,,,,,,,,,,,,,,,,,,
"ГАЗ ГАЗель 3302 2.3 MT, 2005, 210 000 км","4,5",650000,"Оренбургская обл., Бузулук, ул. Рожкова",2005,I рестайлинг (2003—2010),210 000 км,6 записей в отчёте Автотеки,Оригинал,3,Не битый,2.3 MT (98 л.с.),2.3 л,Бензин,Механика,Задний,Базовая,Фургон,Белый,Левый,X893*************,Не интересует,,,,,,,,,,,,,,,,,,,,,,,,,,,,,,,,,,,,,,,,,,,,,,,,,,
"ГАЗ ГАЗель Next 2.8 MT, 2014, 125 000 км","4,6",1650000,"Краснодарский край, Новороссийск, село Цемдолина",2014,III (2013—2024),125 000 км,6 записей в отчёте Автотеки,Оригинал,1,Не битый,2.8 D MT (120 л.с.),2.8 л,Дизель,Механика,Задний,Базовая,Фургон,Серый,Левый,X96A*************,Не интересует,,,,,,,,,,,,,,,,,,,,,,,,,,,,,,,,,,,,,,,,,,,,,,,,,,
"ГАЗ ГАЗель 2705 2.9 MT, 2010, 171 000 км","4,2",650000,"Ленинградская обл., Всеволожский р-н, Новодевяткинское сельское поселение, д. Новое Девяткино, 1-й пр., уч6",2010,II (2010—2024),171 000 км,6 записей в отчёте Автотеки,Оригинал,4+,Не битый,2.9 MT (107 л.с.),2.9 л,Бензин,Механика,Задний,Базовая,Фургон,Синий,Левый,X962*************,Не интересует,Гидравлический,,,,,,,,,,,Климат-контроль однозонный,,,,,,,,,,,,,,,,,,,,,,,,,,,,,,,,,,,,,,
"ГАЗ ГАЗель 3302 2.9 MT, 2013, 152 000 км","4,5",935000,"Москва, Новомосковская ул., 1",2013,II (2010—2024),152 000 км,6 записей в отчёте Автотеки,Дубликат,4+,Не битый,2.9 CNG MT (99 л.с.),2.9 л,Газ,Механика,Задний,Базовая,Фургон,Белый,Левый,X961*************,,,,,,,,,,,,,,,,,,,,,,,,,,,,,,,,,,,,,,,,,,,,,,,,,,,
"ГАЗ ГАЗель Next 2.7 MT, 2018, 248 000 км","4,3",1630000,"Оренбургская обл., Орск, Орский пр-т",2018,III (2013—2024),248 000 км,10 записей в отчёте Автотеки,,1,Не битый,2.7 MT (107 л.с.),2.7 л,Бензин,Механика,Задний,Базовая,Микроавтобус,Белый,Левый,X96A*************,Не интересует,,,,,,,,,,,,,,,,,,,,,,,,,,,,,,,,,,,,,,,,,,,,,,,,,,
"ГАЗ ГАЗель 3302 2.9 MT, 2018, 117 000 км","4,5",1680000,"Оренбургская обл., Орск, мкр-н Старый город, Набережная ул., 24",2018,II (2010—2024),117 000 км,4 записи в отчёте Автотеки,Оригинал,1,Не битый,2.9 MT (107 л.с.),2.9 л,Бензин,Механика,Задний,Базовая,Фургон,Белый,Левый,Z783*************,Возможен,,,,,,,,,,,,,,,,,,,,,,,,,,,,,,,,,,,,,,,,,,,,,,,,,,
"ГАЗ ГАЗель 3302 2.3 MT, 2003, 150 000 км","4,5",250000,"Краснодарский край, Краснодар, Свободная ул.",2003,I рестайлинг (2003—2010),150 000 км,2 записи в отчёте Автотеки,Оригинал,1,Не битый,2.3 MT (98 л.с.),2.3 л,Бензин,Механика,Задний,Базовая,Фургон,Бордовый,Левый,XTH2*************,Возможен,,,,,,,,,,,,,,,,,,,,,,,,,,,,,,,,,,,,,,,,,,,,,,,,,,
"ГАЗ ГАЗель Next 2.8 MT, 2017, 188 600 км","4,6",1950000,"Санкт-Петербург, пр-т Культуры, 42/44",2017,III (2013—2024),188 600 км,3 записи в отчёте Автотеки,Оригинал,1,Не битый,2.8 D MT (150 л.с.),2.8 л,Дизель,Механика,Задний,Базовая,Фургон,Белый,Левый,X96A*************,Не интересует,Гидравлический,Ткань,,,,,,,,,,,,,,,,,,,,,,Сигнализация,Спутник,,,,,,,,,,,,,,,,,,,,,,,,,
"ГАЗ ГАЗель 3302 2.9 MT, 2008, 400 000 км","4,5",950000,"Оренбургская обл., Оренбург, Амурская ул.",2008,I рестайлинг (2003—2010),400 000 км,10 записей в отчёте Автотеки,Оригинал,2,Не битый,2.9 MT (110 л.с.),2.9 л,Бензин,Механика,Задний,Базовая,Фургон,Белый,Левый,X963*************,Не интересует,Гидравлический,,,,,,,,,,,,,,,,,,,,,,,,,,,,,,,,,,,,,,,,,,,,,,,,,
"ГАЗ ГАЗель 33023 2.4 MT, 2005, 258 000 км","4,7",450000,"Саратовская обл., Энгельсский р-н, Красноярское муниципальное образование",2005,I рестайлинг (2003—2010),258 000 км,Проверить в Автотеке,Оригинал,3,Не битый,2.4 MT (140 л.с.),2.4 л,Бензин,Механика,Задний,Базовая,Фургон,Белый,Левый,X893*************,Не интересует,,,,,,,,,,,,,,,,,,,,,,,,,,,,,,,,,,,,,,,,,,,,,,,,,,
"ГАЗ ГАЗель Next 2.7 MT, 2015, 260 000 км","4,6",2250000,"Чеченская Республика, Ачхой-Мартановский р-н, Шаами-Юртовское сельское поселение, с. Шаами-Юрт",2015,III (2013—2024),260 000 км,12 записей в отчёте Автотеки,,3,Не битый,2.7 MT (107 л.с.),2.7 л,Бензин,Механика,Задний,Базовая,Фургон,Белый,Левый,XU42*************,Не интересует,,,,,,,,,,,,,,,,,,,,,,,,,,,,,,,,,,,,,,,,,,,,,,,,,,
"ГАЗ ГАЗель 33023 2.9 MT, 2016, 150 000 км","3,8",1350000,"Курская обл., Курск, Звёздная ул., 11А",2016,II (2010—2024),150 000 км,3 записи в отчёте Автотеки,Оригинал,1,Не битый,2.9 MT (107 л.с.),2.9 л,Бензин,Механика,Задний,Базовая,Пикап,Белый,Левый,X8B2*************,Не интересует,,,,,,,,,,,,,,,,,,,,,,,,,,,,,,,,,,,,,,,,,,,,,,,,,,
"ГАЗ ГАЗель Next 2.8 MT, 2019, 78 000 км","4,6",1400000,"Ставропольский край, Невинномысск, ул. Менделеева",2019,III (2013—2024),78 000 км,4 записи в отчёте Автотеки,Оригинал,1,Не битый,2.8 D MT (150 л.с.),2.8 л,Дизель,Механика,Задний,Базовая,Фургон,Белый,Левый,X96A*************,Не интересует,Гидравлический,Ткань,,,,,,,,,,,,,,,,,,,,,,,,,,,,,,,,Люк,,,Распред. тормозных усилий,,,,,,,,,,,,,
"ГАЗ ГАЗель 3302 2.9 MT, 2015, 245 000 км","4,5",1345000,"Москва, Люблинская ул., 10с36",2015,II (2010—2024),245 000 км,8 записей в отчёте Автотеки,Оригинал,1,Не битый,2.9 MT (107 л.с.),2.9 л,Бензин,Механика,Задний,Базовая,Фургон,Белый,Левый,X8B2*************,Не интересует,,,,,,,,,,,,,,,,,,,,,,,,,,,,,,,,,,,,,,,,,,,,,,,,,,
"ГАЗ Соболь 2752 2.9 MT, 2016, 66 666 км","4,6",570000,"Краснодарский край, Красноармейский р-н, Марьянское сельское поселение, станица Марьянская, Северная ул., 44",2016,II (2010—2024),66 666 км,3 записи в отчёте Автотеки,Оригинал,3,Не битый,2.9 MT (107 л.с.),2.9 л,Бензин,Механика,Задний,Базовая,Минивэн,Белый,Левый,Z7C2*************,Не интересует,Электрический,,,,,,,,,,,Кондиционер,,,,,,,,,,,,,,,,,,,,,,,,,,,,,,,,,,,,,,
"ГАЗ ГАЗель 3302 2.3 MT, 2003, 6 000 км","4,5",510000,"Ставропольский край, Изобильненский муниципальный округ, пос. Рыздвяный",2003,I рестайлинг (2003—2010),6 000 км,4 записи в отчёте Автотеки,,3,Не битый,2.3 MT (98 л.с.),2.3 л,Бензин,Механика,Задний,Базовая,Фургон,Белый,Левый,X3X2*************,,,Ткань,,,,Тёмный,,,Галогенные,,,,,,,,,,,,,,,,,,,,,,,,,,,,,,Аудиосистема2 колонки,,,,,,,,,,,
"ГАЗ ГАЗель 3302 2.9 MT, 2020, 181 400 км","4,5",1650000,"Республика Татарстан, Пестречинский р-н, Пестречинское сельское поселение, с. Пестрецы, ул. Гаврилова",2020,II (2010—2024),181 400 км,3 записи в отчёте Автотеки,Электронный,2,Не битый,2.9 MT (107 л.с.),2.9 л,Бензин,Механика,Задний,Базовая,Фургон,Белый,Левый,Z783*************,Не интересует,Гидравлический,,,,,,Зеркал,,,,,,,,,,,,,,,,,,,,,,,,,,,,,,,,,,,,,,,,,,,
"ГАЗ ГАЗель 3302 2.9 MT, 2013, 120 000 км","4,5",1100000,"Курская обл., Курск, СНТ Вишенка, 732",2013,II (2010—2024),120 000 км,6 записей в отчёте Автотеки,Оригинал,1,Не битый,2.9 CNG MT (99 л.с.),2.9 л,Газ,Механика,Задний,Базовая,Фургон,Белый,Левый,X963*************,Не интересует,Гидравлический,,,,,,,,,,,,,,,,,,,,,,,Сигнализация,Мультимедиа и навигацияCD/DVD/Blu-ray,,,,,,,,,,,,,,,,,,,,,,,,,
"ГАЗ ГАЗель 33023 2.4 MT, 2008, 180 000 км","4,7",450000,"Ямало-Ненецкий АО, Салехард, Ямальская ул., 18к1",2008,I рестайлинг (2003—2010),180 000 км,4 записи в отчёте Автотеки,Оригинал,2,Не битый,2.4 MT (152 л.с.),2.4 л,Бензин,Механика,Задний,Базовая,Фургон,Синий,Левый,X963*************,Не интересует,,,,,,,,,,,,,,,,,,,,,,,,,,,,,,,,,,,,,,,,,,,,,,,,,,
"ГАЗ ГАЗель 3302 2.3 MT, 2002, 90 000 км","4,6",250000,"Республика Башкортостан, Учалинский р-н, с. Учалы, ул. Мажита Гафури",2002,I (1994—2003),90 000 км,3 записи в отчёте Автотеки,Оригинал,3,Не битый,2.3 MT (98 л.с.),2.3 л,Бензин,Механика,Задний,Базовая,Фургон,Бежевый,Левый,XTH3*************,Не интересует,,,,,,,,,,,,,,,,,,,,,,,,,,,,,,,,,,,,,,,,,,,,,,,,,,
"ГАЗ ГАЗель 3302 2.4 MT, 2015, 225 000 км","4,5",1565000,"Чувашская Республика, Чебоксары, ул. Гоголя, 5к2",2015,II (2010—2024),225 000 км,8 записей в отчёте Автотеки,Оригинал,1,Не битый,2.4 MT (140 л.с.),2.4 л,Бензин,Механика,Задний,Базовая,Фургон,Белый,Левый,XU42*************,Не интересует,Гидравлический,,,,,Тёмный,Зеркал,,Противотуманные,,,,,,,,,,,,,,,,,,,,,,,,,,,,,,,,,,,,,,,,,
"ГАЗ Соболь 2752 2.9 MT, 2010, 90 000 км","4,3",345000,"Московская обл., Орехово-Зуевский г.о., Орехово-Зуево, ул. Ленина, 53",2010,II (2010—2024),90 000 км,6 записей в отчёте Автотеки,Оригинал,3,Не битый,2.9 MT (107 л.с.),2.9 л,Бензин,Механика,Задний,Базовая,Фургон,Серебряный,Левый,X962*************,Не интересует,,Комбинированный,,,,,,,,,,Климат-контроль однозонный,,,,,,,,,,,,,,,,,,,,,,,,,,,,Фронтальные,Активная безопасность,Курсовая устойчивость,,,,,,,,
"ГАЗ ГАЗель 33023 2.4 MT, 2006, 888 888 км","4,7",1400000,"Ростовская обл., Шахты, Советская ул.",2006,I рестайлинг (2003—2010),888 888 км,2 записи в отчёте Автотеки,Оригинал,2,Не битый,2.4 MT (140 л.с.),2.4 л,Бензин,Механика,Задний,Базовая,Фургон,Белый,Левый,XU42*************,Не интересует,,,,,,,Передних сидений,РадиоUSBAUX,,,,,,Цвет салона,,,,,,,,Салон,,,,,,,,,,,,,,,,,,,,,,,,,,,,
"ГАЗ ГАЗель 33023 2.4 MT, 2004, 160 000 км","4,7",1300000,"Владимирская обл., Ковров, аллея Героев",2004,I рестайлинг (2003—2010),160 000 км,Проверить в Автотеке,Оригинал,3,Не битый,2.4 MT (137 л.с.),2.4 л,Бензин,Механика,Задний,Базовая,Фургон,Белый,Левый,X8B2*************,Не интересует,,Люк,,,,Тёмный,,,,,,,,,,,,,,,,,,Сигнализация,Спутник,,,,,,,,,,,,,,,,,,,,,,,,,
"ГАЗ ГАЗель 3302 2.9 MT, 2012, 260 000 км","4,5",930000,"Чеченская Республика, Шелковской р-н, Гребенское сельское поселение, станица Гребенская",2012,II (2010—2024),260 000 км,10 записей в отчёте Автотеки,Оригинал,4+,Не битый,2.9 MT (107 л.с.),2.9 л,Бензин,Механика,Задний,Базовая,Фургон,Белый,Левый,XU42*************,Не интересует,Гидравлический,,,,,,,,,,,,,,,,,,,,,,,,,,,,,,,,,,,,,,,,,,,,,,,,,
"ГАЗ ГАЗель 33023 2.9 MT, 2012, 196 544 км","4,6",1400000,"Республика Дагестан, Махачкала",2012,II (2010—2024),196 544 км,Проверить в Автотеке,,3,Не битый,2.9 MT (107 л.с.),2.9 л,Бензин,Механика,Задний,Базовая,Фургон,Оранжевый,Левый,X963*************,Не интересует,Гидравлический,,,,,,,,,,,Климат-контроль однозонный,,,,,,,,,,,,Сигнализация,Иммобилайзер,Атермальное остекление,,,,,,,,,,,,,,Фронтальные,,,,,,,,,,
"ГАЗ ГАЗель 3302 2.5 MT, 2008, 170 000 км","4,5",1485000,"Нижегородская обл., Нижний Новгород, Канавинский район",2008,I рестайлинг (2003—2010),170 000 км,9 записей в отчёте Автотеки,Оригинал,3,Не битый,2.5 MT (124 л.с.),2.5 л,Бензин,Механика,Задний,Базовая,Фургон,Синий,Левый,X962*************,Не интересует,Гидравлический,,,,,Тёмный,,,,,,Климат-контроль однозонный,,,,,,,,,,,,,,,,,,,,,,,,,,,,,,,,,,,,,,
"ГАЗ ГАЗель 3302 2.9 MT, 2018, 238 400 км","4,5",1700000,"Краснодарский край, Армавир, территория Северная Промзона, 50",2018,II (2010—2024),238 400 км,2 записи в отчёте Автотеки,Оригинал,1,Не битый,2.9 CNG MT (99 л.с.),2.9 л,Газ,Механика,Задний,Базовая,Фургон,Белый,Левый,Z783*************,Возможен,,,,,,,,,,,,,,,,,,,,,,,,,,,,,,,,,,,,,,,,,,,Т,Есть сервисная книжка,,,,,,
"ГАЗ ГАЗель 3221 2.9 MT, 2010, 300 000 км","4,3",150000,"Краснодарский край, Каневской р-н, Кубанскостепное сельское поселение, пос. Кубанская Степь",2010,II (2010—2024),300 000 км,10 записей в отчёте Автотеки,,3,Не битый,2.9 MT (107 л.с.),2.9 л,Бензин,Механика,Задний,Базовая,,Золотой,Левый,X963*************,Не интересует,Гидравлический,,,,,,,,,,,,,,,,,,,,,,,,,,,,,,,,,,,,,,,,,,,,,,,,,
"ГАЗ ГАЗель 33023 2.4 MT, 2003, 218 900 км","4,7",496000,"Белгородская обл., Белгородский р-н, Пушкарское сельское поселение, с. Пушкарное, квартал Пушкарное-78",2003,I рестайлинг (2003—2010),218 900 км,Проверить в Автотеке,Оригинал,4+,Не битый,2.4 MT (140 л.с.),2.4 л,Бензин,Механика,Задний,Базовая,Фургон,Белый,Левый,X8B2*************,Не интересует,,,,,,,,,,,,,,,,,,,,,,,,,,,,,,,,,,,,,,,,,,,,,,,,,,
"ГАЗ ГАЗель 33023 2.5 MT, 2008, 320 000 км","4,7",750000,"Ивановская обл., Тейково, 2-я Комсомольская ул.",2008,I рестайлинг (2003—2010),320 000 км,Проверить в Автотеке,Оригинал,1,Не битый,2.5 MT (124 л.с.),2.5 л,Бензин,Механика,Задний,Базовая,Фургон,Белый,Левый,XUJ3*************,Возможен,,Ткань,,,,,,,,,,,,Цвет салона,,,,,,,,,,,,,,,,,,,,,,,,,,,,,,,,,,,,
"ГАЗ ГАЗель 3302 2.9 MT, 2019, 132 500 км","4,1",1485000,"Республика Башкортостан, г.о. Стерлитамак",2019,II (2010—2024),132 500 км,3 записи в отчёте Автотеки,Оригинал,1,Не битый,2.9 MT (107 л.с.),2.9 л,Бензин,Механика,Задний,Базовая,Пикап,Белый,Левый,X963*************,Возможен,Гидравлический,Ткань,,,,,,,,,,Атермальное остекление,,,,,,,,,,,,,,,,,,,,,,Цвет салона,,,,,,,,,,,,,,,,
"ГАЗ ГАЗель 3302 2.9 MT, 2010, 170 000 км","4,5",800777,"Свердловская обл., Тугулымский г.о., пос. Луговской",2010,II (2010—2024),170 000 км,4 записи в отчёте Автотеки,Оригинал,3,Не битый,2.9 MT (107 л.с.),2.9 л,Бензин,Механика,Задний,Базовая,Фургон,Белый,Левый,X963*************,Возможен,Гидравлический,Ткань,РадиоUSBAUXBluetooth,Фары,"Шины и диски16""",Тёмный,,,,,,,,,,,,,,,,,,,,,,,,,,,,,,,,,,,,,,,,,,,,
"ГАЗ ГАЗель 3302 2.9 MT, 2019, 35 000 км","4,1",1590000,"Московская обл., Люберцы, ул. Шевлякова, 9",2019,II (2010—2024),35 000 км,3 записи в отчёте Автотеки,Электронный,1,Не битый,2.9 MT (107 л.с.),2.9 л,Бензин,Механика,Задний,Базовая,Пикап,Белый,Левый,X8B2*************,Не интересует,Гидравлический,,,,,,,,,,,,,,,,,,,,,,,,,,,,,,,,,,,,,,,,,,,,,,,,,
"ГАЗ ГАЗель 3302 2.3 MT, 2000, 200 000 км","4,6",165000,"Курская обл., Курск, Сеймский округ",2000,I (1994—2003),200 000 км,Проверить в Автотеке,Дубликат,3,Не битый,2.3 MT (98 л.с.),2.3 л,Бензин,Механика,Задний,Базовая,Фургон,Бежевый,Левый,XTA2*************,Не интересует,,,,,,Тёмный,,,,,,,,,,,,,,,,,,,,,,,,,,,,,,,,,,,,,,,,,,,,
"ГАЗ ГАЗель 3302 2.4 MT, 2007, 300 000 км","4,5",650000,"Волгоградская обл., г.о. Волгоград, Кировский район",2007,I рестайлинг (2003—2010),300 000 км,8 записей в отчёте Автотеки,Оригинал,4+,Не битый,2.4 MT (140 л.с.),2.4 л,Бензин,Механика,Задний,Базовая,Фургон,Белый,Левый,X963*************,Не интересует,,,,,,,,,,,,,,,,,,,,,,,,,,,,,,,,,,,,,,,,,,,,,,,,,,
"ГАЗ Соболь 2217 2.5 MT, 2008, 170 000 км","4,3",500000,"Ростовская обл., Зверево, Ивановская ул.",2008,I рестайлинг (2003—2010),170 000 км,7 записей в отчёте Автотеки,Дубликат,2,Не битый,2.5 MT (152 л.с.),2.5 л,Бензин,Механика,Задний,Базовая,Микроавтобус,Серебряный,Левый,X962*************,Не интересует,Гидравлический,,,,,,,,,,,,,,,,,,,,,,,,,,,,,,,,,,,,,,,,,,,,,,,,,
"ГАЗ ГАЗель Next 2.7 MT, 2017, 192 000 км","4,6",1870000,"Москва, Волгоградский пр-т, 49Ас8",2017,III (2013—2024),192 000 км,14 записей в отчёте Автотеки,Оригинал,2,Не битый,2.7 MT (107 л.с.),2.7 л,Бензин,Механика,Задний,Базовая,Фургон,Белый,Левый,Z783*************,Не интересует,,,,,,,,,,,,,,,,,,,,,,,,,,,,,,,,,,,,,,,,,,,,,,,,,,
"ГАЗ Соболь 2752 2.5 MT, 2008, 340 000 км","4,4",240000,"Московская обл., г.о. Щёлково, рп. Монино, Северная ул., 1А",2008,I рестайлинг (2003—2010),340 000 км,4 записи в отчёте Автотеки,Оригинал,4+,Не битый,2.5 MT (124 л.с.),2.5 л,Бензин,Механика,Задний,Базовая,Фургон,Серебряный,Левый,X962*************,Не интересует,,,,,,,,,,,,,,,,,,,,,,,,,,,,,,,,,,,,,,,,,,,,,,,,,,
"ГАЗ ГАЗель 2705 2.5 MT, 2008, 250 000 км","4,5",190000,"Омская обл., Одесский р-н, Одесское сельское поселение, с. Одесское, ул. Ленина",2008,I рестайлинг (2003—2010),250 000 км,6 записей в отчёте Автотеки,,3,Не битый,2.5 MT (124 л.с.),2.5 л,Бензин,Механика,Задний,Базовая,Фургон,Белый,Левый,X962*************,Не интересует,Гидравлический,,,,,,,,,,,,,,,,,,,,,,,,,,,,,,,,,,,,,,,,,,,,,,,,,
"ГАЗ ГАЗель Next 2.7 MT, 2017, 195 000 км","4,6",1770000,"Липецкая обл., Долгоруковский р-н, Долгоруковский сельсовет, с. Долгоруково",2017,III (2013—2024),195 000 км,Проверить в Автотеке,Оригинал,1,Не битый,2.7 MT (107 л.с.),2.7 л,Бензин,Механика,Задний,Базовая,Фургон,Голубой,Левый,XU42*************,Не интересует,Гидравлический,Ткань,,,,Тёмный,,,,,,,,,,,,,,,,,,Сигнализация,,,,,,,,,,,,,,,,,,,,,,,,,,
"ГАЗ ГАЗель 3221 2.4 MT, 1999, 200 000 км","4,8",100000,"Курганская обл., Юргамышский р-н, пгт. Юргамыш, ул. Труда, 4",1999,I (1996—2003),200 000 км,Проверить в Автотеке,,4+,Не битый,2.4 MT (100 л.с.),2.4 л,Бензин,Механика,Задний,Базовая,Микроавтобус,Коричневый,Левый,XTH3*************,Не интересует,,,,,,,,,,,,,,,,,,,,,,,,,,,,,,,,,,,,,,,,,,,,,,,,,,
"ГАЗ ГАЗель 2705 2.4 MT, 2005, битый, 288 500 км","4,5",250000,"Ростовская обл., Ростов-на-Дону, пл. Советов",2005,I рестайлинг (2003—2010),288 500 км,6 записей в отчёте Автотеки,Оригинал,4+,Битый,2.4 MT (100 л.с.),2.4 л,Бензин,Механика,Задний,Базовая,Фургон,Красный,Левый,X962*************,,,,,,,,Передних сидений,,,,,,,,,,,,,,,,,,,,,,,,,,,,,,,,,,,,,,,,,,,
"ГАЗ ГАЗель 2705 2.9 MT, 2010, 134 000 км","4,2",645000,"Республика Карелия, Петрозаводский г.о., Петрозаводск, Карельский пр-т, 11Б",2010,II (2010—2024),134 000 км,8 записей в отчёте Автотеки,Оригинал,2,Не битый,2.9 MT (107 л.с.),2.9 л,Бензин,Механика,Задний,Базовая,Фургон,Бежевый,Левый,X962*************,Не интересует,,,,,,,,,,,,,,,,,,,,,,,,,,,,,,,,,,,,,,,,,,,,,,,,,,
"ГАЗ ГАЗель 2705 2.4 MT, 2000, 90 000 км","4,4",600000,"Москва, ул. Добролюбова, 23",2000,I (1994—2003),90 000 км,Проверить в Автотеке,Оригинал,1,Не битый,2.4 MT (86 л.с.),2.4 л,Бензин,Механика,Задний,Базовая,Фургон,Бордовый,Левый,XTH2*************,Не интересует,,,,,,,,,,,,,,,,,,,,,,,,,,,,,,,,,,,,,,,,,,,,,,,,,,
"ГАЗ ГАЗель Next 2.8 MT, 2014, 155 000 км","4,6",1850000,"Нижегородская обл., Нижний Новгород, Московское ш., 356",2014,III (2013—2024),155 000 км,3 записи в отчёте Автотеки,Оригинал,1,Не битый,2.8 D MT (120 л.с.),2.8 л,Дизель,Механика,Задний,Базовая,Фургон,Белый,Левый,Z783*************,Не интересует,,,,,,,,,,,,,,,,,,,,,,,,,,,,,,,,,,,,,,,,,,,,,,,,,,
"ГАЗ ГАЗель Next 2.8 MT, 2018, 287 328 км","4,6",2380000,"Свердловская обл., Богданович, ул. Энтузиастов, 3",2018,III (2013—2024),287 328 км,7 записей в отчёте Автотеки,Оригинал,3,Не битый,2.8 D MT (150 л.с.),2.8 л,Дизель,Механика,Задний,Базовая,Фургон,Белый,Левый,XU42*************,Не интересует,Гидравлический,,,,,Тёмный,Зеркал,,,,,Управление на руле,Только передние,,,,,,,,,,,,,,,,,,,,,,,,,,,,,,,,,,,,,
"ГАЗ ГАЗель Next 2.7 MT, 2020, 163 000 км","4,3",2100000,"Волгоградская обл., Волгоград, Тракторозаводский район",2020,III (2013—2024),163 000 км,11 записей в отчёте Автотеки,Электронный,2,Не битый,2.7 MT (107 л.с.),2.7 л,Бензин,Механика,Задний,Базовая,Микроавтобус,Белый,Левый,X96A*************,Не интересует,Гидравлический,Люк,,,,,,,,,,,,,,,,,,,,,,,,,,,,,,,,,,,,,,,,,,,,,,,,
"ГАЗ ГАЗель 3302 2.9 MT, 2006, 11 111 км","4,5",150000,"Воронежская обл., Новоусманский р-н, с. Новая Усмань, ул. Некрасова, 9",2006,I рестайлинг (2003—2010),11 111 км,Проверить в Автотеке,,3,Не битый,2.9 MT (84 л.с.),2.9 л,Бензин,Механика,Задний,Базовая,Фургон,Белый,Левый,X963*************,Не интересует,,,,,,,,,,,,,,,,,,,,,,,,,,,,,,,,,,,,,,,,,,,,,,,,,,
"ГАЗ ГАЗель 2705 2.8 MT, 2012, 134 100 км","4,2",575000,"Нижегородская обл., Нижний Новгород, Канавинский район, жилой район Мещерское Озеро, Мещерский б-р",2012,II (2010—2024),134 100 км,6 записей в отчёте Автотеки,Оригинал,2,Не битый,2.8 D 4WD MT (120 л.с.),2.8 л,Дизель,Механика,Полный,Базовая,Фургон,Серебряный,Левый,X962*************,Не интересует,Гидравлический,Ткань,,,,Тёмный,,,,,,,,,,,,,,,,,,,,,,,,,,,,,,,,,,,,,,,,,,,,
"ГАЗ ГАЗель Next 2.7 MT, 2015, 260 000 км","4,6",2250000,"Чеченская Республика, Ачхой-Мартановский р-н, Шаами-Юртовское сельское поселение, с. Шаами-Юрт",2015,III (2013—2024),260 000 км,12 записей в отчёте Автотеки,,3,Не битый,2.7 MT (107 л.с.),2.7 л,Бензин,Механика,Задний,Базовая,Фургон,Белый,Левый,XU42*************,Не интересует,,,,,,,,,,,,,,,,,,,,,,,,,,,,,,,,,,,,,,,,,,,,,,,,,,
"ГАЗ ГАЗель 33023 2.9 MT, 2015, 229 000 км","4,6",1100000,"Москва, Салтыковская ул., 8с16",2015,II (2010—2024),229 000 км,8 записей в отчёте Автотеки,Оригинал,2,Не битый,2.9 MT (107 л.с.),2.9 л,Бензин,Механика,Задний,Базовая,Фургон,Белый,Левый,Z783*************,Не интересует,Гидравлический,,,,,,,,,,,,,,,,,,,,,,,,,,,,,,,,,,,,,,,,,,,,"Шины и диски16""",,,,,
"ГАЗ ГАЗель 2705 2.5 MT, 2008, 250 000 км","4,5",190000,"Омская обл., Одесский р-н, Одесское сельское поселение, с. Одесское, ул. Ленина",2008,I рестайлинг (2003—2010),250 000 км,6 записей в отчёте Автотеки,,3,Не битый,2.5 MT (124 л.с.),2.5 л,Бензин,Механика,Задний,Базовая,Фургон,Белый,Левый,X962*************,Не интересует,Гидравлический,,,,,,,,,,,,,,,,,,,,,,,,,,,,,,,,,,,,,,,,,,,,,,,,,
"ГАЗ ГАЗель 3302 2.8 MT, 2012, 333 333 км","4,5",900000,"Московская обл., Реутов, 2-й мкр-н",2012,II (2010—2024),333 333 км,5 записей в отчёте Автотеки,Оригинал,2,Не битый,2.8 D MT (120 л.с.),2.8 л,Дизель,Механика,Задний,Базовая,Фургон,Синий,Левый,XU42*************,Не интересует,Гидравлический,,,,,,,,,,,,Только передние,,,,,,,,,,,,,,,,,,,,,,,,,,,,,,,,,,,,,
"ГАЗ ГАЗель 3302 2.5 MT, 2006, 200 000 км","4,5",470000,"Карачаево-Черкесская Республика, Прикубанский р-н, пос. Кавказский",2006,I рестайлинг (2003—2010),200 000 км,Проверить в Автотеке,Оригинал,3,Не битый,2.5 MT (140 л.с.),2.5 л,Бензин,Механика,Задний,Базовая,Фургон,Белый,Левый,XSU2*************,Не интересует,Гидравлический,Ткань,,,,,,,,,,,,,,,,,,,,,,,,,,,,,,,,,,,,,,,,,,,,,,,,
"ГАЗ Соболь 2752 2.3 MT, 2004, 173 000 км","4,4",310000,"Воронежская обл., Острогожский р-н, Коротоякское сельское поселение, с. Покровка",2004,I рестайлинг (2003—2010),173 000 км,Проверить в Автотеке,Оригинал,3,Не битый,2.3 MT (98 л.с.),2.3 л,Бензин,Механика,Задний,Базовая,Фургон,Синий,Левый,XTH2*************,Возможен,Гидравлический,,,Фары,,,,,,,,Климат-контроль однозонный,,,,,,,,,,,,,,,,,,,,,,,,,,,,,,,,,,,,,,
"ГАЗ ГАЗель Next 2.8 MT, 2017, 120 000 км","4,6",2275000,"Нижегородская обл., Нижний Новгород, Автозаводский район",2017,III (2013—2024),120 000 км,6 записей в отчёте Автотеки,Оригинал,3,Не битый,2.8 D MT (150 л.с.),2.8 л,Дизель,Механика,Задний,Базовая,Фургон,Чёрный,Левый,Z783*************,Возможен,Гидравлический,Ткань,,,,,,,,,Центральный замок,,,,,,,,,,,,Противоугонная система,,,,,,,,,,,Электростеклоподъемники,,,,,,,,,,,,,,,,
"ГАЗ ГАЗель 3302 2.9 MT, 2011, 389 902 км","4,5",870000,"Московская обл., Ленинский г.о., Видное, Каширское шоссе, 29-й километр",2011,II (2010—2024),389 902 км,10 записей в отчёте Автотеки,Оригинал,3,Не битый,2.9 CNG MT (99 л.с.),2.9 л,Газ,Механика,Задний,Базовая,Фургон,Синий,Левый,X722*************,Не интересует,,,,,,,,,,,,,,,,Цвет салона,,Салон,,,Управление климатом,,,,,,,,,,,,,,,,,,,,,,,,,Обогрев,Усилитель руля,Помощь при вождении,,
"ГАЗ Соболь 2752 2.5 MT, 2005, 150 000 км","4,4",275500,"Челябинская обл., Магнитогорск, пл. Народных Гуляний",2005,I рестайлинг (2003—2010),150 000 км,2 записи в отчёте Автотеки,Оригинал,3,Не битый,2.5 MT (140 л.с.),2.5 л,Бензин,Механика,Задний,Базовая,Фургон,Синий,Левый,X962*************,Не интересует,,,,,,,,,,,,,,,,,,,,,,,,,,,,,,,,,,,,,,,,,,,,,,,,,,
"ГАЗ ГАЗель 3302 2.9 MT, 2012, 240 000 км","4,5",875000,"Москва, Боровское ш., вл15",2012,II (2010—2024),240 000 км,5 записей в отчёте Автотеки,Оригинал,2,Не битый,2.9 MT (107 л.с.),2.9 л,Бензин,Механика,Задний,Базовая,Фургон,Белый,Левый,Z741*************,Не интересует,Гидравлический,,,,,,,,,,,,,,,,,,,,,,,,,,,,,,,,,,,,,,,,,,,,,,,,,
"ГАЗ ГАЗель 2705 2.4 MT, 2008, 180 000 км","4,5",270000,"Волгоградская обл., Калачёвский р-н, Береславское сельское поселение, пос. отделения № 2 совхоза Волго-Дон, Первомайская ул., 1А/2",2008,I рестайлинг (2003—2010),180 000 км,Проверить в Автотеке,Оригинал,2,Не битый,2.4 MT (140 л.с.),2.4 л,Бензин,Механика,Задний,Базовая,Фургон,Белый,Левый,X962*************,Не интересует,Гидравлический,Люк,,,,,,,,,,,Только передние,,,,,,,,,,,,,,,,,,,,,,,,,,,,,,,,,,,,,
"ГАЗ ГАЗель 3302 2.4 MT, 1996, 200 000 км","4,1",260000,"Ульяновская обл., Димитровград, Свирская ул., 39",1996,I (1994—2003),200 000 км,Проверить в Автотеке,Дубликат,4+,Не битый,2.4 MT (100 л.с.),2.4 л,Бензин,Механика,Задний,Базовая,Пикап,Серый,Левый,XTH3*************,Возможен,,,,,,,,,,,,,,,,,,,,,,,,,,,,,,,,,,,,,,,,,,,,,,,,,,
"ГАЗ ГАЗель 3302 2.3 MT, 2005, 237 000 км","4,7",480000,"Республика Татарстан, Казань, пр. Шейнкмана",2005,I рестайлинг (2003—2010),237 000 км,7 записей в отчёте Автотеки,Дубликат,4+,Не битый,2.3 MT (98 л.с.),2.3 л,Бензин,Механика,Задний,Базовая,,Синий,Левый,X892*************,Не интересует,,,,,,,,,,,,,,,,,,,,,,,,Сигнализация,,,,,Радио,,,,,,,,,,,,,,,,,,,,,
"ГАЗ ГАЗель 3302 2.9 MT, 2011, 187 000 км","4,5",757000,"Ростовская обл., Ростов-на-Дону, Травяная ул., 2/24",2011,II (2010—2024),187 000 км,5 записей в отчёте Автотеки,Оригинал,2,Не битый,2.9 MT (107 л.с.),2.9 л,Бензин,Механика,Задний,Базовая,Фургон,Синий,Левый,Z741*************,Не интересует,,,,,,,,,,,,,,,,,,,,,,,,,,,,,,,,,,,,,,,,,,,,,,,,,,
"ГАЗ ГАЗель 3302 2.4 MT, 2001, 86 000 км","4,1",487000,"Кабардино-Балкарская Республика, Нальчик, ул. Байсултанова, 37",2001,I (1994—2003),86 000 км,Проверить в Автотеке,Оригинал,3,Не битый,2.4 MT (90 л.с.),2.4 л,Бензин,Механика,Задний,Базовая,Пикап,Белый,Левый,XTH3*************,Не интересует,,,,,,,,,,,,,,,,,,,,,,,,,,,,,,,,,,,,,,,,,,,,,,,,,,
"ГАЗ ГАЗель 3302 2.9 MT, 2014, 305 000 км","4,5",1350000,"Самарская обл., Самара, 3-й пр.",2014,II (2010—2024),305 000 км,7 записей в отчёте Автотеки,Оригинал,1,Не битый,2.9 MT (107 л.с.),2.9 л,Бензин,Механика,Задний,Базовая,Фургон,Белый,Левый,Z783*************,Не интересует,Гидравлический,,,Фары,,,,,,,,,Только передние,,,,,,,,,,,,,,,,,,,,,,,,,,,,,,,,,,,,,
"ГАЗ ГАЗель Next 2.7 MT, 2021, 97 000 км","4,6",2500000,"Краснодарский край, Курганинский р-н, Курганинское городское поселение, Курганинск",2021,III (2013—2024),97 000 км,Проверить в Автотеке,Электронный,2,Не битый,2.7 MT (107 л.с.),2.7 л,Бензин,Механика,Задний,Базовая,Фургон,Белый,Левый,XU42*************,Не интересует,Гидравлический,,,,,,,,,,,,,,,,,,,,,,,,,,,,,,,,,,,,,,,,,,,,,,,,,
"ГАЗ ГАЗель 3302 2.8 MT, 2013, 357 081 км","4,5",990000,"Санкт-Петербург, пос. Парголово, территория Парнас",2013,II (2010—2024),357 081 км,6 записей в отчёте Автотеки,Оригинал,2,Не битый,2.8 D MT (120 л.с.),2.8 л,Дизель,Механика,Задний,Базовая,Фургон,Белый,Левый,X961*************,Не интересует,Гидравлический,,,,,Тёмный,Заднего стекла,,,,,Климат-контроль многозонный,,,,,,,,,,,,,,Салон,,,,,,,Кожаный руль,,,,,,,,,,,,,,,,,
"ГАЗ ГАЗель 2747 2.5 MT, 2008, 289 000 км","4,4",540000,"Орловская обл., Орёл, пл. Ленина",2008,I (2000—2014),289 000 км,8 записей в отчёте Автотеки,Оригинал,3,Не битый,2.5 MT (140 л.с.),2.5 л,Бензин,Механика,Задний,Базовая,Фургон,Белый,Левый,X3X2*************,Не интересует,,,,,,,,,,,,,,,,,,,,,,,,,,,,,,,,,,,,,,,,,,,,,,,,,,
"ГАЗ ГАЗель 33023 2.9 MT, 2013, 384 000 км","4,6",950000,"Свердловская обл., Полевской г.о., Полевской, ул. Декабристов, 1А",2013,II (2010—2024),384 000 км,9 записей в отчёте Автотеки,Дубликат,3,Не битый,2.9 MT (107 л.с.),2.9 л,Бензин,Механика,Задний,Базовая,Фургон,Белый,Левый,X963*************,Не интересует,Гидравлический,,,,,,,,,,,,,,,,,,,,,,,,,,,,,,,,,,,,,,,,,,,,,,,,,
"ГАЗ ГАЗель 3302 2.5 MT, 2007, 250 000 км","4,7",530000,"Ярославская обл., Ярославль, посёлок Починки, 10-я линия, 23",2007,I рестайлинг (2003—2010),250 000 км,6 записей в отчёте Автотеки,Оригинал,4+,Не битый,2.5 MT (140 л.с.),2.5 л,Бензин,Механика,Задний,Базовая,Пикап,Синий,Левый,X963*************,Не интересует,Гидравлический,,,,,,,,,,,,,,,,,,,,,,,,,,,,,,,,,,,,,,,,,,,,,,,,,
"ГАЗ Соболь 2217 2.5 MT, 2011, 330 300 км","4,2",360000,"Москва, ул. Менжинского, 5",2011,II (2010—2024),330 300 км,3 записи в отчёте Автотеки,Дубликат,3,Не битый,2.5 MT (124 л.с.),2.5 л,Бензин,Механика,Задний,Базовая,Микроавтобус,Серебряный,Левый,X962*************,Не интересует,Гидравлический,Ткань,,,,,,,,,,,,Цвет салона,,,,,,,,,,,,,,,,,,,,,,,,,,,,,,,,,,,"Шины и диски19""",
"ГАЗ ГАЗель Next 2.5 MT, 2015, 888 888 км","4,6",1100000,"Москва, ул. Декабристов, 45Ас2",2015,III (2013—2024),888 888 км,6 записей в отчёте Автотеки,Оригинал,3,Не битый,2.5 D MT (150 л.с.),2.5 л,Дизель,Механика,Задний,Базовая,Фургон,Белый,Левый,Z783*************,Не интересует,Гидравлический,,,,,,,,,,,Управление на руле,,,,,,,,,,,,,,,,,,,,,,,,,,,,,,,,,,,,,,
"ГАЗ ГАЗель 3302 2.8 MT, 2012, 251 000 км","4,1",800000,"Мурманская обл., Кольский р-н, сельское поселение Междуречье, река Лавна",2012,II (2010—2024),251 000 км,6 записей в отчёте Автотеки,Оригинал,1,Не битый,2.8 D MT (120 л.с.),2.8 л,Дизель,Механика,Задний,Базовая,Пикап,Синий,Левый,X963*************,,,,,,,,,,,,,,,,,,,,,,,,,,,,,,,,,,,,,,,,,,,,,,,,,,,
"ГАЗ ГАЗель 3302 2.9 MT, 2015, 250 000 км","4,5",855000,"Кировская обл., Киров, ул. Василия Жуковского, 7Г",2015,II (2010—2024),250 000 км,Проверить в Автотеке,Оригинал,1,Не битый,2.9 MT (107 л.с.),2.9 л,Бензин,Механика,Задний,Базовая,Фургон,Белый,Левый,XU42*************,Не интересует,Гидравлический,,,,,,,,,,,,,,,,,,,,,,,,,,,,,,,,,,,,,,,,,,,,,,,,,
"ГАЗ ГАЗель 33023 2.9 MT, 2012, 313 029 км","4,6",700000,"Московская обл., Истра, Железнодорожный пр., 1",2012,II (2010—2024),313 029 км,3 записи в отчёте Автотеки,Оригинал,1,Не битый,2.9 MT (107 л.с.),2.9 л,Бензин,Механика,Задний,Базовая,Фургон,Белый,Левый,X963*************,Не интересует,Гидравлический,Ткань,,,,,,,,,,,,Противоугонная система,,,,,,,,,,,Мультимедиа и навигацияMP3,,,,,,,,,,,,,,,,,,,,,,,,,
"ГАЗ ГАЗель Next 2.8 MT, 2018, 500 000 км","4,6",2150000,"Кировская обл., Киров, Московская ул., 171",2018,III (2013—2024),500 000 км,2 записи в отчёте Автотеки,Оригинал,2,Не битый,2.8 D MT (150 л.с.),2.8 л,Дизель,Механика,Задний,Базовая,Фургон,Белый,Левый,XU42*************,Не интересует,Гидравлический,,,,,,Передних сидений,,,,,,,,,,,,,,,Электростеклоподъемники,Активная безопасность,,,Фары,,,,,,,,,,,,,,,,,,,,,,,,Мультимедиа и навигация
"ГАЗ ГАЗель 3302 2.3 MT, 2004, 99 999 км","4,5",420000,"Челябинская обл., Магнитогорск",2004,I рестайлинг (2003—2010),99 999 км,Проверить в Автотеке,Оригинал,3,Не битый,2.3 MT (98 л.с.),2.3 л,Бензин,Механика,Задний,Базовая,Фургон,Белый,Левый,XTH3*************,Не интересует,,,,,,,,,,,,,,,,,,,,,,,,,,,,,,,,,,,,,,,,,,,,,,,,,,
"ГАЗ Соболь 2217 2.3 MT, 2003, 75 000 км","4,3",310000,"Орловская обл., Орёл, Наугорское ш., 17А",2003,I рестайлинг (2003—2010),75 000 км,Проверить в Автотеке,Дубликат,3,Не битый,2.3 MT (98 л.с.),2.3 л,Бензин,Механика,Задний,Базовая,Микроавтобус,Зелёный,Левый,XTH2*************,Не интересует,Гидравлический,Люк,,,,,,,,,,,,,,,,,,,,,,,,,,,,,,,,,,,,,,,,,,,,,,,,
"ГАЗ ГАЗель 3302 2.9 MT, 2010, 276 353 км","4,5",1300000,"Владимирская обл., Владимир, Тракторная ул., 45с1",2010,II (2010—2024),276 353 км,6 записей в отчёте Автотеки,Оригинал,3,Не битый,2.9 MT (107 л.с.),2.9 л,Бензин,Механика,Задний,Базовая,Фургон,Чёрный,Левый,X963*************,Не интересует,Гидравлический,,,,,Тёмный,,,,,,,,,,,,,,,,,,Сигнализация,,,,,,,,,,,,,,,,,,,,,,,,,,
"ГАЗ Соболь 2217 2.3 MT, 2001, 65 872 км","4,6",180000,"Москва, ул. Ремизова, 4",2001,I (1998—2003),65 872 км,2 записи в отчёте Автотеки,,3,Не битый,2.3 MT (110 л.с.),2.3 л,Бензин,Механика,Задний,Базовая,Микроавтобус,Синий,Левый,XTH2*************,Не интересует,Гидравлический,Люк,,,,Тёмный,,,,,,Управление на руле,,,,Рулевой колонки,,,,,,,,,,,,,,,,,,,,,,,,,,,,,,Рулевой колонки,,,,
"ГАЗ ГАЗель 3302 2.5 MT, 2006, 126 199 км","4,7",845000,"Краснодарский край, Тимашевский р-н, Тимашевское городское поселение, Тимашевск, мкр-н Гибридный",2006,I рестайлинг (2003—2010),126 199 км,6 записей в отчёте Автотеки,Оригинал,3,Не битый,2.5 MT (140 л.с.),2.5 л,Бензин,Механика,Задний,Базовая,Пикап,Белый,Левый,X963*************,Не интересует,,,,,,,,,,,,,,,,,,,,,,,,,,,,,,,,,,,,,,,,,,,,,,,,,,
"ГАЗ ГАЗель 3302 2.4 MT, 1997, 250 000 км","4,6",210000,"Волгоградская обл., г.о. Волгоград, Центральный район, пл. Павших Борцов",1997,I (1994—2003),250 000 км,7 записей в отчёте Автотеки,,4+,Не битый,2.4 MT (100 л.с.),2.4 л,Бензин,Механика,Задний,Базовая,Фургон,Белый,Левый,XTH3*************,Не интересует,,,,,,,,,,,,,,,,,,,,,,,,,,,,,,,,,,,,,,,,,,,,,,,,,,
"ГАЗ ГАЗель 3302 2.9 MT, 2014, 154 232 км","4,5",1050000,"Кировская обл., Киров, ул. Ломоносова, 1А",2014,II (2010—2024),154 232 км,3 записи в отчёте Автотеки,Оригинал,1,Не битый,2.9 MT (107 л.с.),2.9 л,Бензин,Механика,Задний,Базовая,Фургон,Белый,Левый,X963*************,Не интересует,,,,,,,,,,,,,,,,,,,,,,,,,,,,,,,,,,,,,,,,,,,,,,,,,,
"ГАЗ ГАЗель 3302 2.9 MT, 2010, 320 000 км","4,5",550000,"Москва, ул. Саморы Машела",2010,II (2010—2024),320 000 км,Проверить в Автотеке,Оригинал,3,Не битый,2.9 MT (107 л.с.),2.9 л,Бензин,Механика,Задний,Базовая,Фургон,Белый,Левый,X3X2*************,Не интересует,Гидравлический,Ткань,,,,Тёмный,Зеркал,,,,,,,,,,,,,,,,,,,,,,,,,,,,,,,,,,,,,,,,,,,
"ГАЗ ГАЗель 3302 2.4 MT, 2007, 215 000 км","4,7",460000,"Омская обл., Омск, Привокзальный мкр-н, ул. Блусевич",2007,I рестайлинг (2003—2010),215 000 км,Проверить в Автотеке,Оригинал,4+,Не битый,2.4 MT (140 л.с.),2.4 л,Бензин,Механика,Задний,Базовая,Пикап,Синий,Левый,X963*************,Не интересует,,,,,,,,,,,,,,,,,,,,,,,,,,,,,,,,,,,,,,,,,,,,,,,,,,
"ГАЗ ГАЗель 33023 2.9 MT, 2013, 200 000 км","4,6",1250000,"Кабардино-Балкарская Республика, Чегемский р-н, с. Хушто-Сырт, Балкарская ул.",2013,II (2010—2024),200 000 км,8 записей в отчёте Автотеки,Оригинал,2,Не битый,2.9 MT (107 л.с.),2.9 л,Бензин,Механика,Задний,Базовая,Фургон,Белый,Левый,X963*************,Не интересует,Гидравлический,,,,,,,,,,,,,,,,,,,,,,,,,,,,,,,,,,,,,,,,,,,,,,,,,
"ГАЗ ГАЗель Next 2.7 MT, 2015, 380 000 км","4,6",1490000,"Ставропольский край, Ессентуки, мкр-н Белый Уголь, Ясный пер., 16",2015,III (2013—2024),380 000 км,2 записи в отчёте Автотеки,Оригинал,1,Не битый,2.7 MT (107 л.с.),2.7 л,Бензин,Механика,Задний,Базовая,Фургон,Белый,Левый,X96A*************,Не интересует,,,,Цвет салона,,,,Радио,,,,,,,,,,Салон,,,Электростеклоподъемники,,Усилитель руля,,,,,,,,,,"Шины и диски16""",,,,,,,,,,,,,,,,,
"ГАЗ ГАЗель Next 2.8 MT, 2016, 215 000 км","4,6",1590000,"Московская обл., г.о. Мытищи, пос. Мебельной Фабрики, ул. Труда, 2",2016,III (2013—2024),215 000 км,3 записи в отчёте Автотеки,Оригинал,1,Не битый,2.8 D MT (150 л.с.),2.8 л,Дизель,Механика,Задний,Базовая,Фургон,Белый,Левый,X6FA*************,Не интересует,,,,,,,,,,,,,,,,,,,,,,,,,,,,,,,,,,,,,,,,,,,,,,,,,,
"ГАЗ ГАЗель 2747 2.9 MT, 2003, 256 200 км","4,4",535000,"Кабардино-Балкарская Республика, Лескенский р-н, с. Озрек, Коммунистическая ул., 40",2003,I (2000—2014),256 200 км,3 записи в отчёте Автотеки,Оригинал,2,Не битый,2.9 MT (96 л.с.),2.9 л,Бензин,Механика,Задний,Базовая,Фургон,Белый,Левый,X3X2*************,Не интересует,,,,,,,,,,,,,,,,,,,,,,,,,,,,,,,,,,,,,,,,,,,,,,,,,,
"ГАЗ ГАЗель 33023 2.4 MT, 2007, 448 000 км","4,7",570000,"Свердловская обл., муниципальное образование Екатеринбург, Чкаловский район",2007,I рестайлинг (2003—2010),448 000 км,8 записей в отчёте Автотеки,Оригинал,3,Не битый,2.4 MT (140 л.с.),2.4 л,Бензин,Механика,Задний,Базовая,Фургон,Белый,Левый,X963*************,Не интересует,,,,,,,,,,,,,,,,,,,,,,,,,,,,,,,,,,,,,,,,,,,,,,,,,,
"ГАЗ ГАЗель 3302 2.4 MT, 1996, 110 000 км","4,6",225000,"Омская обл., Омск, посёлок Чкаловский",1996,I (1994—2003),110 000 км,3 записи в отчёте Автотеки,Оригинал,3,Не битый,2.4 MT (100 л.с.),2.4 л,Бензин,Механика,Задний,Базовая,Фургон,Синий,Левый,XTH3*************,Не интересует,,,,,,,,,,,,,,,,,,,,,,,,,,,,,,,,,,,,,,,,,,,,,,,,,,
"ГАЗ ГАЗель 3302 2.9 MT, 2017, 251 000 км","4,5",1100000,"Волгоградская обл., Волжский, 14-й мкр-н",2017,II (2010—2024),251 000 км,4 записи в отчёте Автотеки,Оригинал,1,Не битый,2.9 MT (107 л.с.),2.9 л,Бензин,Механика,Задний,Базовая,Фургон,Белый,Левый,XU42*************,Не интересует,Гидравлический,,,,,,,,,,,,,,,,,,,,,,,,,,,,,,,,,,,,,,,,,,,,,,,,,
"ГАЗ ГАЗель 33023 2.9 MT, 2017, 172 700 км","3,8",1190000,"Москва, Новомосковский административный округ, поселение Московский, д. Саларьево, Передельцевская ул., 33А",2017,II (2010—2024),172 700 км,8 записей в отчёте Автотеки,Оригинал,1,Не битый,2.9 MT (107 л.с.),2.9 л,Бензин,Механика,Задний,Базовая,Пикап,Белый,Левый,X963*************,Не интересует,Гидравлический,,,,,Тёмный,Зеркал,,,,,,,,,,,,,,,,,,,,,,,,,,,,,,,,,,,,,,,,,,,
"ГАЗ ГАЗель 3302 2.3 MT, 2004, 249 000 км","4,5",360000,"Республика Дагестан, Дербент, ул. Сальмана",2004,I рестайлинг (2003—2010),249 000 км,Проверить в Автотеке,Оригинал,3,Не битый,2.3 MT (98 л.с.),2.3 л,Бензин,Механика,Задний,Базовая,Фургон,Белый,Левый,XTH3*************,Не интересует,,,,,,,,,,,,,,,,,,,,,,,,,,,,,,,,,,,,,,,,,,,,,,,,,,
