Название авто,Рейтинг,Цена,Расположение,Год выпуска,Поколение,Пробег,ПТС,Владельцев по ПТС,Состояние,Модификация,Объём двигателя,Тип двигателя,Коробка передач,Привод,Комплектация,Тип кузова,Цвет,Руль,VIN или номер кузова,Обмен,Усилитель руля,Управление климатом,Управление на руле,Противоугонная система,История пробега,Центральный замок,Память настроек,Помощь при вождении,Парктроник передний,Гидравлический,Салон,Кожаный руль,Цветной,Фронтальные,Подушки безопасности,Коленные,Боковые передние,Кожа,Мультимедиа и навигацияMP3,Управление на рулеUSBAUXBluetooth,Передних сидений,Зеркал,Данные о ,О,Сигнализация,Люк,Тёмный,Цвет салона,Шины и диски,Обогрев,Заднего стекла,Мультимедиа и навигацияCD/DVD/Blu-rayMP3,Видео,Задних сидений,Т,Иммобилайзер,Атермальное остекление,Активная безопасность,Антипробуксовка,Датчик света,Камера заднего вида,Бортовой компьютер,Электрический,Климат-контроль многозонный,Электростеклоподъемники,Электропривод,Шторки,Система контроля слепых зон,Сабвуфер,Мультимедиа и навигация,Распред. тормозных усилий,Обнаружение пешеходов,Круиз-контроль,Комбинированный,Фары,Омыватели фар
"Land Rover Defender 3.0 AT, 2022, 25 000 км","5,0",10650000,"Москва, Каширское ш., 61к3А",2022,II (2019—2024),25 000 км,Электронный,1,Не битый,3.0 TD AT (249 л.с.),3 л,Дизель,Автомат,Полный,X-Dynamic HSE,Внедорожник 5-дверный,Зелёный,Левый,SALE*************,Не интересует,Гидравлический,Климат-контроль многозонный,Атермальное остекление,Центральный замок,,,,,,,,,,,,,,,,,,,,,,,,,,,,,,,,,,,,,,,,,,,,,,,,,,,,
"Land Rover Range Rover Sport 3.0 AT, 2018, 108 000 км","5,0",6200000,"Смоленская обл., Смоленск, ул. Памфилова, 5",2018,II рестайлинг (2017—2022),108 000 км,Электронный,1,Не битый,3.0 SD AT (306 л.с.),3 л,Дизель,Автомат,Полный,AUTOBIOGRAPHY DYNAMIC,Внедорожник 5-дверный,Серый,Левый,SALW*************,Не интересует,Гидравлический,Климат-контроль многозонный,Атермальное остекление,Сигнализация,13 записей в отчёте Автотеки,Иммобилайзер,,,,,,,,,,,,,,,,,,,,,,,,,,,,,,,,,,,,,,,,,,,,,,,,,,
"Land Rover Freelander 3.2 AT, 2008, 200 000 км","4,8",1250000,"Московская обл., Дмитровский г.о., Дмитров, Советская пл.",2008,II (2006—2010),200 000 км,Оригинал,3,Не битый,3.2 AT (233 л.с.),3.2 л,Бензин,Автомат,Полный,HSE,Внедорожник 5-дверный,Чёрный,Левый,SALF*************,Возможен,,,,,7 записей в отчёте Автотеки,,Передних сидений,Парктроник задний,Усилитель руля,Управление климатом,,,,,,,,,,,,,,,,,,,,,,,,,,,,,,,,,,,,,,,,,,,,,,
"Land Rover Range Rover Evoque 2.2 AT, 2014, 120 000 км","4,7",2600000,"Московская обл., г.о. Красногорск, пос. Ильинское-Усово, Заповедная ул.",2014,I (2011—2015),120 000 км,Дубликат,2,Не битый,2.2 TD AT (190 л.с.),2.2 л,Дизель,Автомат,Полный,,Внедорожник 5-дверный,Красный,Левый,SALV*************,Возможен,,,,,21 запись в отчёте Автотеки,,,,,,Кожа,Цвет салона,Противоугонная система,,,,,,,,,,,,,,,,,,,,,,,,,,,,,,,,,,,,,,,,,,,
"Land Rover Range Rover 4.4 AT, 2023, 48 км","4,6",28500000,"Санкт-Петербург, наб. Обводного канала, 72",2023,V (2021—2024),48 км,,1,Не битый,P530 4.4 AT (530 л.с.),4.4 л,Бензин,Автомат,Полный,Autobiography,Внедорожник 5-дверный,Чёрный,Левый,SALK*************,,,Климат-контроль многозонный,,,Проверить в Автотеке,,,,,,Кожа,Подушки безопасности,,Шторки,,,,,,,,,,,,,,,,,,,,,,,,,,,,,,,,,,,,,,,,,,
"Land Rover Range Rover 4.4 AT, 2012, 256 000 км","4,9",2500000,"Саратовская обл., Саратов, Ленинский район",2012,III рестайлинг 2 (2009—2012),256 000 км,Оригинал,4+,Не битый,4.4 TD AT (313 л.с.),4.4 л,Дизель,Автомат,Полный,Vogue,Внедорожник 5-дверный,Зелёный,Левый,SALL*************,Не интересует,Электрогидравлический,Климат-контроль многозонный,,,20 записей в отчёте Автотеки,,,,,,,,,,Фронтальные,Шторки,Боковые задние,,,,,,,,,,,,,,,,,,,,,,,,,,,,,,,,,,,,,,,
"Land Rover Range Rover 4.4 AT, 2013, 192 000 км","5,0",4190000,"Московская обл., Дубна, район Российского Центра Программирования",2013,IV (2012—2017),192 000 км,Дубликат,3,Не битый,4.4 TD AT (339 л.с.),4.4 л,Дизель,Автомат,Полный,,Внедорожник 5-дверный,Чёрный,Левый,SALG*************,Не интересует,Электрический,Климат-контроль многозонный,Атермальное остекление,Центральный замок,37 записей в отчёте Автотеки,,,,,,,,,,,,,,,,,,,,,,,,,,,,,,,,,,,,,,,,,,,,,,,,,,,
"Land Rover Range Rover 5.0 AT, 2012, 285 000 км","4,9",1890000,"Краснодарский край, Краснодар, Главная городская пл.",2012,III рестайлинг 2 (2009—2012),285 000 км,Оригинал,2,Не битый,5.0 AT (510 л.с.),5 л,Бензин,Автомат,Полный,Autobiography,Внедорожник 5-дверный,Чёрный,Левый,SALL*************,Не интересует,,Управление на руле,,,52 записи в отчёте Автотеки,,,,,,Кожаный руль,,,,Фронтальные,Шторки,Боковые задние,,,,,,,,,,,,,,,,,,,,,,,,,,,,,,,,,,,,,,,
"Land Rover Range Rover 3.0 AT, 2013, 68 000 км","5,0",4750000,"Республика Крым, Керчь, ул. Мирошника, 2В",2013,IV (2012—2017),68 000 км,Дубликат,3,Не битый,3.0 TD AT (249 л.с.),3 л,Дизель,Автомат,Полный,Vogue SE,Внедорожник 5-дверный,Чёрный,Левый,SALG*************,Возможен,,,,,23 записи в отчёте Автотеки,,,,,,,,,,,,,,,,,,,,,,,,,,,,,,,,,,,,,,,,,,,,,,,,,,,
"Land Rover Range Rover Sport 3.0 AT, 2018, 111 000 км","5,0",4999000,"Владимирская обл., Владимир, Большая Московская ул., 38",2018,II рестайлинг (2017—2022),111 000 км,Оригинал,2,Не битый,3.0 TD AT (300 л.с.),3 л,Дизель,Автомат,Полный,,Внедорожник 5-дверный,Серебряный,Левый,SALW*************,Не интересует,Гидравлический,Климат-контроль многозонный,Атермальное остекление,Сигнализация,,Иммобилайзер,,,,,,,,,,,,,,,,,,,,,,,,,,,,,,,,,,,,,,,,,,,,,,,,,,
"Land Rover Range Rover 5.0 AT, 2013, битый, 160 000 км","5,0",2800000,"Москва, ул. Авиаторов, 13",2013,IV (2012—2017),160 000 км,Оригинал,4+,Битый,5.0 AT (510 л.с.),5 л,Бензин,Автомат,Полный,Autobiography,Внедорожник 5-дверный,Серебряный,Левый,SALG*************,Не интересует,,Климат-контроль многозонный,Салон,,39 записей в отчёте Автотеки,,,,,,,,,,Фронтальные,Шторки,Боковые задние,Люк,,,,,,,,,,,,,,,,,,,,,,,,,,,,,,,,,,,,,,
"Land Rover Range Rover 4.4 AT, 2014, 258 000 км","5,0",4400000,"Москва, ул. Сталеваров, 8Б",2014,IV (2012—2017),258 000 км,Дубликат,4+,Не битый,4.4 TD AT (339 л.с.),4.4 л,Дизель,Автомат,Полный,,Внедорожник 5-дверный,Серый,Левый,SALG*************,Не интересует,,,,,40 записей в отчёте Автотеки,,,,,,,,,,,,,,РадиоTV,Обогрев,Задних сидений,Заднего стекла,,,,,,,,,,,,,,,,,,,,,,,,,,,,,,,,,,
"Land Rover Range Rover 4.4 AT, 2004, 355 000 км","5,0",1000000,"Тюменская обл., Ханты-Мансийский АО, Лангепас, Парковая ул.",2004,III (2002—2005),355 000 км,Оригинал,4+,Не битый,4.4 AT (286 л.с.),4.4 л,Бензин,Автомат,Полный,Базовая,Внедорожник 5-дверный,Синий,Левый,SALL*************,Возможен,Гидравлический,Климат-контроль многозонный,Противоугонная система,,12 записей в отчёте Автотеки,Иммобилайзер,,,,,,,,,,,,,,,,,,,,,,,,,,,,,,,,,,,,,,,,,,,,,,,,,,
"Land Rover Defender 2.4 MT, 2012, 55 500 км","5,0",4700000,"Москва, Тимирязевская ул.",2012,I рестайлинг (2007—2016),55 500 км,Оригинал,3,Не битый,2.4 TD MT (122 л.с.),2.4 л,Дизель,Механика,Полный,SE,Внедорожник 5-дверный,Зелёный,Левый,SALL*************,,Гидравлический,Кондиционер,,,26 записей в отчёте Автотеки,,,,,,,,,,,,,,РадиоUSBAUXBluetoothGPS-навигатор,,,,,,,,,,,,,,,,,,,,,,,,,,,,,,,,,,,,,
"Land Rover Range Rover Evoque 2.0 AT, 2017, 129 979 км","4,9",3247000,"Брянская обл., Брянск, пр-т Станке Димитрова, 77А",2017,I рестайлинг (2015—2018),129 979 км,Оригинал,4+,Не битый,2.0 TD AT (150 л.с.),2 л,Дизель,Автомат,Полный,Dynamic,Внедорожник 5-дверный,Белый,Левый,SALV*************,Возможен,,,,,36 записей в отчёте Автотеки,,,,,,,,,,,,,,,,,,Т,Есть сервисная книжка,,,,,,,,,,,,,,,,,,,,,,,,,,,,,,,,
"Land Rover Freelander 2.2 AT, 2012, 243 000 км","4,7",1390000,"Челябинская обл., Кыштымский г.о., Кыштым, пл. Карла Маркса",2012,II рестайлинг (2010—2012),243 000 км,Дубликат,4+,Не битый,2.2 TD AT (150 л.с.),2.2 л,Дизель,Автомат,Полный,SE,Внедорожник 5-дверный,Серый,Левый,SALF*************,Не интересует,Гидравлический,Управление на руле,,,30 записей в отчёте Автотеки,,,,,,,,,,Фронтальные,Шторки,Боковые задние,,,,,,,,,,,,,,,,,,,,,,,,,,,,,,,,,,,,,,,
"Land Rover Range Rover 4.4 AT, 2023, 1 км","4,6",32990000,"Свердловская обл., Екатеринбург, ул. Луначарского, 189",2023,V (2021—2024),1 км,,1,Не битый,P530 4.4 AT (530 л.с.),4.4 л,Бензин,Автомат,Полный,,Внедорожник 5-дверный,Бежевый,Левый,SALK*************,,,Климат-контроль многозонный,,,,,,,,,Кожа,Противоугонная система,,,,,,,,,,,,,Центральный замок,,,,,,,,,,,,,,,,,,,,,,,,,,,,,,,
"Land Rover Range Rover Velar 2.0 AT, 2018, 77 500 км","4,6",5350000,"Республика Северная Осетия — Владикавказ, пр-т Коста",2018,I (2017—2024),77 500 км,Оригинал,2,Не битый,D240 2.0 AT (240 л.с.),2 л,Дизель,Автомат,Полный,R-Dynamic S,Внедорожник 5-дверный,Белый,Левый,SALY*************,Не интересует,Электрический,Климат-контроль многозонный,Атермальное остекление,Сигнализация,16 записей в отчёте Автотеки,,,,,,,,,,,,,,,,,,,,,,,,,,,,,,,,,,,,,,,,,,,,,,,,,,,
"Land Rover Range Rover 3.0 AT, 2018, 111 000 км","4,7",8800000,"Краснодарский край, Новороссийск, Южный район",2018,IV рестайлинг (2017—2022),111 000 км,Оригинал,3,Не битый,3.0 TD AT (249 л.с.),3 л,Дизель,Автомат,Полный,VOGUE,Внедорожник 5-дверный,Белый,Левый,SALG*************,Не интересует,,,,,41 запись в отчёте Автотеки,,,,,,Кожаный руль,,,,Фронтальные,Шторки,Боковые задние,,,,,,,,,,,,,,,,,,,,,,,,,,,,,,,,,,,,,,,
"Land Rover Discovery 3.0 AT, 2017, 75 000 км","4,8",4700000,"Москва, Ореховый б-р",2017,V (2017—2021),75 000 км,,1,Не битый,3.0 Si AT (340 л.с.),3 л,Бензин,Автомат,Полный,HSE,Внедорожник 5-дверный,Серый,Левый,SALR*************,Не интересует,,,,,13 записей в отчёте Автотеки,,,,,,Кожаный руль,,,,,,,,,,,,,,,Цвет салона,"Шины и диски22""",,,,,,,,,,,,,,,,,,,,,,,,,,,,,
"Land Rover Range Rover 4.4 AT, 2013, 160 589 км","5,0",5200000,"Москва, Новомосковский административный округ, поселение Московский, квартал № 70",2013,IV (2012—2017),160 589 км,Электронный,3,Не битый,4.4 TD AT (339 л.с.),4.4 л,Дизель,Автомат,Полный,,Внедорожник 5-дверный,Чёрный,Левый,SALG*************,Не интересует,Электрический,Климат-контроль многозонный,,,69 записей в отчёте Автотеки,,,,,,,,,,Фронтальные,Шторки,Боковые задние,,,,,,,,,,,,,,,,,,,,,,,,,,,,,,,,,,,,,,,
"Land Rover Range Rover Sport 5.0 AT, 2010, 177 000 км","4,7",2190000,"Ставропольский край, Ставрополь",2010,I рестайлинг (2009—2013),177 000 км,Оригинал,2,Не битый,5.0 AT (510 л.с.),5 л,Бензин,Автомат,Полный,Supercharged,Внедорожник 5-дверный,Белый,Левый,SALL*************,Не интересует,,,,,8 записей в отчёте Автотеки,,,,,,Кожа,Люк,,,,,,,,,,,,,,,,Тёмный,Зимние шины в комплекте,Передних сидений,Руля,,,,,,,,,,,,,,,,,,,,,,,,,
"Land Rover Range Rover 5.0 AT, 2010, 293 000 км","4,9",2150000,"Республика Крым, Симферополь, ул. Толстого",2010,III рестайлинг 2 (2009—2012),293 000 км,,2,Не битый,5.0 AT (510 л.с.),5 л,Бензин,Автомат,Полный,Supercharged,Внедорожник 5-дверный,Коричневый,Левый,SALL*************,Не интересует,,,,,14 записей в отчёте Автотеки,,,,,,Люк,,,,,,,,,,,,,,,,,,,Передних сидений,Руля,РадиоTV,Управление на рулеUSBAUX,Зеркал,,,,,,,,,,,,,,,,,,,,,,
"Land Rover Range Rover Sport 4.4 AT, 2008, 184 000 км","4,8",1500000,"Московская обл., г.о. Пушкинский, пос. Зелёный Городок",2008,I (2005—2009),184 000 км,Дубликат,4+,Не битый,4.4 AT (299 л.с.),4.4 л,Бензин,Автомат,Полный,HSE,Внедорожник 5-дверный,Серебряный,Левый,SALL*************,,Электрический,Климат-контроль однозонный,Атермальное остекление,Центральный замок,11 записей в отчёте Автотеки,,,,,,,,,,Фронтальные,,,,,,,,,,,,,,,,,,,,,,,,,,,,,,,,,,,,,,,,,
"Land Rover Range Rover Sport 3.0 AT, 2019, 68 321 км","5,0",6250000,"Омская обл., Омск",2019,II рестайлинг (2017—2022),68 321 км,Электронный,1,Не битый,3.0 TD AT (249 л.с.),3 л,Дизель,Автомат,Полный,HSE,Внедорожник 5-дверный,Чёрный,Левый,SALW*************,Не интересует,,,,,,,,,,,,,,,,,,,,,,,,,,,,,,,,,,,,,,,,,,,,,,,,,,,,,,,,
"Land Rover Range Rover Sport 5.0 AT, 2016, 56 259 км","5,0",6500000,Липецкая обл.,2016,II (2013—2017),56 259 км,Оригинал,1,Не битый,5.0 AT (510 л.с.),5 л,Бензин,Автомат,Полный,,Внедорожник 5-дверный,Белый,Левый,SALW*************,,,Атермальное остекление,,,4 записи в отчёте Автотеки,,,,,,Кожаный руль,,,,,,,,,,,,,,,Данные о ,,,,,,,,,О,,,,,,,,,,,,,,,,,,,,,
"Land Rover Range Rover Sport 3.0 AT, 2013, 159 000 км","5,0",3390000,"Кировская обл., Киров, Первомайский район",2013,II (2013—2017),159 000 км,,4+,Не битый,3.0 TD AT (292 л.с.),3 л,Дизель,Автомат,Полный,HSE,Внедорожник 5-дверный,Чёрный,Левый,SALW*************,Не интересует,,,,,22 записи в отчёте Автотеки,,,,,,,,,,,,,,,,,,,,,,,,,,,,,,,,,,,,,,,,,,,,,,,,,,,
"Land Rover Range Rover 3.0 AT, 2013, 172 000 км","5,0",4600000,"Московская обл., г.о. Черноголовка",2013,IV (2012—2017),172 000 км,Дубликат,4+,Не битый,3.0 TD AT (249 л.с.),3 л,Дизель,Автомат,Полный,HSE,Внедорожник 5-дверный,Коричневый,Левый,SALG*************,,Гидравлический,Климат-контроль многозонный,Атермальное остекление,,61 запись в отчёте Автотеки,,,,,,,,,,Фронтальные,Шторки,Боковые задние,,,,,,,,,,,,,,,,,,,,,,,,,,,,,,,,,,,,,,,
"Land Rover Freelander 2.2 AT, 2010, 241 000 км","4,8",1399000,"Санкт-Петербург, пр-т Маршала Жукова, 51",2010,II (2006—2010),241 000 км,,3,Не битый,2.2 TD AT (160 л.с.),2.2 л,Дизель,Автомат,Полный,,Внедорожник 5-дверный,Чёрный,Левый,SALF*************,,,,,,16 записей в отчёте Автотеки,,,,,,,,,,,,,,,,,,,,,,,,,,,,,,,,,,,,,,,,,,,,,,,,,,,
"Land Rover Range Rover Sport 3.0 AT, 2014, 242 000 км","5,0",3350000,"Москва, ул. Госпитальный Вал, 5с2",2014,II (2013—2017),242 000 км,Оригинал,2,Не битый,3.0 TD AT (249 л.с.),3 л,Дизель,Автомат,Полный,HSE,Внедорожник 5-дверный,Чёрный,Левый,SALW*************,Возможен,Электрический,Климат-контроль многозонный,,,25 записей в отчёте Автотеки,,,,,,,,,,Фронтальные,Шторки,Боковые задние,,,,,,,,,,,,,,,,,,,,,,,,,,,,,,,,,,,,,,,
"Land Rover Freelander 2.2 AT, 2008, 356 000 км","4,8",1300000,"Ленинградская обл., Гатчинский р-н, Гатчинское городское поселение, Гатчина, Центр",2008,II (2006—2010),356 000 км,Дубликат,4+,Не битый,2.2 TD AT (160 л.с.),2.2 л,Дизель,Автомат,Полный,,Внедорожник 5-дверный,Зелёный,Левый,SALF*************,Не интересует,,Климат-контроль многозонный,Усилитель руля,,17 записей в отчёте Автотеки,,,,,,,,,,,,,,,,,,,,,,,,,,,,,,,,,,,,,,,,,,,,,,,,,,,
"Land Rover Range Rover Sport 3.0 AT, 2016, 75 000 км","5,0",4450000,"Санкт-Петербург, Детская ул.",2016,II (2013—2017),75 000 км,Электронный,1,Не битый,3.0 TD AT (306 л.с.),3 л,Дизель,Автомат,Полный,HSE,Внедорожник 5-дверный,Чёрный,Левый,SALW*************,Не интересует,Электрический,Климат-контроль многозонный,Противоугонная система,,14 записей в отчёте Автотеки,,,,,,,,,,,,,,,,,,,,,,,,,,,,,,,,,,,,,,,,,,,,,,,,,,,
"Land Rover Range Rover Sport 3.0 AT, 2019, 84 000 км","5,0",6599000,"Нижегородская обл., Нижний Новгород, Комсомольское ш., 3Б",2019,II рестайлинг (2017—2022),84 000 км,Электронный,2,Не битый,3.0 TD AT (249 л.с.),3 л,Дизель,Автомат,Полный,,Внедорожник 5-дверный,Чёрный,Левый,SALW*************,Возможен,,,,,10 записей в отчёте Автотеки,,,,,,,,,,,,,,,,,,,,,,,,,,,,,,,,,,,,,,,,,,,,,,,,,,,
"Land Rover Discovery 2.7 AT, 2007, 271 000 км","4,7",1250000,"Московская обл., Электросталь, пл. Ленина",2007,III (2004—2009),271 000 км,Дубликат,4+,Не битый,2.7 TD AT (190 л.с.),2.7 л,Дизель,Автомат,Полный,,Внедорожник 5-дверный,Серый,Левый,SALL*************,Не интересует,,Климат-контроль многозонный,Атермальное остекление,,6 записей в отчёте Автотеки,,,,,,Кожа,,,,Фронтальные,Шторки,Боковые задние,,,,,,,,,,,,,,,,,,,,,,,,,,,,,,,,,,,,,,,
"Land Rover Range Rover 4.4 AT, 2013, 250 000 км","5,0",4900000,"Ростовская обл., Шахты, пл. Ленина",2013,IV (2012—2017),250 000 км,Оригинал,4+,Не битый,4.4 TD AT (339 л.с.),4.4 л,Дизель,Автомат,Полный,Autobiography,Внедорожник 5-дверный,Белый,Левый,SALG*************,Возможен,Гидравлический,Климат-контроль многозонный,,,66 записей в отчёте Автотеки,,,,,,,,,,Фронтальные,Шторки,Боковые задние,,,,,,,,,,,,,,,,,,,,,,,,,,,,,,,,,,,,,,,
"Land Rover Discovery Sport 2.0 AT, 2019, 50 000 км","4,7",3790000,"Москва, Шелепихинская наб., 34к1зд5",2019,I рестайлинг (2019—2024),50 000 км,Оригинал,1,Не битый,2.0 TD4 AT (180 л.с.),2 л,Дизель,Автомат,Полный,S,Внедорожник 5-дверный,Чёрный,Левый,SALC*************,Не интересует,,Климат-контроль многозонный,Салон,,8 записей в отчёте Автотеки,,Зеркал,,,,,,,,,,,Кожаный руль,,,,,,,,,,,,,,,,,,,,,,,,,,,,,,,,,,,,,,
"Land Rover Freelander 1.8 MT, 1998, 356 000 км","4,8",390000,"Архангельская обл., Вельский р-н, муниципальное образование Вельское, Вельск, ул. Дзержинского, 132",1998,I (1997—2003),356 000 км,Дубликат,4+,Не битый,1.8 MT (120 л.с.),1.8 л,Бензин,Механика,Полный,Базовая,Внедорожник 5-дверный,Серый,Левый,SALL*************,Не интересует,Гидравлический,,,,,,,,,,Велюр,Люк,,,Фронтальные,,Активная безопасность,,,,,,,,,,,,,,,,,,,,,,,,,,,,,,,,,,,,,,,
"Land Rover Defender 3.0 AT, 2023, 11 000 км","5,0",15300000,"Ставропольский край, Ставрополь, Ленинский район, мкр-н № 4, Ракитная ул., 3",2023,II (2019—2024),11 000 км,Оригинал,1,Не битый,3.0 TD AT (249 л.с.),3 л,Дизель,Автомат,Полный,,Внедорожник 5-дверный,Серый,Левый,SALE*************,Не интересует,,,,,4 записи в отчёте Автотеки,,,,,,,,,,,,,,,,,,,,,,,,,,,,,,,,,,,,,,,,,,,,,,,,,,,
"Land Rover Range Rover 4.2 AT, 2007, 316 000 км","4,8",1370000,"Москва, Пятницкое ш., 54",2007,III рестайлинг (2005—2009),316 000 км,Дубликат,4+,Не битый,4.2 AT (396 л.с.),4.2 л,Бензин,Автомат,Полный,Supercharge Vogue,Внедорожник 5-дверный,Серебряный,Левый,SALL*************,Не интересует,Гидравлический,Климат-контроль многозонный,Атермальное остекление,Сигнализация,26 записей в отчёте Автотеки,Иммобилайзер,,,,,,,,,,,,,,,,,,,,,,,,,,,,,,,,,,,,,,,,,,,,,,,,,,
"Land Rover Range Rover Sport 3.0 AT, 2010, 191 000 км","4,7",1850000,"Республика Татарстан, Набережные Челны, Машиностроительная ул., 105с2",2010,I рестайлинг (2009—2013),191 000 км,Дубликат,2,Не битый,3.0 TD AT (245 л.с.),3 л,Дизель,Автомат,Полный,HSE,Внедорожник 5-дверный,Белый,Левый,SALL*************,Не интересует,Гидравлический,Климат-контроль многозонный,Атермальное остекление,,15 записей в отчёте Автотеки,,,,,,,,,,Фронтальные,Шторки,Боковые задние,,,,,,,,,,,,,,,,,,,,,,,,,,,,,,,,,,,,,,,
"Land Rover Discovery 3.0 AT, 2012, 284 000 км","4,9",2190000,"Удмуртская Республика, Завьяловский р-н, с. Первомайский, Весенняя ул.",2012,IV (2009—2013),284 000 км,Дубликат,4+,Не битый,3.0 TD AT (211 л.с.),3 л,Дизель,Автомат,Полный,SE,Внедорожник 5-дверный,Чёрный,Левый,SALL*************,Не интересует,Гидравлический,Климат-контроль многозонный,,Центральный замок,59 записей в отчёте Автотеки,,,,,,,,,Боковые передние,,,,,,,,,,,,,,,,,,,,,,Подушки безопасности,,,,,,,,,,,,,,,,,,,,
"Land Rover Range Rover Evoque 2.0 AT, 2013, 103 053 км","4,7",2549000,"Челябинская обл., Челябинск, Отрадная ул., 25",2013,I (2011—2015),103 053 км,Оригинал,3,Не битый,2.0 AT (240 л.с.),2 л,Бензин,Автомат,Полный,Prestige,Внедорожник 3-дверный,Белый,Левый,SALV*************,Возможен,,,,,5 записей в отчёте Автотеки,,,,,,,,,,,,,,,,,,,,,,,,,,,,,,,,,,,,,,,,,,,,,,,,,,,
"Land Rover Range Rover 4.4 AT, 2015, 159 200 км","5,0",4600000,"Саратовская обл., Саратов, Усть-Курдюмская ул., 50",2015,IV (2012—2017),159 200 км,Оригинал,4+,Не битый,4.4 TD AT (339 л.с.),4.4 л,Дизель,Автомат,Полный,Vogue SE,Внедорожник 5-дверный,Чёрный,Левый,SALG*************,Не интересует,,Управление на руле,,,27 записей в отчёте Автотеки,,,,,,Кожаный руль,,,,Фронтальные,Шторки,Боковые задние,,,,,,,,,,,,,,,,,,,,,,,,,,,,,,,,,,,,,,,
"Land Rover Range Rover Sport 4.4 AT, 2015, 164 808 км","5,0",4650000,"Санкт-Петербург, ул. Седова, 12",2015,II (2013—2017),164 808 км,Оригинал,1,Не битый,4.4 TD AT (339 л.с.),4.4 л,Дизель,Автомат,Полный,Autobiography,Внедорожник 5-дверный,Серый,Левый,SALW*************,Не интересует,Электрогидравлический,Климат-контроль многозонный,Атермальное остекление,,6 записей в отчёте Автотеки,,,,,,Кожа,,,,,,,,,,,,,,,,,,,,,,,,,,,,,,,,,,,,,,,,,,,,,
"Land Rover Range Rover Sport 3.0 AT, 2013, 130 000 км","5,0",3600000,"Республика Крым, Евпатория, пр-т Победы, 80А",2013,II (2013—2017),130 000 км,Оригинал,3,Не битый,3.0 AT (340 л.с.),3 л,Бензин,Автомат,Полный,HSE Dynamic,Внедорожник 5-дверный,Чёрный,Левый,SALW*************,Возможен,,Климат-контроль многозонный,,,23 записи в отчёте Автотеки,,,,,,,,,,Фронтальные,Шторки,Боковые задние,,,,,,,,,,,,,,,,,,,,,,,,,,,,,,,,,,,,,,,
"Land Rover Range Rover Sport 3.0 AT, 2016, 154 500 км","5,0",4600000,"Челябинская обл., Челябинск, ул. Труда, 172",2016,II (2013—2017),154 500 км,Оригинал,1,Не битый,3.0 TD AT (249 л.с.),3 л,Дизель,Автомат,Полный,,Внедорожник 5-дверный,Чёрный,Левый,SALW*************,Не интересует,Электрический,Управление на руле,,,5 записей в отчёте Автотеки,Иммобилайзер,,,,,,,,,,,,,,,,,,,,,,,,,,,,,,,Противоугонная система,,,,,,,,,,,,,,,,,,,
"Land Rover Defender 2.4 MT, 2010, 76 065 км","5,0",2550000,"Московская обл., г.о. Мытищи, д. Сгонники, Угловая ул., 9А",2010,I рестайлинг (2007—2016),76 065 км,Оригинал,4+,Не битый,2.4 TD MT (122 л.с.),2.4 л,Дизель,Механика,Полный,Heritage Edition,Внедорожник 5-дверный,Зелёный,Левый,SALL*************,,Гидравлический,Кондиционер,,Центральный замок,20 записей в отчёте Автотеки,,,,,,,,,,,,,,,,,,,,,,,,,,,,,,,,,Антиблокировка тормозов,Курсовая устойчивость,,,,,,,,,,,,,,,,,
"Land Rover Range Rover Sport 4.2 AT, 2008, 315 000 км","4,8",1450000,"Карачаево-Черкесская Республика, Черкесск, пл. Ленина",2008,I (2005—2009),315 000 км,Дубликат,3,Не битый,4.2 AT (390 л.с.),4.2 л,Бензин,Автомат,Полный,Limited Edition,Внедорожник 5-дверный,Чёрный,Левый,SALL*************,Возможен,Гидравлический,Климат-контроль многозонный,,Центральный замок,11 записей в отчёте Автотеки,,,,,,,,,,,,,,,,,,,,,,,,,,,,,,,,,,,,,,,,,,,,,,,,,,,
"Land Rover Discovery 2.7 AT, 2006, 250 000 км","4,7",1100000,"Московская обл., Ленинский г.о., д. Горки, жилой комплекс Ленинские Горки",2006,III (2004—2009),250 000 км,Оригинал,4+,Не битый,2.7 TD AT (190 л.с.),2.7 л,Дизель,Автомат,Полный,,Внедорожник 5-дверный,Синий,Левый,SALL*************,Не интересует,Гидравлический,Климат-контроль многозонный,,Центральный замок,53 записи в отчёте Автотеки,,,,,,,,,,Боковые передние,,,,,,,,,,,,,,,,,,,,,,,,,,,,,,,,,,,,,,,,,
"Land Rover Discovery 3.0 AT, 2014, 190 000 км","5,0",2200000,"Республика Карелия, Петрозаводский г.о., Петрозаводск, район Ключевая, территория Ключевая-2",2014,IV рестайлинг (2013—2016),190 000 км,,3,Не битый,3.0 TD AT (211 л.с.),3 л,Дизель,Автомат,Полный,,Внедорожник 5-дверный,Чёрный,Левый,SALL*************,Не интересует,,,,,18 записей в отчёте Автотеки,,,,,,Кожа,Цвет салона,,,Фронтальные,Шторки,Боковые задние,,,,,,,,,,,,,,,,,,,,,,,,,,,,,,,,,,,,,,,
"Land Rover Range Rover Evoque 2.2 AT, 2013, 84 000 км","4,7",2650000,"Нижегородская обл., Нижний Новгород, пр-т Кораблестроителей",2013,I (2011—2015),84 000 км,Оригинал,2,Не битый,2.2 TD AT (150 л.с.),2.2 л,Дизель,Автомат,Полный,British Mono,Внедорожник 5-дверный,Красный,Левый,SALV*************,Не интересует,,Климат-контроль многозонный,,Центральный замок,18 записей в отчёте Автотеки,,,,,,Кожаный руль,,,,,,,,,,,,,,,,,,,,,,,,,,,Антиблокировка тормозов,Курсовая устойчивость,,,,,,,,,,,,,,,,,
"Land Rover Range Rover Sport 4.2 AT, 2007, 245 000 км","4,8",1200000,"Тверская обл., Тверь, Пролетарский район",2007,I (2005—2009),245 000 км,Дубликат,4+,Не битый,4.2 AT (390 л.с.),4.2 л,Бензин,Автомат,Полный,Limited Edition,Внедорожник 5-дверный,Чёрный,Левый,SALL*************,Не интересует,Гидравлический,Климат-контроль многозонный,Атермальное остекление,Сигнализация,19 записей в отчёте Автотеки,Иммобилайзер,,,,,,,,,,,,,,,,,,,,,,,,,,,,,,,,,,,,,,,,,,,,,,,,,,
"Land Rover Range Rover 5.0 AT, 2014, 157 000 км","5,0",4100000,"Республика Башкортостан, Уфа, ул. Цюрупы, 79",2014,IV (2012—2017),157 000 км,Дубликат,3,Не битый,5.0 AT (510 л.с.),5 л,Бензин,Автомат,Полный,Autobiography,Внедорожник 5-дверный,Синий,Левый,SALG*************,Не интересует,,,,,75 записей в отчёте Автотеки,,,,,,,,,,,,,,,,,,,,,,,,,,,,,,,,,,,,,,,,,,,,,,,,,,,
"Land Rover Range Rover Sport 3.6 AT, 2008, 280 000 км","4,8",1150000,"Республика Адыгея, Майкоп, пл. Дружбы",2008,I (2005—2009),280 000 км,,4+,Не битый,3.6 TD AT (272 л.с.),3.6 л,Дизель,Автомат,Полный,,Внедорожник 5-дверный,Чёрный,Левый,SALL*************,Возможен,,,,,5 записей в отчёте Автотеки,,,,,,,,,,,,,,,,,,,,,,,,,,,,,,,,,,,,,,,,,,,,,,,,,,,
"Land Rover Range Rover 4.4 AT, 2016, 30 000 км","5,0",6600000,"Краснодарский край, Краснодар, ул. имени В.Н. Мачуги, 159",2016,IV (2012—2017),30 000 км,Оригинал,3,Не битый,4.4 TD AT (339 л.с.),4.4 л,Дизель,Автомат,Полный,Ab Black,Внедорожник 5-дверный,Чёрный,Левый,SALG*************,Не интересует,,,,,71 запись в отчёте Автотеки,,,,,,,,,,,,,,,,,,,,,,,,,,,,,,,,,,,,,,,,,,,,,,,,,,,
"Land Rover Range Rover 4.4 AT, 2020, 75 700 км","4,7",12000000,"Рязань, район Приокский, Дачная улица, 14",2020,IV рестайлинг (2017—2022),75 700 км,Оригинал,1,Не битый,4.4 SD AT (339 л.с.),4.4 л,Дизель,Автомат,Полный,AUTOBIOGRAPHY,Внедорожник 5-дверный,Чёрный,Левый,SALG*************,Не интересует,,,,,5 записей в отчёте Автотеки,,,,,,,,,,,,,,,,,,,,,,,,,,,,,,,,,,,,,,,,,,,,,,,,,,,
"Land Rover Range Rover Evoque 2.2 AT, 2012, 122 000 км","4,7",2200000,"Республика Коми, Ухта, Тиманская ул., 6",2012,I (2011—2015),122 000 км,Дубликат,4+,Не битый,2.2 TD AT (190 л.с.),2.2 л,Дизель,Автомат,Полный,Prestige,Внедорожник 3-дверный,Серый,Левый,SALV*************,Не интересует,Электрический,Климат-контроль многозонный,,,10 записей в отчёте Автотеки,,,,,,,,,,,,,,,,,,,,Центральный замок,,,,,,,,,,,,Противоугонная система,,,,,,,,,,,,,,,,,,,
"Land Rover Defender 2.5 MT, 2006, 149 000 км","4,3",2250000,"Санкт-Петербург, Московский пр-т",2006,I (1983—2007),149 000 км,Оригинал,3,Не битый,2.5 TD MT (122 л.с.),2.5 л,Дизель,Механика,Полный,Базовая,Внедорожник 3-дверный,Чёрный,Левый,SALL*************,Не интересует,,,,,12 записей в отчёте Автотеки,,,,,,,,,,,,,,,,,,,,,,,,,,,,,,,,,,,,,,,,,,,,,,,,,,,
"Land Rover Range Rover Velar 2.0 AT, 2017, 59 772 км","4,6",4550000,"Пермский край, Пермь, ул. Ленина, 68Г",2017,I (2017—2024),59 772 км,Оригинал,3,Не битый,D180 2.0 AT (180 л.с.),2 л,Дизель,Автомат,Полный,,Внедорожник 5-дверный,Чёрный,Левый,SALY*************,Не интересует,,,,,23 записи в отчёте Автотеки,,,,,,,,,,,,,,,,,,,,,,,,,,,,,,,,,,,,,,,,,,,,,,,,,,,
"Land Rover Range Rover Sport 5.0 AT, 2011, 210 000 км","4,7",2300000,"Карачаево-Черкесская Республика, Черкесск",2011,I рестайлинг (2009—2013),210 000 км,Оригинал,3,Не битый,5.0 AT (510 л.с.),5 л,Бензин,Автомат,Полный,Supercharged,Внедорожник 5-дверный,Чёрный,Левый,SALL*************,Не интересует,Гидравлический,Климат-контроль многозонный,,,28 записей в отчёте Автотеки,,,,,,,,,,,,,,,,,,,,,,,,,,,,,,,,,,,,,,,,,,,,,,,,,,,
"Land Rover Range Rover Sport 3.6 AT, 2007, 296 000 км","4,8",1280000,"Москва, пр-т Вернадского",2007,I (2005—2009),296 000 км,Оригинал,4+,Не битый,3.6 TD AT (272 л.с.),3.6 л,Дизель,Автомат,Полный,,Внедорожник 5-дверный,Чёрный,Левый,SALL*************,Не интересует,,,,,22 записи в отчёте Автотеки,,,,,,,,,,,,,,,,,,,,,,,,,,,,,,,,,,,,,,,,,,,,,,,,,,,
"Land Rover Range Rover Evoque 2.0 AT, 2017, 30 000 км","4,9",3600000,"Саратовская обл., Саратов, Волжский район, посёлок Юбилейный, Саловская ул., 8",2017,I рестайлинг (2015—2018),30 000 км,Оригинал,1,Не битый,2.0 TD AT (150 л.с.),2 л,Дизель,Автомат,Полный,SE DYNAMIC,Внедорожник 5-дверный,Красный,Левый,SALV*************,Возможен,Электрогидравлический,Климат-контроль многозонный,Атермальное остекление,Сигнализация,5 записей в отчёте Автотеки,Иммобилайзер,,,,,,,,,,,,,,,,,,,,,,,,,,,,,,,,,,,,,,,,,,,,,,,,,,
"Land Rover Range Rover Sport 4.4 AT, 2015, 147 000 км","5,0",4300000,"Свердловская обл., Екатеринбург, Онежская ул., 4",2015,II (2013—2017),147 000 км,Дубликат,3,Не битый,4.4 TD AT (339 л.с.),4.4 л,Дизель,Автомат,Полный,Autobiography,Внедорожник 5-дверный,Серый,Левый,SALW*************,Не интересует,,,,,41 запись в отчёте Автотеки,,,Датчик дождя,Система контроля слепых зон,,,,,,,,,,,,,,,,,,,,,,,,,,,,,,,Парктроник задний,Круиз-контроль,Усилитель руля,Управление климатом,Управление на руле,,,,,,,,,,,,
"Land Rover Discovery 2.7 AT, 2011, 188 000 км","4,9",2150000,"Владимирская обл., Суздальский р-н, с. Порецкое, Новая ул.",2011,IV (2009—2013),188 000 км,Дубликат,4+,Не битый,2.7 TD AT (190 л.с.),2.7 л,Дизель,Автомат,Полный,HSE,Внедорожник 5-дверный,Коричневый,Левый,SALL*************,Не интересует,Гидравлический,,,,10 записей в отчёте Автотеки,,,,,,Кожа,Противоугонная система,,,,,,,,,,,,,Центральный замок,,,,,,,,,,,,,,,,,,,,,,,,,,,,,,,
"Land Rover Freelander 1.8 MT, 2006, 170 000 км","4,7",730000,"Вологодская обл., Вологда, Ленинградская ул.",2006,I рестайлинг (2003—2006),170 000 км,Оригинал,3,Не битый,1.8 MT (117 л.с.),1.8 л,Бензин,Механика,Полный,Базовая,Внедорожник 5-дверный,Золотой,Левый,SALL*************,Не интересует,Гидравлический,Кондиционер,Подушки безопасности,,10 записей в отчёте Автотеки,,,,,,,,,Коленные,,,,,,,,,,,,,,,,,,,,,,,,,,,,,,,,,,,,,,,,,,
"Land Rover Freelander 2.2 AT, 2007, 160 757 км","4,8",1279000,"Республика Карелия, Петрозаводский г.о., Петрозаводск, Новосулажгорская ул., 30",2007,II (2006—2010),160 757 км,Оригинал,1,Не битый,2.2 TD AT (152 л.с.),2.2 л,Дизель,Автомат,Полный,Базовая,Внедорожник 5-дверный,Серый,Левый,SALF*************,Возможен,,,,,4 записи в отчёте Автотеки,,,,,,,,,,,,,,,,,,,,,,,,,,,,,,,,,,,,,,,,,,,,,,,,,,,
"Land Rover Range Rover Evoque 2.2 AT, 2016, 85 192 км","4,9",3200000,"Республика Татарстан, Альметьевский р-н, муниципальное образование Альметьевск, Альметьевск, Геофизическая ул., 50",2016,I рестайлинг (2015—2018),85 192 км,Дубликат,3,Не битый,2.2 TD AT (190 л.с.),2.2 л,Дизель,Автомат,Полный,Dynamic,Внедорожник 5-дверный,Чёрный,Левый,SALV*************,Не интересует,,,,,21 запись в отчёте Автотеки,,,,,,,,,,,,,,,,,,,,,,,,,,,,,,,,,,,,,,,,,,,,,,,,,,,
"Land Rover Range Rover Sport 3.0 AT, 2014, 152 000 км","5,0",3550000,"Москва, Новомосковский административный округ, поселение Сосенское, ул. Александры Монаховой",2014,II (2013—2017),152 000 км,Дубликат,2,Не битый,3.0 TD AT (249 л.с.),3 л,Дизель,Автомат,Полный,SE,Внедорожник 5-дверный,Чёрный,Левый,SALW*************,Не интересует,,Управление на руле,,,28 записей в отчёте Автотеки,,,,,,Кожаный руль,,,,Фронтальные,Шторки,Боковые задние,,,,,,,,,,,,,,,,,,,,,,,,,,,,,,,,,,,,,,,
"Land Rover Range Rover 4.4 AT, 2013, 150 000 км","5,0",5000000,"Москва, Шарикоподшипниковская ул.",2013,IV (2012—2017),150 000 км,Оригинал,1,Не битый,4.4 TD AT (339 л.с.),4.4 л,Дизель,Автомат,Полный,Autobiography,Внедорожник 5-дверный,Серый,Левый,SALG*************,Не интересует,Гидравлический,Климат-контроль многозонный,,,11 записей в отчёте Автотеки,,,,,,,,,,Фронтальные,Шторки,Боковые задние,,,,,,,,,,,,,,,,,,,,,,,,,,,,,,,,,,,,,,,
"Land Rover Range Rover 4.4 AT, 2006, 391 000 км","4,8",1500000,"Ханты-Мансийский АО, Ханты-Мансийск, Центральная пл.",2006,III рестайлинг (2005—2009),391 000 км,Дубликат,4+,Не битый,4.4 AT (306 л.с.),4.4 л,Бензин,Автомат,Полный,,Внедорожник 5-дверный,Чёрный,Левый,SALL*************,Не интересует,Гидравлический,Климат-контроль многозонный,,,16 записей в отчёте Автотеки,,,,,,Кожа,,,,,,,,,,,,,,,,,,,,,,,,,,,,,,,,,,,,,,,,,,,,,
"Land Rover Range Rover Sport 3.0 AT, 2020, 28 000 км","5,0",5900000,"Омская обл., Омск, ул. 10 лет Октября",2020,II рестайлинг (2017—2022),28 000 км,Электронный,1,Не битый,3.0 TD AT (249 л.с.),3 л,Дизель,Автомат,Полный,HSE DYNAMIC Black,Внедорожник 5-дверный,Белый,Левый,SALW*************,Не интересует,,Климат-контроль многозонный,,Сигнализация,,Иммобилайзер,,,,,,,,,,,,,,,,,,,,,,,,,,,,,,,,,,,,,,,,,,,,,,,,,,
"Land Rover Range Rover Sport 3.0 AT, 2020, 57 700 км","5,0",9500000,"Краснодарский край, Краснодар, мкр-н Завод Измерительных Приборов, Зиповская ул., 34к2",2020,II рестайлинг (2017—2022),57 700 км,Электронный,2,Не битый,3.0 TD AT (249 л.с.),3 л,Дизель,Автомат,Полный,SE,Внедорожник 5-дверный,Чёрный,Левый,SALW*************,Не интересует,,,,,2 записи в отчёте Автотеки,,,,,,,,,,,,,,,,,,,,,,,,,,,,,,,,,,,,,,,,,,,,,,,,,,,
"Land Rover Range Rover Velar 2.0 AT, 2021, 37 000 км","4,6",7700000,"Республика Коми, Сыктывкар, Стефановская пл.",2021,I (2017—2024),37 000 км,Электронный,1,Не битый,D199 2.0 AT (199 л.с.),2 л,Дизель,Автомат,Полный,R-Dynamic S,Внедорожник 5-дверный,Чёрный,Левый,SALY*************,Не интересует,Электрический,Климат-контроль многозонный,,,3 записи в отчёте Автотеки,,,,,,,,,,Фронтальные,Шторки,Боковые задние,,,,,,,,,,,,,,,,,,,,,,,,,,,,,,,,,,,,,,,
"Land Rover Range Rover 3.9 AT, 1998, 422 000 км","4,9",600000,"Калининградская обл., Зеленоградский муниципальный округ, пос. Поваровка",1998,II (1994—2002),422 000 км,Оригинал,4+,Не битый,3.9 AT (190 л.с.),3.9 л,Бензин,Автомат,Полный,Базовая,Внедорожник 5-дверный,Серый,Левый,SALL*************,Не интересует,,,,,8 записей в отчёте Автотеки,,,,,Управление климатом,,,,,,,,,,,,Усилитель руля,,,,,,,,,,,,,,,,,,,,,,,Передние и задние,Передних сидений,,,,,,,,,,
"Land Rover Range Rover Sport 4.2 AT, 2006, 258 000 км","4,8",1500000,"Тюменская обл., Ханты-Мансийский АО, Когалым, Ленинградская ул., 21",2006,I (2005—2009),258 000 км,Оригинал,4+,Не битый,4.2 AT (390 л.с.),4.2 л,Бензин,Автомат,Полный,Limited Edition,Внедорожник 5-дверный,Красный,Левый,SALL*************,Не интересует,Гидравлический,Климат-контроль многозонный,Подушки безопасности,,8 записей в отчёте Автотеки,,,,,,,,,Боковые передние,,,,,,,,,,,,,,,,,,,,,,,,,,,,,,,,,,,,,,,,,,
"Land Rover Range Rover Evoque 2.0 AT, 2019, 122 000 км","5,0",3525000,"Ростовская обл., Ростов-на-Дону, ул. Малиновского, 184",2019,II (2018—2024),122 000 км,,1,Не битый,2.0 TD AT (150 л.с.),2 л,Дизель,Автомат,Полный,,Внедорожник 5-дверный,Красный,Левый,SALZ*************,,,,,,8 записей в отчёте Автотеки,,,,,,,,,,,,,,,,,,,,,,,,,,,,,,,,,,,,,,,,,,,,,,,,,,,
"Land Rover Discovery Sport 2.0 AT, 2017, 109 590 км","4,7",3300000,"Республика Татарстан, Казань, ул. Островского, 22",2017,I (2014—2019),109 590 км,Оригинал,1,Не битый,2.0 TD AT (180 л.с.),2 л,Дизель,Автомат,Полный,HSE Luxury,Внедорожник 5-дверный,Белый,Левый,SALC*************,,,,,,4 записи в отчёте Автотеки,,,,,,,,,,,,,,,,,,,,,,,,,,,,,,,,,,,,,,,,,,,,,,,,,,,
"Land Rover Defender 2.5 MT, 2005, 187 000 км","4,3",1590000,"Свердловская обл., Екатеринбург, мкр-н Юго-Западный, ул. Советских Женщин, 42",2005,I (1983—2007),187 000 км,Дубликат,4+,Не битый,2.5 TD MT (122 л.с.),2.5 л,Дизель,Механика,Полный,Базовая,Внедорожник 5-дверный,Белый,Левый,SALL*************,Не интересует,Гидравлический,,,,6 записей в отчёте Автотеки,,,,,,,,,,,,,,,,,,,,,,,,,,,,,,,,,,,,,,,,,,,,,,,,,,,
"Land Rover Range Rover Sport 3.6 AT, 2009, 250 000 км","4,8",1649000,"Санкт-Петербург, пр-т Энергетиков, 59к2",2009,I (2005—2009),250 000 км,Дубликат,4+,Не битый,3.6 TD AT (272 л.с.),3.6 л,Дизель,Автомат,Полный,HSE,Внедорожник 5-дверный,Красный,Левый,SALL*************,,Электрогидравлический,Климат-контроль многозонный,,Сигнализация,19 записей в отчёте Автотеки,,,,,,,,,,,,,,,,,,,,,,,,,,,,,,,,,,,,,,,,,,,,,,,,,,,
"Land Rover Range Rover 3.0 AT, 2019, 143 000 км","4,7",7800000,"Москва, Волгоградский пр-т, 47",2019,IV рестайлинг (2017—2022),143 000 км,Оригинал,3,Не битый,3.0 TD AT (249 л.с.),3 л,Дизель,Автомат,Полный,VOGUE SE,Внедорожник 5-дверный,Чёрный,Левый,SALG*************,Не интересует,,Атермальное остекление,,Сигнализация,30 записей в отчёте Автотеки,Иммобилайзер,,,,,Кожа,Люк,,,,,,,,,,,,,,,,,,,,,,,,,,,,,,,,,,,,,,,,,,,,
"Land Rover Freelander 2.2 MT, 2007, 316 666 км","4,8",1100000,"Свердловская обл., Екатеринбург, ул. Альпинистов, 77Ж",2007,II (2006—2010),316 666 км,Оригинал,2,Не битый,2.2 TD MT (160 л.с.),2.2 л,Дизель,Механика,Полный,,Внедорожник 5-дверный,Оранжевый,Левый,SALF*************,Не интересует,Гидравлический,Климат-контроль многозонный,,Центральный замок,6 записей в отчёте Автотеки,,,,,,,,,,Фронтальные,,,,,,,,,,,,,,,,,,,,,,,,,,,,,,,,Боковые передние,,,,,,,,,
"Land Rover Range Rover Evoque 2.2 AT, 2012, 125 000 км","4,7",2170000,"Республика Северная Осетия — Владикавказ, ул. Барбашова, 70Б",2012,I (2011—2015),125 000 км,,2,Не битый,2.2 TD AT (150 л.с.),2.2 л,Дизель,Автомат,Полный,British Mono,Внедорожник 5-дверный,Чёрный,Левый,SALV*************,Не интересует,,,,,17 записей в отчёте Автотеки,,,,,,,,,,,,,,,,,,,,,,,,,,,,,,,,,,,,,,,,,,,,,,,,,,,
"Land Rover Freelander 2.2 AT, 2011, 204 000 км","4,7",1680000,"Волгоградская обл., Волгоград, ул. имени Менделеева, 100",2011,II рестайлинг (2010—2012),204 000 км,Оригинал,3,Не битый,2.2 TD AT (190 л.с.),2.2 л,Дизель,Автомат,Полный,,Внедорожник 5-дверный,Чёрный,Левый,SALF*************,Не интересует,Гидравлический,Климат-контроль многозонный,Атермальное остекление,,13 записей в отчёте Автотеки,,,,,,,,,,Фронтальные,Шторки,Боковые задние,,,,,,,,,,,,,,,,,,,,,,,,,,,,,,,,,,,,,,,
"Land Rover Discovery 3.0 AT, 2013, 201 000 км","4,9",3100000,"Республика Северная Осетия — Владикавказ, Владикавказская ул.",2013,IV (2009—2013),201 000 км,Дубликат,3,Не битый,3.0 TD AT (211 л.с.),3 л,Дизель,Автомат,Полный,,Внедорожник 5-дверный,Серый,Левый,SALL*************,Возможен,Гидравлический,Климат-контроль многозонный,Атермальное остекление,Сигнализация,45 записей в отчёте Автотеки,Иммобилайзер,,,,,,,,,,,,,,,,,,,,,,,,,,,,,,,,,,,,,,,,,,,,,,,,,,
"Land Rover Range Rover Sport 3.0 AT, 2020, 97 016 км","5,0",6800000,"Калужская обл., Калуга",2020,II рестайлинг (2017—2022),97 016 км,Электронный,2,Не битый,3.0 TD AT (249 л.с.),3 л,Дизель,Автомат,Полный,SE,Внедорожник 5-дверный,Чёрный,Левый,SALW*************,,,,,,11 записей в отчёте Автотеки,,,,,,,,,,,,,,,,,,,,,,,,,,,,,,,,,,,,,,,,,,,,,,,,,,,
"Land Rover Range Rover 4.4 AT, 2012, 167 000 км","4,9",3200000,"Ставропольский край, Пятигорск, пл. Ленина",2012,III рестайлинг 2 (2009—2012),167 000 км,Оригинал,4+,Не битый,4.4 TD AT (313 л.с.),4.4 л,Дизель,Автомат,Полный,Vogue,Внедорожник 5-дверный,Чёрный,Левый,SALL*************,Возможен,,Управление на руле,,,39 записей в отчёте Автотеки,,,Датчик света,,,,Люк,,,,,,,,,,,,,,,,,,,,,,,,,Салон,,,,,,,,,,,Противоугонная система,,,,,,,,
"Land Rover Discovery Sport 2.0 AT, 2021, 32 000 км","4,7",4950000,"Санкт-Петербург, Звёздная ул.",2021,I рестайлинг (2019—2024),32 000 км,Оригинал,1,Не битый,2.0 TD4 AT (163 л.с.),2 л,Дизель,Автомат,Полный,,Внедорожник 5-дверный,Белый,Левый,SALC*************,Не интересует,Электрический,Климат-контроль многозонный,,Сигнализация,5 записей в отчёте Автотеки,Иммобилайзер,,,,,,,,,,,,,,,,,,,,,,,,,,,,,,,,,,,,,,,,,,,,,,,,,,
"Land Rover Range Rover 4.4 AT, 2019, 7 513 км","4,7",17798000,"Москва, 2-я Фрунзенская ул., 4с3",2019,IV рестайлинг (2017—2022),7 513 км,Оригинал,1,Не битый,4.4 SD AT (339 л.с.),4.4 л,Дизель,Автомат,Полный,,Внедорожник 5-дверный,Зелёный,Левый,SALG*************,Возможен,Электрогидравлический,Климат-контроль многозонный,Атермальное остекление,Сигнализация,5 записей в отчёте Автотеки,Иммобилайзер,,,,,,,,,,,,,,,,,,,,,,,,,,,,,,,,,,,,,,,,,,,,,,,,,,
"Land Rover Range Rover Sport 4.4 AT, 2008, 239 000 км","4,8",1250000,"Краснодарский край, Абинский р-н, Абинское городское поселение, Абинск, ул. Коммунаров",2008,I (2005—2009),239 000 км,Дубликат,4+,Не битый,4.4 AT (299 л.с.),4.4 л,Бензин,Автомат,Полный,HSE,Внедорожник 5-дверный,Чёрный,Левый,SALL*************,Возможен,Гидравлический,Климат-контроль многозонный,,,15 записей в отчёте Автотеки,,,,,,,,,,Фронтальные,Шторки,Боковые задние,,,,,,,,,,,,,,,,,,,,,,,,,,,,,,,,,,,,,,,
"Land Rover Range Rover Sport 3.6 AT, 2007, 230 000 км","4,8",1400000,"Удмуртская Республика, Ижевск, Центральный жилой район",2007,I (2005—2009),230 000 км,Оригинал,4+,Не битый,3.6 TD AT (272 л.с.),3.6 л,Дизель,Автомат,Полный,,Внедорожник 5-дверный,Синий,Левый,SALL*************,Не интересует,,Климат-контроль многозонный,Салон,,10 записей в отчёте Автотеки,,Передних сидений,,,,,,,,,,,Кожаный руль,,,,Помощь при вождении,,,,,,,,,,,,,,,,,,,,,,,,,,,,,,,,,,
"Land Rover Range Rover 5.0 AT, 2013, 200 000 км","5,0",4500000,"Москва, Северо-Восточный административный округ, Ярославский район, 33-й мкр-н",2013,IV (2012—2017),200 000 км,Оригинал,2,Не битый,5.0 AT (510 л.с.),5 л,Бензин,Автомат,Полный,Autobiography,Внедорожник 5-дверный,Чёрный,Левый,SALG*************,Не интересует,Электрический,Климат-контроль многозонный,,,73 записи в отчёте Автотеки,,,,,,,,,,,,,,,,,,,,Центральный замок,,,,,,,,,,,,Противоугонная система,,,,,,,,,,,,,,,,,,,
"Land Rover Range Rover 4.4 AT, 2020, 68 000 км","4,7",13500000,"Санкт-Петербург, пр-т Обуховской Обороны, 86",2020,IV рестайлинг (2017—2022),68 000 км,Электронный,1,Не битый,4.4 SD AT (339 л.с.),4.4 л,Дизель,Автомат,Полный,AUTOBIOGRAPHY,Внедорожник 5-дверный,Чёрный,Левый,SALG*************,Не интересует,Электрогидравлический,Климат-контроль многозонный,Атермальное остекление,Сигнализация,14 записей в отчёте Автотеки,Иммобилайзер,,,,,,,,,,,,,,,,,,,,,,,,,,,,,,,,,,,,,,,,,,,,,,,,,,
"Land Rover Freelander 1.8 MT, 2004, 160 000 км","4,7",1200000,"Волгоградская обл., Волгоград, ул. Хользунова, 36/4",2004,I рестайлинг (2003—2006),160 000 км,Оригинал,2,Не битый,1.8 MT (117 л.с.),1.8 л,Бензин,Механика,Полный,Базовая,Внедорожник 5-дверный,Зелёный,Левый,SALL*************,Не интересует,Гидравлический,Кондиционер,,,13 записей в отчёте Автотеки,,,,,,,,,,,,,,,,,Заднего стекла,,,,,,,,Передних сидений,,,,,,,,,,,,,,,Передние и задние,Светлый,,,,,,,,,,
"Land Rover Range Rover Sport 2.7 AT, 2009, 280 000 км","4,8",1690000,"Московская обл., Раменский г.о., Раменское, Комсомольская пл.",2009,I (2005—2009),280 000 км,Оригинал,4+,Не битый,2.7 TD AT (190 л.с.),2.7 л,Дизель,Автомат,Полный,HSE,Внедорожник 5-дверный,Синий,Левый,SALL*************,Не интересует,Гидравлический,Климат-контроль многозонный,Атермальное остекление,,9 записей в отчёте Автотеки,,,,,,,,,,Фронтальные,Шторки,Боковые задние,,,,,,,,,,,,,,,,,,,,,,,,,,,,,,,,,,,,,,,
"Land Rover Range Rover Velar 2.0 AT, 2022, 7 000 км","4,6",8499000,"Санкт-Петербург, Комендантский пр-т, 44к2",2022,I (2017—2024),7 000 км,Электронный,1,Не битый,P250 2.0 AT (250 л.с.),2 л,Бензин,Автомат,Полный,R-Dynamic SE,Внедорожник 5-дверный,Красный,Левый,SALY*************,Возможен,Гидравлический,Климат-контроль многозонный,Противоугонная система,,Проверить в Автотеке,,,,,,,,,,,,,,,,,,,,Центральный замок,,,,,,,,,,,,,,,,,,,,,,,,,,,,,,,
"Land Rover Discovery 2.7 AT, 2008, 320 862 км","4,7",1350000,"Московская обл., Солнечногорск, Советская пл.",2008,III (2004—2009),320 862 км,Оригинал,3,Не битый,2.7 TD AT (190 л.с.),2.7 л,Дизель,Автомат,Полный,HSE,Внедорожник 5-дверный,Золотой,Левый,SALL*************,Не интересует,,,,,12 записей в отчёте Автотеки,,,,,,,,,,,,,,,,,,,,,,,,,,,,,,,,,,,,,,,,,,,,,,,,,,,
"Land Rover Range Rover 3.0 AT, 2019, 159 000 км","4,7",8499000,"Москва, Северный административный округ, район Левобережный",2019,IV рестайлинг (2017—2022),159 000 км,Оригинал,2,Не битый,3.0 SD AT (275 л.с.),3 л,Дизель,Автомат,Полный,VOGUE,Внедорожник 5-дверный,Чёрный,Левый,SALG*************,Возможен,Электрический,Климат-контроль многозонный,Атермальное остекление,Сигнализация,7 записей в отчёте Автотеки,,,,,,,,,,,,,,,,,,,,,,,,,,,,,,,,,,,,,,,,,,,,,,,,,,,
"Land Rover Range Rover Sport 3.0 AT, 2014, 151 000 км","5,0",4500000,"Волгоградская обл., Камышин, квартал Промзона",2014,II (2013—2017),151 000 км,Оригинал,2,Не битый,3.0 TD AT (249 л.с.),3 л,Дизель,Автомат,Полный,,Внедорожник 5-дверный,Белый,Левый,SALV*************,Не интересует,,,,,,,,,,,,,,,,,,,,,,,,,,,,,,,,,,,,,,,,,,,,,,,,,,,,,,,,
"Land Rover Range Rover Sport 5.0 AT, 2012, 152 700 км","4,7",2990000,"Москва, Пятницкое ш., 18",2012,I рестайлинг (2009—2013),152 700 км,Дубликат,4+,Не битый,5.0 AT (510 л.с.),5 л,Бензин,Автомат,Полный,Supercharged,Внедорожник 5-дверный,Красный,Левый,SALL*************,Не интересует,,Климат-контроль однозонный,Салон,,31 запись в отчёте Автотеки,,,,,,,,,,Фронтальные,Шторки,Боковые задние,Кожаный руль,,,,,,,,,,,,,,,,,,,,,,,,,,,,,,,,,,,,,,
"Land Rover Range Rover 3.9 AT, 1997, 223 000 км","4,9",300000,"Московская обл., г.о. Пушкинский, Красноармейск, Красноармейское ш.",1997,II (1994—2002),223 000 км,Оригинал,3,Не битый,3.9 AT (190 л.с.),3.9 л,Бензин,Автомат,Полный,Базовая,Внедорожник 5-дверный,Чёрный,Левый,SALL*************,Не интересует,Гидравлический,Климат-контроль многозонный,Атермальное остекление,,2 записи в отчёте Автотеки,,,,,,Кожа,Обогрев,,,,,,,,,Электростеклоподъемники,,,,,,,,,,Электропривод,,,,,,,,,,,,,,,,,,,,,,,,,
"Land Rover Range Rover Sport 3.0 AT, 2023 Новый",Отсутствует,18990000,"Пермский край, Пермь, ш. Космонавтов, 399Б/1",2023,III (2022—2024),,,,Не битый,D300 3.0 MHEV AT (300 л.с.),3 л,Дизель,Автомат,Полный,,Внедорожник 5-дверный,Чёрный,Левый,SAL1*************,,,Климат-контроль многозонный,,,,,,,,,Кожа,Противоугонная система,,,,,,,,,,,,,Центральный замок,,,,,,,,,,,,,,,,,,,,,,,,,,,,,,,
"Land Rover Discovery 3.0 AT, 2015, 125 000 км","5,0",3400000,"Рязанская обл., Рязань, район Южный Промышленный узел",2015,IV рестайлинг (2013—2016),125 000 км,Оригинал,2,Не битый,3.0 TD AT (211 л.с.),3 л,Дизель,Автомат,Полный,,Внедорожник 5-дверный,Белый,Левый,SALL*************,Не интересует,,Управление на руле,,,7 записей в отчёте Автотеки,,,,,,,Аудиосистема8+ колонок,,,,,,,,,,,,,,,,,,,,,,,,,Салон,,,,,,,,,,,,Фары,,,,,,,
"Land Rover Range Rover Evoque 2.0 AT, 2014, 75 000 км","4,7",3000000,"Республика Крым, г.о. Феодосия, с. Ближнее, Феодосийская ул., 10",2014,I (2011—2015),75 000 км,Оригинал,2,Не битый,2.0 AT (240 л.с.),2 л,Бензин,Автомат,Полный,,Внедорожник 5-дверный,Белый,Левый,SALV*************,Возможен,,,,,7 записей в отчёте Автотеки,,,,,,,,,,,,,,,,,,,,,,,,,,,,,,,,,,,,,,,,,,,,,,,,,,,
"Land Rover Discovery 4.0 AT, 2000, 200 000 км","5,0",749000,"Краснодарский край, Темрюкский р-н, станица Тамань, ул. Пушкина, 5",2000,II (1998—2004),200 000 км,Дубликат,3,Не битый,4.0 AT (185 л.с.),4 л,Бензин,Автомат,Полный,Базовая,Внедорожник 5-дверный,Зелёный,Левый,SALL*************,Возможен,,,,,9 записей в отчёте Автотеки,,,,,,,,,,,,,,,,,,,,,,,,,,,,,,,,,,,,,,,,,,,,,,,,,,,
"Land Rover Discovery Sport 2.0 AT, 2020, 90 694 км","4,7",3795000,"Калининградская обл., Калининград, Московский пр-т, 242",2020,I рестайлинг (2019—2024),90 694 км,Электронный,1,Не битый,2.0 TD4 AT (240 л.с.),2 л,Дизель,Автомат,Полный,Standard,Внедорожник 5-дверный,Чёрный,Левый,SALC*************,Возможен,,,,,Проверить в Автотеке,,,,,,,,,,,,,,,,,,,,,,,,,,,,,,,,,,,,,,,,,,,,,,,,,,,
"Land Rover Range Rover Sport 3.0 AT, 2013, 270 000 км","4,7",2053427,"Ростовская обл., Ростов-на-Дону, пл. Советов",2013,I рестайлинг (2009—2013),270 000 км,Оригинал,4+,Не битый,3.0 TD AT (245 л.с.),3 л,Дизель,Автомат,Полный,SE,Внедорожник 5-дверный,Коричневый,Левый,SALL*************,Не интересует,Гидравлический,Климат-контроль многозонный,,,50 записей в отчёте Автотеки,,,,,,,,,,Фронтальные,Шторки,Боковые задние,,,,,,,,,,,,,,,,,,,,,,,,,,,,,,,,,,,,,,,
"Land Rover Range Rover Evoque 2.0 AT, 2012, 101 000 км","4,7",2300000,"Москва, Дубравная ул.",2012,I (2011—2015),101 000 км,Оригинал,2,Не битый,2.0 AT (240 л.с.),2 л,Бензин,Автомат,Полный,Prestige,Внедорожник 3-дверный,Белый,Левый,SALV*************,Не интересует,,,,,24 записи в отчёте Автотеки,,,,,,,,,,,,,,,,,,,,,,,,,,,,,,,,,,,,,,,,,,,,,,,,,,,
"Land Rover Range Rover 3.0 AT, 2015, 170 000 км","5,0",4200000,"Москва, 5-я Кабельная ул., 2с6",2015,IV (2012—2017),170 000 км,Оригинал,4+,Не битый,3.0 TD AT (249 л.с.),3 л,Дизель,Автомат,Полный,Vogue,Внедорожник 5-дверный,Чёрный,Левый,SALG*************,Не интересует,Электрогидравлический,Климат-контроль многозонный,,,30 записей в отчёте Автотеки,,,,,,,,,,Фронтальные,Шторки,Боковые задние,,,,,,,,,,,,,,,,,,,,,,,,,,,,,,,,,,,,,,,
"Land Rover Defender 2.2 MT, 2009, 60 000 км",Отсутствует,3500000,"Тюменская обл., Ямало-Ненецкий АО, Ноябрьск",2009,I рестайлинг (2007—2016),60 000 км,Оригинал,2,Не битый,2.2 TD MT (122 л.с.),2.2 л,Дизель,Механика,Полный,Base,Пикап,Чёрный,Левый,SALL*************,Не интересует,,,,,Проверить в Автотеке,,,,,,Комбинированный,,,,,,,,,,,,,,,,,Тёмный,,Передних сидений,,,,,,,,,,,,,,,Только передние,,,,,,,,,,,
"Land Rover Range Rover Sport 5.0 AT, 2014, 233 000 км","5,0",4150000,"Москва, ул. Руднёвка, 7",2014,II (2013—2017),233 000 км,Дубликат,4+,Не битый,5.0 AT (510 л.с.),5 л,Бензин,Автомат,Полный,Autobiography,Внедорожник 5-дверный,Белый,Левый,SALW*************,Не интересует,,Управление на руле,,,50 записей в отчёте Автотеки,,,,,,Кожаный руль,,,,,,,,,,,,,,,Электростеклоподъемники,,,,,,,,,,,,,,,,,,,,,,,,,,,,,,
"Land Rover Freelander 2.2 AT, 2007, 210 000 км","4,8",1488000,"Москва, Окружной пр.",2007,II (2006—2010),210 000 км,Оригинал,4+,Не битый,2.2 TD AT (160 л.с.),2.2 л,Дизель,Автомат,Полный,HSE,Внедорожник 5-дверный,Серый,Левый,SALF*************,,Гидравлический,Климат-контроль многозонный,Подушки безопасности,,16 записей в отчёте Автотеки,,,,,,,,,Шторки,,,Боковые задние,,,,,,,,,,,,,,,,,,,,,,,,,,,,,,,,,,,,,,,
"Land Rover Defender 2.2 MT, 2008, 110 000 км","5,0",2249999,"Нижегородская обл., Нижний Новгород, пл. Минина и Пожарского",2008,I рестайлинг (2007—2016),110 000 км,Оригинал,1,Не битый,2.2 TD MT (122 л.с.),2.2 л,Дизель,Механика,Полный,,Внедорожник 5-дверный,Зелёный,Левый,SALL*************,Не интересует,,,,,9 записей в отчёте Автотеки,,,,,,,,,,,,,,,,,,,,,,,,Зимние шины в комплекте,,,,,,,,,,,,,,,,,,,,,,,,,,,
"Land Rover Range Rover Sport 3.0 AT, 2018, 93 560 км","5,0",6700000,"Москва, Яковоапостольский пер.",2018,II рестайлинг (2017—2022),93 560 км,,3,Не битый,3.0 S/C AT (380 л.с.),3 л,Бензин,Автомат,Полный,AUTOBIOGRAPHY DYNAMIC,Внедорожник 5-дверный,Серый,Левый,SALW*************,Возможен,,Управление на руле,,,33 записи в отчёте Автотеки,,,,,,,Люк,,,Фронтальные,Шторки,Боковые задние,,,,,,,,,,,,,,,,,,,,Салон,,,,,,,,,,,,,,,,,,,
"Land Rover Range Rover Evoque 2.0 AT, 2012, 132 500 км","4,7",1999900,"Санкт-Петербург, Южное ш., 37к1",2012,I (2011—2015),132 500 км,,4+,Не битый,2.0 AT (240 л.с.),2 л,Бензин,Автомат,Полный,Prestige,Внедорожник 5-дверный,Зелёный,Левый,SALV*************,,,,,,51 запись в отчёте Автотеки,,,,,,,,,,,,,,,,,,,,,,,,,Заднего стекла,,,,,,,,Распред. тормозных усилий,,,,,,,,Передних сидений,,,,Радио,,,,,,
"Land Rover Discovery 3.0 AT, 2012, 202 000 км","4,9",2500000,"Санкт-Петербург, исторический район Северо-Приморская часть",2012,IV (2009—2013),202 000 км,Электронный,3,Не битый,3.0 TD AT (245 л.с.),3 л,Дизель,Автомат,Полный,HSE,Внедорожник 5-дверный,Фиолетовый,Левый,SALL*************,Не интересует,Гидравлический,Климат-контроль многозонный,,,23 записи в отчёте Автотеки,,,,,,,,,,Фронтальные,Шторки,Боковые задние,,,,,,,,,,,,,,,,,,,,,,,,,,,,,,,,,,,,,,,
"Land Rover Range Rover Evoque 2.2 AT, 2012, 221 000 км","4,7",2030000,"Москва, Перовская ул., 1",2012,I (2011—2015),221 000 км,Оригинал,3,Не битый,2.2 TD AT (150 л.с.),2.2 л,Дизель,Автомат,Полный,Prestige,Внедорожник 5-дверный,Белый,Левый,SALV*************,Не интересует,Гидравлический,Климат-контроль многозонный,Атермальное остекление,,19 записей в отчёте Автотеки,,,,,,,,,,Фронтальные,Шторки,Боковые задние,,,,,,,,,,,,,,,,,,,,,,,,,,,,,,,,,,,,,,,
"Land Rover Range Rover 4.4 AT, 2012, 240 000 км","4,9",2500000,"Владимирская обл., Владимир, Электрозаводская ул., 5",2012,III рестайлинг 2 (2009—2012),240 000 км,Оригинал,3,Не битый,4.4 TD AT (313 л.с.),4.4 л,Дизель,Автомат,Полный,,Внедорожник 5-дверный,Белый,Левый,SALL*************,Не интересует,,,,,21 запись в отчёте Автотеки,,,,,,,,,,,,,,,,,,,,,,,,,,,,,,,,,,,,,,,,,,,,,,,,,,,
"Land Rover Range Rover Sport 5.0 AT, 2011, 218 000 км","4,7",1950000,"Ленинградская обл., Всеволожский р-н, Бугровское сельское поселение, пос. Бугры, Шоссейная ул., 7",2011,I рестайлинг (2009—2013),218 000 км,,3,Не битый,5.0 AT (510 л.с.),5 л,Бензин,Автомат,Полный,Supercharged,Внедорожник 5-дверный,Белый,Левый,SALL*************,Возможен,,Управление на руле,,,59 записей в отчёте Автотеки,,,,,,Кожаный руль,,,,Фронтальные,Шторки,Боковые задние,,,,,,,,,,,,,,,,,,,,,,,,,,,,,,,,,,,,,,,
"Land Rover Range Rover Sport 3.0 AT, 2012, 207 000 км","4,7",2300000,"Воронежская обл., Россошанский р-н, Россошь, пл. Ленина",2012,I рестайлинг (2009—2013),207 000 км,Оригинал,4+,Не битый,3.0 TD AT (245 л.с.),3 л,Дизель,Автомат,Полный,HSE,Внедорожник 5-дверный,Чёрный,Левый,SALL*************,,Гидравлический,Климат-контроль многозонный,Атермальное остекление,Центральный замок,49 записей в отчёте Автотеки,,,,,,,,,,,,,,,,,,,,,,,,,,,,,,,,,,,,,,,,,,,,,,,,,,,
"Land Rover Discovery 3.0 AT, 2014, 305 000 км","5,0",3000000,"Краснодарский край, г.о. Сочи, с. Пластунка, ул. Джапаридзе",2014,IV рестайлинг (2013—2016),305 000 км,Оригинал,3,Не битый,3.0 TD AT (249 л.с.),3 л,Дизель,Автомат,Полный,HSE Luxury,Внедорожник 5-дверный,Белый,Левый,SALL*************,Не интересует,Гидравлический,Климат-контроль многозонный,Противоугонная система,,14 записей в отчёте Автотеки,Иммобилайзер,,,,,,,,,,,,,,,,,,,,,,,,,,,,,,,,,,,,,,,,,,,,,,,,,,
"Land Rover Range Rover Sport 3.6 AT, 2010, 186 000 км","4,7",2000000,"Санкт-Петербург, Средний пр-т Васильевского острова, 100",2010,I рестайлинг (2009—2013),186 000 км,Дубликат,4+,Не битый,3.6 TD AT (272 л.с.),3.6 л,Дизель,Автомат,Полный,,Внедорожник 5-дверный,Белый,Левый,SALL*************,Не интересует,Гидравлический,,,,43 записи в отчёте Автотеки,,,,,,Кожа,,,,,,,,,,,,,,,,,Цветной,,Передних сидений,Руля,,,Зеркал,,,,,,,,,,,,,,,,,,,,,,
"Land Rover Range Rover Velar 2.0 AT, 2019, 8 133 км","4,6",5900000,"Краснодарский край, Сочи, посёлок Кудепста",2019,I (2017—2024),8 133 км,Оригинал,1,Не битый,D180 2.0 AT (180 л.с.),2 л,Дизель,Автомат,Полный,R-Dynamic Base,Внедорожник 5-дверный,Голубой,Левый,SALY*************,Не интересует,,Климат-контроль многозонный,,,4 записи в отчёте Автотеки,,Передних сидений,,,,,,,,,,,,,,,Рулевой колонки,,,,,,,,,,,,,,,,,,,,,,,,,,,,,,,,,,
"Land Rover Freelander 2.2 AT, 2007, 230 000 км","4,8",1300000,"Московская обл., Дмитровский г.о., А-104, 75-й километр",2007,II (2006—2010),230 000 км,Дубликат,4+,Не битый,2.2 TD AT (160 л.с.),2.2 л,Дизель,Автомат,Полный,SE,Внедорожник 5-дверный,Зелёный,Левый,SALF*************,,,,,,9 записей в отчёте Автотеки,,,,,,,,,,,,,,,,,Заднего стекла,,,,,,,,Передних сидений,,,,,,,,Антиблокировка тормозов,Курсовая устойчивость,,,,,,Передние и задние,,,,,,,,,,,
"Land Rover Range Rover 3.0 AT, 2014, 240 000 км","5,0",4123456,"Краснодарский край, Краснодар, Командорская ул.",2014,IV (2012—2017),240 000 км,Оригинал,2,Не битый,3.0 AT (340 л.с.),3 л,Бензин,Автомат,Полный,,Внедорожник 5-дверный,Чёрный,Левый,SALG*************,Не интересует,,,,,15 записей в отчёте Автотеки,,,,,,,Люк,,,,,,,,,,,,,,,,,,,,,,,,,,Антиблокировка тормозов,Курсовая устойчивость,,,,,,,,,,,,Экстренное торможение,Салон,,,,
"Land Rover Range Rover Sport 3.0 AT, 2013, 217 850 км","4,7",2230000,"Самарская обл., Самара, Юзовская ул., 3Г",2013,I рестайлинг (2009—2013),217 850 км,Электронный,4+,Не битый,3.0 TD AT (245 л.с.),3 л,Дизель,Автомат,Полный,HSE,Внедорожник 5-дверный,Серый,Левый,SALL*************,Не интересует,Гидравлический,Климат-контроль многозонный,,Центральный замок,5 записей в отчёте Автотеки,,,,,,,,,,,,,,,,,,,,,,,,,,,,,,,,,,,,,,,,,,,,,,,,,,,
"Land Rover Freelander 2.2 MT, 2008, 306 000 км","4,8",800000,"Республика Карелия, Петрозаводский г.о., Петрозаводск, Боровая ул.",2008,II (2006—2010),306 000 км,Оригинал,4+,Не битый,2.2 TD MT (160 л.с.),2.2 л,Дизель,Механика,Полный,S,Внедорожник 5-дверный,Чёрный,Левый,SALF*************,Не интересует,,,,,7 записей в отчёте Автотеки,,,Датчик дождя,,Управление климатом,,,,,,,,,,,,,,,,,,,,,,,,,,,,,,Парктроник задний,,,,,,,,,,,,,Усилитель руля,,,
"Land Rover Range Rover Velar 3.0 AT, 2020, 37 000 км","4,6",5870000,Новосибирская обл.,2020,I (2017—2024),37 000 км,Электронный,1,Не битый,P340 3.0 AT (340 л.с.),3 л,Бензин,Автомат,Полный,R-Dynamic S,Внедорожник 5-дверный,Белый,Левый,SALY*************,Не интересует,,Климат-контроль многозонный,,Сигнализация,,Иммобилайзер,,,,,,,,,,,,,,,,,,,,,,,,,,,,,,,,,,,,,,,,,,,,,,,,,,
"Land Rover Range Rover Velar 2.0 AT, 2019, 71 000 км","4,6",5350000,"Воронежская обл., Воронеж, Новосибирская ул., 2Г",2019,I (2017—2024),71 000 км,Оригинал,2,Не битый,D180 2.0 AT (180 л.с.),2 л,Дизель,Автомат,Полный,,Внедорожник 5-дверный,Синий,Левый,SALY*************,Не интересует,Электрический,Климат-контроль многозонный,Противоугонная система,,7 записей в отчёте Автотеки,,,,,,,,,,,,,,,,,,,,Центральный замок,,,,,,,,,,,,,,,,,,,,,,,,,,,,,,,
"Land Rover Range Rover 4.4 AT, 2010, 194 000 км","4,9",1800000,"Санкт-Петербург, Дворцовая пл.",2010,III рестайлинг 2 (2009—2012),194 000 км,Оригинал,3,Не битый,4.4 TD AT (313 л.с.),4.4 л,Дизель,Автомат,Полный,,Внедорожник 5-дверный,Белый,Левый,SALL*************,Возможен,Гидравлический,Климат-контроль многозонный,Атермальное остекление,Сигнализация,61 запись в отчёте Автотеки,Иммобилайзер,,,,,,,,,,,,,,,,,,,,,,,,,,,,,,,,,,,,,,,,,,,,,,,,,,
"Land Rover Range Rover 4.2 AT, 2006, 213 000 км","4,8",1350000,"Ростовская обл., Ростов-на-Дону, ул. Ерёменко",2006,III рестайлинг (2005—2009),213 000 км,Оригинал,3,Не битый,4.2 AT (396 л.с.),4.2 л,Бензин,Автомат,Полный,Supercharged,Внедорожник 5-дверный,Серебряный,Левый,SALL*************,Возможен,Гидравлический,Управление на руле,,,34 записи в отчёте Автотеки,,,,,,,,,,,,,,,,,,,,,,,,,,,,,,,,,,,,,,,,,,,,,,,,,,,
"Land Rover Discovery Sport 2.0 AT, 2017, 92 000 км","4,7",2300000,"Липецкая обл., Липецк, СНТ Металлург-1, квартал 3А, 39",2017,I (2014—2019),92 000 км,Оригинал,1,Не битый,2.0 AT (240 л.с.),2 л,Бензин,Автомат,Полный,HSE,Внедорожник 5-дверный,Чёрный,Левый,SALC*************,Не интересует,,Климат-контроль многозонный,Салон,,,,,,,,,,,,Фронтальные,Шторки,Боковые задние,,,,,,,,,,,,,,,,,,,,,,,,,,,,,,,,,,,,,Кожаный руль,,
"Land Rover Range Rover 4.4 AT, 2022, 3 000 км","4,6",31400000,"Москва, Погодинская ул., 4",2022,V (2021—2024),3 000 км,Оригинал,1,Не битый,P530 4.4 AT (530 л.с.),4.4 л,Бензин,Автомат,Полный,Autobiography L (7 мест),Внедорожник 5-дверный,Чёрный,Левый,SALK*************,Не интересует,,,,,Проверить в Автотеке,,,,,,,,,,,,,,,,,,,,,,,,,,,,,,,,,,,,,,,,,,,,,,,,,,,
"Land Rover Range Rover Sport 3.0 AT, 2015, 142 000 км","5,0",4350000,"Санкт-Петербург, пос. Парголово, Выборгское ш.",2015,II (2013—2017),142 000 км,,2,Не битый,3.0 TD AT (249 л.с.),3 л,Дизель,Автомат,Полный,SE,Внедорожник 5-дверный,Белый,Левый,SALW*************,Не интересует,Электрический,Климат-контроль многозонный,Противоугонная система,,13 записей в отчёте Автотеки,,,,,,,,,,,,,,,,,,,,Центральный замок,,,,,,,,,,,Спутник,,,,,,,,,,,,,,,,,,,,
"Land Rover Discovery 3.0 AT, 2015, 160 000 км","5,0",3550000,"Москва, Западный административный округ, район Кунцево, 48-й квартал",2015,IV рестайлинг (2013—2016),160 000 км,Оригинал,1,Не битый,3.0 TD AT (211 л.с.),3 л,Дизель,Автомат,Полный,,Внедорожник 5-дверный,Белый,Левый,SALL*************,Не интересует,,,,,6 записей в отчёте Автотеки,,,,,,,,,,,,,,,,,,,,,,,,,,,,,,,,,,,,,,,,,,,,,,,,,,,
"Land Rover Range Rover Sport 3.0 AT, 2014, 122 000 км","5,0",3799999,"Республика Крым, Симферополь, ул. Дмитрия Ульянова, 64В",2014,II (2013—2017),122 000 км,Дубликат,4+,Не битый,3.0 TD AT (249 л.с.),3 л,Дизель,Автомат,Полный,SE,Внедорожник 5-дверный,Чёрный,Левый,SALW*************,Возможен,,,,,12 записей в отчёте Автотеки,,,,,,,,,,,,,,,,,,,,,,,,,,,,,,,,,,,,,,,,,,,,,,,,,,,
"Land Rover Range Rover Sport 3.0 AT, 2015, 123 630 км","5,0",4430000,"Самарская обл., Самара, ул. Мусоргского, 1А",2015,II (2013—2017),123 630 км,Оригинал,3,Не битый,3.0 TD AT (249 л.с.),3 л,Дизель,Автомат,Полный,SE,Внедорожник 5-дверный,Чёрный,Левый,SALW*************,Не интересует,Электрический,Климат-контроль многозонный,,,8 записей в отчёте Автотеки,,,,,,,,,,,,,,,,,,,,,,,,,,,,,,,,,,,,,,,,,Передних сидений,,,,,,,,,,
"Land Rover Range Rover Sport 4.4 AT, 2006, 270 000 км","4,8",1200000,"Республика Дагестан, Махачкала, пр-т Насрутдинова",2006,I (2005—2009),270 000 км,Дубликат,4+,Не битый,4.4 AT (299 л.с.),4.4 л,Бензин,Автомат,Полный,HSE,Внедорожник 5-дверный,Красный,Левый,SALL*************,Не интересует,Гидравлический,Управление на руле,,,22 записи в отчёте Автотеки,,,,,,,,,,,,,,,,,Складывания зеркал,,,,,,,,,,,,,,,,,,,,,,,Передние и задние,Передних сидений,,,,,,,,,,
"Land Rover Range Rover 3.6 AT, 2008, 197 000 км","4,8",1500000,"Архангельская обл., Коряжма, ул. Кирова, 27",2008,III рестайлинг (2005—2009),197 000 км,Оригинал,3,Не битый,3.6 TD AT (272 л.с.),3.6 л,Дизель,Автомат,Полный,TDV8 Vogue,Внедорожник 5-дверный,Чёрный,Левый,SALL*************,Не интересует,Гидравлический,Климат-контроль многозонный,,,30 записей в отчёте Автотеки,,,,,,,,,,Фронтальные,Шторки,Боковые задние,,,,,,,,,,,,,,,,,,,,,,,,,,,,,,,,,,,,,,,
"Land Rover Range Rover Velar 3.0 AT, 2019, 53 000 км","4,6",6350000,"Республика Татарстан, Казань, Аграрная ул., 2",2019,I (2017—2024),53 000 км,,1,Не битый,D300 3.0 AT (300 л.с.),3 л,Дизель,Автомат,Полный,,Внедорожник 5-дверный,Серый,Левый,SALY*************,Не интересует,,,,,,,,,,,,,,,,,,,,,,,,,,,,,,,,,,,,,,,,,,,,,,,,,,,,,,,,
"Land Rover Range Rover 5.0 AT, 2018, 98 362 км","4,7",11000000,"Республика Татарстан, Казань, пр-т Победы",2018,IV рестайлинг (2017—2022),98 362 км,Оригинал,2,Не битый,5.0 S/C AT (565 л.с.),5 л,Бензин,Автомат,Полный,SVAUTOBIOGRAPHY DYNAMIC,Внедорожник 5-дверный,Синий,Левый,SALG*************,Не интересует,Гидравлический,Климат-контроль многозонный,,Сигнализация,4 записи в отчёте Автотеки,Спутник,,,,,,,,,,,,,,,,,,,,,,,,,,,,,,,,,,,,,,,,,,,,,,,,,,
"Land Rover Range Rover Evoque 2.2 AT, 2015, 79 000 км","4,7",3250000,"Брянская обл., Брянск, ул. Брянского Фронта, 18",2015,I (2011—2015),79 000 км,Оригинал,2,Не битый,2.2 TD AT (190 л.с.),2.2 л,Дизель,Автомат,Полный,Dynamic,Внедорожник 5-дверный,Чёрный,Левый,SALV*************,Не интересует,Гидравлический,Управление на руле,,,11 записей в отчёте Автотеки,,,,,,,,,,Фронтальные,Шторки,Боковые задние,,,,,,,,,,,,,,,,,,,,,,,,,,,,,,,,,,,,,,,
"Land Rover Range Rover Evoque 2.2 AT, 2012, 237 000 км","4,7",2000000,"Курганская обл., Кетовский муниципальный округ, с. Лесниково, Лучистая ул., 27",2012,I (2011—2015),237 000 км,Оригинал,3,Не битый,2.2 TD AT (150 л.с.),2.2 л,Дизель,Автомат,Полный,,Внедорожник 3-дверный,Белый,Левый,SALV*************,,Гидравлический,Управление на руле,,,27 записей в отчёте Автотеки,,,,,,,,,,Фронтальные,Шторки,Боковые задние,,,,,,,,,,,,,,,,,,,,,,,,,,,,,,,,,,,,,,,
"Land Rover Range Rover Velar 2.0 AT, 2019, 94 000 км","4,6",4650000,"Москва, Можайское ш.",2019,I (2017—2024),94 000 км,Оригинал,1,Не битый,D180 2.0 AT (180 л.с.),2 л,Дизель,Автомат,Полный,,Внедорожник 5-дверный,Красный,Левый,SALY*************,Не интересует,,,,,9 записей в отчёте Автотеки,,,Датчик дождя,Камера заднего вида,,Кожаный руль,,,,,,,,,,,,,,,,,,,,,,,,,,,,,Парктроник задний,,,,,,,,,,,,,Бортовой компьютер,,,
"Land Rover Range Rover 3.6 AT, 2007, 172 000 км","4,8",2100000,"Самарская обл., Самара, Кировский район, посёлок Чкалова",2007,III рестайлинг (2005—2009),172 000 км,Оригинал,3,Не битый,3.6 TD AT (272 л.с.),3.6 л,Дизель,Автомат,Полный,TDV8 Vogue,Внедорожник 5-дверный,Чёрный,Левый,SALL*************,Не интересует,Гидравлический,Климат-контроль многозонный,Противоугонная система,,8 записей в отчёте Автотеки,,,,,,,,,,,,,,,,,,,,Центральный замок,,,,,,,,,,,,,,,,,,,,,,,,,,,,,,,
"Land Rover Range Rover Sport 3.0 AT, 2014, 107 500 км","5,0",4150000,"Москва, 1-й пер. Тружеников",2014,II (2013—2017),107 500 км,Оригинал,4+,Не битый,3.0 AT (340 л.с.),3 л,Бензин,Автомат,Полный,HSE Dynamic,Внедорожник 5-дверный,Серебряный,Левый,SALW*************,Не интересует,Электрический,Климат-контроль многозонный,Противоугонная система,,10 записей в отчёте Автотеки,,,,,,,,,,,,,,,,,,,,Центральный замок,,,,,,,,,,,,,,,,,,,,,,,,,,,,,,,
"Land Rover Range Rover Evoque 2.0 AT, 2013, 140 000 км","4,7",1845000,"Курганская обл., Курган, пр-т Машиностроителей, 38Д",2013,I (2011—2015),140 000 км,,4+,Не битый,2.0 AT (240 л.с.),2 л,Бензин,Автомат,Полный,,Внедорожник 3-дверный,Белый,Левый,SALV*************,,,,,,26 записей в отчёте Автотеки,,,,,,,,,,,,,,,,,,,,,,,,,,,,,,,,,,,,,,,,,,,,,,,,,,,
"Land Rover Range Rover 5.0 AT, 2019, 42 800 км","4,7",14999000,"Москва, Арбатско-Покровская линия",2019,IV рестайлинг (2017—2022),42 800 км,,1,Не битый,5.0 S/C AT (565 л.с.),5 л,Бензин,Автомат,Полный,SVAUTOBIOGRAPHY DYNAMIC,Внедорожник 5-дверный,Чёрный,Левый,SALG*************,Не интересует,,Климат-контроль многозонный,,,25 записей в отчёте Автотеки,,Рулевой колонки,,,,,,,,,,,Люк,,,,,,,,,,,,,,,,Светодиодные,,,Салон,,,,,,,,,,,,,,,,,,Адаптивное освещение,Обогрев
"Land Rover Range Rover Velar 3.0 AT, 2022, 43 км","4,6",10990000,"Санкт-Петербург, Московское ш.",2022,I (2017—2024),43 км,Электронный,1,Не битый,D300 3.0 AT (300 л.с.),3 л,Дизель,Автомат,Полный,R-Dynamic S,Внедорожник 5-дверный,Чёрный,Левый,SALY*************,,Электрический,Климат-контроль многозонный,Атермальное остекление,Сигнализация,2 записи в отчёте Автотеки,Иммобилайзер,,,,,,,,,,,,,,,,,,,,,,,,,,,,,,,,,,,,,,,,,,,,,,,,,,
"Land Rover Freelander 2.2 AT, 2007, 326 600 км","4,8",919000,"Московская обл., Электросталь, Советская ул., 32",2007,II (2006—2010),326 600 км,Оригинал,4+,Не битый,2.2 TD AT (160 л.с.),2.2 л,Дизель,Автомат,Полный,,Внедорожник 5-дверный,Красный,Левый,SALF*************,Не интересует,,,,,2 записи в отчёте Автотеки,,,,,,,,,,,,,,,,,,,,,,,,,,,,,,,,,,,,,,,,,,,,,,,,,,,
"Land Rover Range Rover Evoque 2.0 AT, 2020, 26 110 км","5,0",5300000,"Челябинская область, Челябинск, ул. Цвиллинга, 25",2020,II (2018—2024),26 110 км,Электронный,1,Не битый,2.0 TD AT (150 л.с.),2 л,Дизель,Автомат,Полный,S,Внедорожник 5-дверный,Белый,Левый,SALZ*************,Не интересует,Электрический,Климат-контроль многозонный,Атермальное остекление,Сигнализация,Проверить в Автотеке,Иммобилайзер,,,,,,,,,,,,,,,,,,,,,,,,,,,,,,,,,,,,,,,,,,,,,,,,,,
